"country","country_code","full_name","organization","organization_id","last_name","phone_number","id","department","first_name","email"
"Canada","CA","Tyson, Rowan","Avery Dennison Corporation","102","Tyson","555-888-6470","1","Strategy","Rowan","rowan.tyson@example.com"
"India","IN","Clim, Thorn","CMS Energy Corp.","201","Clim","555-214-1464","2","Licensing","Thorn","thorn.clim@example.com"
"United States","US","Ash, Sarajane","Ohio Casualty Corp.","610","Ash","555-678-3240","3","Licensing","Sarajane","sarajane.ash@example.com"
"Åland Islands","AX","Petersen, Maud","Thomas & Betts Corporation","831","Petersen","555-632-7665","4","Engineering","Maud","maud.petersen@example.com"
"Philippines","PH","Erund, Dasi","Cox Communications Inc.","237","Erund","555-612-436","5","Licensing","Dasi","dasi.erund@example.com"
"Saudi Arabia","SA","Dorine, Sharline","The Alpine Group, Inc.","46","Dorine","555-678-7960","6","Insurance","Sharline","sharline.dorine@example.com"
"Gabon","GA","Noel, Pryce","J.P. Morgan Chase & Co.","451","Noel","555-838-4628","7","Research and Development","Pryce","pryce.noel@example.com"
"Kazakhstan","KZ","Giff, Gauthier","Hibernia Corp.","411","Giff","555-797-1887","8","Engineering","Gauthier","gauthier.giff@example.com"
"Malawi","MW","Hawkins, Kathi","Leggett & Platt Inc.","488","Hawkins","555-414-7820","9","Strategy","Kathi","kathi.hawkins@example.com"
"Republic of the Congo","CG","Julianna, Orlan","MasTec Inc.","526","Julianna","555-746-5277","10","IT Support","Orlan","orlan.julianna@example.com"
"Guinea-Bissau","GW","Berton, Mabel","Walter Industries Inc","907","Berton","555-228-2085","11","Operations","Mabel","mabel.berton@example.com"
"Eritrea","ER","Emee, Daniele","Starbucks Corp","791","Emee","555-530-1039","12","Investing","Daniele","daniele.emee@example.com"
"Haiti","HT","Frierson, Amos","Brunswick Corporation","151","Frierson","555-451-7592","13","Customer Service","Amos","amos.frierson@example.com"
"Poland","PL","Hebner, Starlin","Hubbell Inc.","423","Hebner","555-235-3339","14","Production","Starlin","starlin.hebner@example.com"
"French Southern and Antarctic Lands","TF","Tugman, Simmonds","Edison International","292","Tugman","555-938-6925","15","IT Support","Simmonds","simmonds.tugman@example.com"
"France","FR","Hardden, Darcie","Sherwin-Williams Company","756","Hardden","555-575-303","16","Licensing","Darcie","darcie.hardden@example.com"
"Togo","TG","Gerardo, Gwenny","Harris Corp.","397","Gerardo","555-436-4109","17","Distribution","Gwenny","gwenny.gerardo@example.com"
"Ghana","GH","Malchy, Karie","Great Plains Energy Inc.","384","Malchy","555-244-7173","18","Operations","Karie","karie.malchy@example.com"
"Guinea-Bissau","GW","Shir, Denis","Compuware Corp.","216","Shir","555-328-7674","19","Strategy","Denis","denis.shir@example.com"
"Sudan Sudan","SD","Roydd, Lucienne","Lowe's Companies Inc.","504","Roydd","555-783-17","20","Sales","Lucienne","lucienne.roydd@example.com"
"Honduras","HN","Armstrong, Giffer","Toro Company","838","Armstrong","555-472-7671","21","Sales","Giffer","giffer.armstrong@example.com"
"Russia","RU","Studdard, Ulrica","National Fuel Gas Company","572","Studdard","555-177-3921","22","Research and Development","Ulrica","ulrica.studdard@example.com"
"Gabon","GA","Eglantine, Abeu","Carpenter Technology Corp.","167","Eglantine","555-275-3753","23","Customer Service","Abeu","abeu.eglantine@example.com"
"Liechtenstein","LI","Schaumberger, Nola","K-Mart Corp.","474","Schaumberger","555-133-1787","24","Customer Service","Nola","nola.schaumberger@example.com"
"Western Sahara","EH","Malkah, Randell","Tech Data Corporation","814","Malkah","555-631-3024","25","Distribution","Randell","randell.malkah@example.com"
"Greenland","GL","Ewold, Bria","La-Z-Boy Inc.","485","Ewold","555-462-4026","26","Insurance","Bria","bria.ewold@example.com"
"Cyprus","CY","Marra, Shanta","KB Home","461","Marra","555-678-1950","27","Licensing","Shanta","shanta.marra@example.com"
"Spain","ES","Ree, Analise","PepsiAmericas Inc.","644","Ree","555-360-8950","28","Licensing","Analise","analise.ree@example.com"
"Vietnam","VN","Monarski, Dolph","Novellus Systems Inc","597","Monarski","555-285-6832","29","Strategy","Dolph","dolph.monarski@example.com"
"British Virgin Islands","VG","Hershel, Felicity","United Defense Industries Inc.","863","Hershel","555-998-2851","30","Distribution","Felicity","felicity.hershel@example.com"
"Tokelau","TK","Gusti, Ronica","Walgreen Co","903","Gusti","555-937-9622","31","Legal","Ronica","ronica.gusti@example.com"
"Ireland","IE","Ku, Bevon","Maxim Integrated Products Inc.","528","Ku","555-418-6335","32","Accounting","Bevon","bevon.ku@example.com"
"Nepal","NP","Walburga, Paddy","American International Group, Inc.","60","Walburga","555-434-1381","33","Insurance","Paddy","paddy.walburga@example.com"
"North Korea","KP","Sadler, Ermina","Parker Hannifin Corp.","632","Sadler","555-507-6992","34","Business Development","Ermina","ermina.sadler@example.com"
"Kyrgyzstan","KG","Boiney, Hagen","Yum Brands Inc.","944","Boiney","555-696-7500","35","Distribution","Hagen","hagen.boiney@example.com"
"Romania","RO","Rida, Penny","Premcor Inc.","680","Rida","555-188-3217","36","Research and Development","Penny","penny.rida@example.com"
"Faroe Islands","FO","Congdon, Rod","Level 3 Communications Inc.","492","Congdon","555-474-5485","37","Distribution","Rod","rod.congdon@example.com"
"Cocos (Keeling) Islands","CC","Leonardi, Randy","Pepsi Bottling Group Inc.","643","Leonardi","555-851-235","38","Licensing","Randy","randy.leonardi@example.com"
"Portugal","PT","Lara, Florida","Payless Shoesource Inc","635","Lara","555-979-310","39","Customer Service","Florida","florida.lara@example.com"
"Lithuania","LT","Kile, Dahlia","Charter Communications Inc.","183","Kile","555-807-7334","40","Purchasing","Dahlia","dahlia.kile@example.com"
"Åland Islands","AX","Menard, Leontyne","E*Trade Group, Inc.","284","Menard","555-178-6415","41","Insurance","Leontyne","leontyne.menard@example.com"
"Bulgaria","BG","Ludwigg, Drusy","General Mills Inc","364","Ludwigg","555-235-4416","42","Legal","Drusy","drusy.ludwigg@example.com"
"Bosnia and Herzegovina","BA","Rudelson, Moshe","E*Trade Group, Inc.","284","Rudelson","555-216-4096","43","Legal","Moshe","moshe.rudelson@example.com"
"Puerto Rico","PR","Rycca, Aeriell","Avon Products, Inc.","105","Rycca","555-639-9257","44","Engineering","Aeriell","aeriell.rycca@example.com"
"Switzerland","CH","Bradshaw, Byran","Pathmark Stores Inc.","633","Bradshaw","555-255-7101","45","Purchasing","Byran","byran.bradshaw@example.com"
"Bahrain","BH","Linskey, Fredek","Newmont Mining Corporation","583","Linskey","555-313-3354","46","Accounting","Fredek","fredek.linskey@example.com"
"Heard Island and McDonald Islands","HM","Ciprian, Keely","Cigna Corp","189","Ciprian","555-400-1244","47","Engineering","Keely","keely.ciprian@example.com"
"Burkina Faso","BF","Merta, Valera","Universal Corporation","870","Merta","555-614-1478","48","Human Resources","Valera","valera.merta@example.com"
"Solomon Islands","SB","Nestor, Alanson","Halliburton Co.","393","Nestor","555-298-7561","49","Investing","Alanson","alanson.nestor@example.com"
"Guyana","GY","Caswell, Bianka","Crompton Corp.","239","Caswell","555-507-972","50","Marketing","Bianka","bianka.caswell@example.com"
"Singapore","SG","Glimp, Mara","Harman International Industries Inc.","395","Glimp","555-121-5019","51","Operations","Mara","mara.glimp@example.com"
"Grenada","GD","Cunningham, Sven","Murphy Oil Corporation","566","Cunningham","555-431-3918","52","Sales","Sven","sven.cunningham@example.com"
"Thailand","TH","Gruver, Agnese","Del Monte Foods Co","254","Gruver","555-404-3543","53","Operations","Agnese","agnese.gruver@example.com"
"Afghanistan","AF","Nordin, Thoma","Manpower Inc.","515","Nordin","555-286-1485","54","IT Support","Thoma","thoma.nordin@example.com"
"Guernsey","GG","Jenelle, Melba","Pitney Bowes Inc.","666","Jenelle","555-517-5454","55","Production","Melba","melba.jenelle@example.com"
"Guyana","GY","Amabelle, Ivett","U.S. Bancorp","853","Amabelle","555-622-7206","56","Insurance","Ivett","ivett.amabelle@example.com"
"Hungary","HU","Averi, Sterling","Limited Inc.","495","Averi","555-899-9204","57","Distribution","Sterling","sterling.averi@example.com"
"Kenya","KE","Kahler, Barclay","MasTec Inc.","526","Kahler","555-246-308","58","Production","Barclay","barclay.kahler@example.com"
"Senegal","SN","Kean, Manon","Lam Research Corporation","481","Kean","555-190-6082","59","Legal","Manon","manon.kean@example.com"
"Panama","PA","Stacey, Doro","Pharmacia Corp","655","Stacey","555-129-8546","60","Business Development","Doro","doro.stacey@example.com"
"Hong Kong","HK","Cleres, Mellicent","Simon Property Group Inc","763","Cleres","555-472-6723","61","Legal","Mellicent","mellicent.cleres@example.com"
"Estonia","EE","Pippa, Blisse","SPX Corp","783","Pippa","555-348-5122","62","Marketing","Blisse","blisse.pippa@example.com"
"Ukraine","UA","Mongeau, Freeman","W.W. Grainger Inc","900","Mongeau","555-182-9551","63","Marketing","Freeman","freeman.mongeau@example.com"
"Germany","DE","Goldin, Bree","Synovus Financial Corp.","810","Goldin","555-108-6164","64","Engineering","Bree","bree.goldin@example.com"
"Laos","LA","Kassey, Jeanne","Compass Bancshares Inc","213","Kassey","555-574-7069","65","Insurance","Jeanne","jeanne.kassey@example.com"
"Haiti","HT","Emina, Micah","Temple-Inland Inc","821","Emina","555-131-3948","66","Human Resources","Micah","micah.emina@example.com"
"Faroe Islands","FO","Wilda, Lucho","Winn Dixie Stores Inc","929","Wilda","555-293-1400","67","Marketing","Lucho","lucho.wilda@example.com"
"Finland","FI","Trudie, Oswell","Federal Express Corp.","324","Trudie","555-913-5468","68","Strategy","Oswell","oswell.trudie@example.com"
"Jordan","JO","Macy, Easter","Temple-Inland Inc","821","Macy","555-405-7782","69","Investing","Easter","easter.macy@example.com"
"Ghana","GH","Xylina, Rodi","MetLife Inc.","550","Xylina","555-789-5832","70","Insurance","Rodi","rodi.xylina@example.com"
"Paraguay","PY","Roid, Leon","Johnson Controls Inc.","459","Roid","555-725-7835","71","Investing","Leon","leon.roid@example.com"
"Saint Barthélemy","BL","Carlick, Elspeth","Brinker International, Inc.","146","Carlick","555-857-6894","72","Distribution","Elspeth","elspeth.carlick@example.com"
"Slovakia","SK","Holmann, Libbi","Sun Healthcare Group Inc.","802","Holmann","555-908-2621","73","IT Support","Libbi","libbi.holmann@example.com"
"United States Virgin Islands","VI","Marlee, Nap","Systemax Inc.","812","Marlee","555-203-9060","74","Engineering","Nap","nap.marlee@example.com"
"Cuba","CU","Burbank, Edan","EOG Resources, Inc.","308","Burbank","555-120-9634","75","Purchasing","Edan","edan.burbank@example.com"
"Slovenia","SI","Vish, Dorita","Xilinx Inc","940","Vish","555-824-9039","76","Investing","Dorita","dorita.vish@example.com"
"Dominican Republic","DO","Farman, Kendal","Lincoln National Corporation","496","Farman","555-375-2159","77","Strategy","Kendal","kendal.farman@example.com"
"Ukraine","UA","Jennilee, Berny","Foot Locker Inc","344","Jennilee","555-669-6250","78","Licensing","Berny","berny.jennilee@example.com"
"Argentina","AR","Garda, ErvIn","Ceridian Corp.","178","Garda","555-429-450","79","Sales","ErvIn","ervin.garda@example.com"
"Peru","PE","Nero, Lane","Autoliv, Inc.","97","Nero","555-854-7644","80","Operations","Lane","lane.nero@example.com"
"Honduras","HN","Evangelina, Gus","Corning Inc.","233","Evangelina","555-946-8376","81","IT Support","Gus","gus.evangelina@example.com"
"Samoa","WS","Taggart, Grata","Reliance Steel & Aluminum Co.","713","Taggart","555-927-23","82","Marketing","Grata","grata.taggart@example.com"
"Mauritius","MU","Holub, Bern","Dover Corporation, Inc.","270","Holub","555-316-7891","83","Purchasing","Bern","bern.holub@example.com"
"Finland","FI","Heloise, Bronnie","Banta Corporation","112","Heloise","555-663-2734","84","Engineering","Bronnie","bronnie.heloise@example.com"
"French Polynesia","PF","Bennion, Gaelan","Cardinal Health Inc.","164","Bennion","555-421-5391","85","Business Development","Gaelan","gaelan.bennion@example.com"
"Antarctica","AQ","Stagg, Berkeley","Weis Markets Inc.","913","Stagg","555-306-1869","86","Strategy","Berkeley","berkeley.stagg@example.com"
"United States Virgin Islands","VI","Carolan, Petey","Atmel Corporation","94","Carolan","555-238-7924","87","Purchasing","Petey","petey.carolan@example.com"
"Papua New Guinea","PG","Alver, Eddie","Sanmina-SCI Inc","738","Alver","555-504-5648","88","Research and Development","Eddie","eddie.alver@example.com"
"Bolivia","BO","Hock, Deni","Jack In The Box Inc.","453","Hock","555-273-4845","89","Insurance","Deni","deni.hock@example.com"
"Mauritania","MR","Belter, Gino","Nike Inc","586","Belter","555-828-6935","90","Sales","Gino","gino.belter@example.com"
"Heard Island and McDonald Islands","HM","Teferi, Serena","Precision Castparts Corp","679","Teferi","555-760-8261","91","Sales","Serena","serena.teferi@example.com"
"Croatia","HR","Mattox, Vidovik","Alberto-Culver Company","33","Mattox","555-634-3788","92","Engineering","Vidovik","vidovik.mattox@example.com"
"Andorra","AD","Adaurd, Vick","Greif Bros. Corporation","386","Adaurd","555-504-4212","93","Accounting","Vick","vick.adaurd@example.com"
"Czech Republic","CZ","Javler, Rodina","Stewart & Stevenson Services Inc","797","Javler","555-331-8032","94","Investing","Rodina","rodina.javler@example.com"
"United States Virgin Islands","VI","Stichter, Mozes","Group 1 Automotive Inc.","388","Stichter","555-926-7343","95","Engineering","Mozes","mozes.stichter@example.com"
"United States Minor Outlying Islands","UM","Hekking, Dru","Boston Scientific Corporation","142","Hekking","555-536-3918","96","Investing","Dru","dru.hekking@example.com"
"Yemen","YE","Sherlocke, Kara-Lynn","Pitney Bowes Inc.","666","Sherlocke","555-189-6679","97","Accounting","Kara-Lynn","kara-lynn.sherlocke@example.com"
"Singapore","SG","Ronica, Aldin","Administaff, Inc.","13","Ronica","555-878-1977","98","Marketing","Aldin","aldin.ronica@example.com"
"Anguilla","AI","Limbert, Lucita","Ford Motor Co","346","Limbert","555-878-5976","99","Distribution","Lucita","lucita.limbert@example.com"
"Belarus","BY","Nahum, Yorker","Timken Company","833","Nahum","555-760-862","100","Strategy","Yorker","yorker.nahum@example.com"
"Nigeria","NG","Elwaine, Shanda","Brown-Forman Corporation","150","Elwaine","555-607-1246","101","Research and Development","Shanda","shanda.elwaine@example.com"
"Chad","TD","Sculley, Cordie","Amazon.com, Inc.","47","Sculley","555-274-4599","102","Insurance","Cordie","cordie.sculley@example.com"
"United States Virgin Islands","VI","Evante, Lyle","First Data Corp.","330","Evante","555-565-7759","103","Business Development","Lyle","lyle.evante@example.com"
"Colombia","CO","Brott, Emlen","Compuware Corp.","216","Brott","555-489-1487","104","Operations","Emlen","emlen.brott@example.com"
"Mali","ML","Schroder, Dasya","IDT Corporation","428","Schroder","555-812-1853","105","Investing","Dasya","dasya.schroder@example.com"
"Barbados","BB","Bobinette, Ursola","Nicor Inc","585","Bobinette","555-876-8959","106","Strategy","Ursola","ursola.bobinette@example.com"
"Australia","AU","Metcalf, Hubie","Di Giorgio Corporation","260","Metcalf","555-450-2600","107","Distribution","Hubie","hubie.metcalf@example.com"
"Micronesia","FM","Gant, Jamesy","Nike Inc","586","Gant","555-573-4609","108","Purchasing","Jamesy","jamesy.gant@example.com"
"United States","US","Helbonia, Mannie","Dover Corporation, Inc.","270","Helbonia","555-687-4984","109","Investing","Mannie","mannie.helbonia@example.com"
"Cuba","CU","Lynd, Hillier","Pathmark Stores Inc.","633","Lynd","555-551-1433","110","Engineering","Hillier","hillier.lynd@example.com"
"East Timor","TL","Licko, Harriot","The Alpine Group, Inc.","46","Licko","555-863-9694","111","Sales","Harriot","harriot.licko@example.com"
"Iraq","IQ","Christean, Adriena","Seaboard Corp","748","Christean","555-338-5102","112","Legal","Adriena","adriena.christean@example.com"
"American Samoa","AS","Dorotea, Allegra","Avery Dennison Corporation","102","Dorotea","555-617-9606","113","Legal","Allegra","allegra.dorotea@example.com"
"Wallis and Futuna","WF","Dacey, Kirbie","York International Corp","943","Dacey","555-444-3513","114","Investing","Kirbie","kirbie.dacey@example.com"
"Armenia","AM","Boelter, Neila","Lyondell Chemical Company","509","Boelter","555-684-3330","115","Business Development","Neila","neila.boelter@example.com"
"Bahrain","BH","Sheffy, Kendell","Yum Brands Inc.","944","Sheffy","555-209-555","116","Production","Kendell","kendell.sheffy@example.com"
"New Zealand","NZ","Olivann, Cordy","Hormel Foods Corp.","418","Olivann","555-480-5483","117","Accounting","Cordy","cordy.olivann@example.com"
"Peru","PE","Bainbridge, Marris","Metris Companies Inc","551","Bainbridge","555-191-2283","118","Customer Service","Marris","marris.bainbridge@example.com"
"Switzerland","CH","Macnair, Marrilee","AT&T Corp.","93","Macnair","555-784-3546","119","Accounting","Marrilee","marrilee.macnair@example.com"
"Liechtenstein","LI","Vick, Lucian","Fisher Scientific International Inc.","335","Vick","555-951-4297","120","Human Resources","Lucian","lucian.vick@example.com"
"Kenya","KE","Landry, Luisa","McDonald's Corporation","535","Landry","555-628-5366","121","Accounting","Luisa","luisa.landry@example.com"
"Russia","RU","Feer, Aubine","AK Steel Holding Corporation","31","Feer","555-467-1548","122","Purchasing","Aubine","aubine.feer@example.com"
"Bosnia and Herzegovina","BA","Orpha, Humberto","International Multifoods Corporation","444","Orpha","555-462-3656","123","Research and Development","Humberto","humberto.orpha@example.com"
"Jamaica","JM","Shannen, Weston","Manor Care Inc.","514","Shannen","555-641-6931","124","Accounting","Weston","weston.shannen@example.com"
"North Korea","KP","Dulciana, Shae","Philip Morris Companies Inc.","658","Dulciana","555-473-1242","125","Legal","Shae","shae.dulciana@example.com"
"Jordan","JO","Tyler, Sibyl","Borders Group, Inc.","140","Tyler","555-821-545","126","Operations","Sibyl","sibyl.tyler@example.com"
"Hungary","HU","Kidder, Ethelind","AK Steel Holding Corporation","31","Kidder","555-176-3753","127","Strategy","Ethelind","ethelind.kidder@example.com"
"Turkmenistan","TM","Romito, Hakim","Dell Computer Corporation","255","Romito","555-414-7979","128","Strategy","Hakim","hakim.romito@example.com"
"United Kingdom","GB","Lambertson, Rozina","Boston Scientific Corporation","142","Lambertson","555-442-4274","129","Legal","Rozina","rozina.lambertson@example.com"
"Nauru","NR","Brigg, Jennee","Continental Airlines Inc.","227","Brigg","555-766-7357","130","Human Resources","Jennee","jennee.brigg@example.com"
"Cook Islands","CK","Dorsy, Chlo","Fisher Scientific International Inc.","335","Dorsy","555-833-185","131","Legal","Chlo","chlo.dorsy@example.com"
"Mayotte","YT","Lucania, Ginnie","Oracle Corp","618","Lucania","555-495-7705","132","Production","Ginnie","ginnie.lucania@example.com"
"Bahamas","BS","Portwin, Elmore","SouthTrust Corp.","775","Portwin","555-160-9181","133","Engineering","Elmore","elmore.portwin@example.com"
"New Caledonia","NC","Ianthe, Hailey","Genzyme Corporation","371","Ianthe","555-565-6425","134","Customer Service","Hailey","hailey.ianthe@example.com"
"Saudi Arabia","SA","Backer, Elbert","Fairchild Semiconductor International Inc.","319","Backer","555-299-5841","135","IT Support","Elbert","elbert.backer@example.com"
"Papua New Guinea","PG","Eldreeda, Alexis","Unisource Energy Corp","860","Eldreeda","555-891-5335","136","Investing","Alexis","alexis.eldreeda@example.com"
"Dominica","DM","Chevy, Sidonia","Grey Global Group Inc.","387","Chevy","555-520-1071","137","Marketing","Sidonia","sidonia.chevy@example.com"
"Solomon Islands","SB","Cesar, Gabie","Perot Systems Corp","649","Cesar","555-636-366","138","Sales","Gabie","gabie.cesar@example.com"
"Bangladesh","BD","Skees, Kinsley","ChevronTexaco Corp.","185","Skees","555-828-6177","139","Production","Kinsley","kinsley.skees@example.com"
"Norway","NO","Raila, Davey","AMR Corporation","67","Raila","555-721-4070","140","Customer Service","Davey","davey.raila@example.com"
"Malta","MT","Pillsbury, Merline","Gentiva Health Services Inc.","368","Pillsbury","555-210-1387","141","Insurance","Merline","merline.pillsbury@example.com"
"India","IN","Breanne, Genny","MDU Resources Group Inc.","540","Breanne","555-651-5264","142","Human Resources","Genny","genny.breanne@example.com"
"Taiwan","TW","Colet, Lilyan","Allied Waste Industries, Inc.","42","Colet","555-809-2939","143","IT Support","Lilyan","lilyan.colet@example.com"
"Heard Island and McDonald Islands","HM","Pantia, Elvira","Philip Morris Companies Inc.","658","Pantia","555-892-9327","144","Engineering","Elvira","elvira.pantia@example.com"
"Palau","PW","Tocci, Chan","Adelphia Communications Corporation","12","Tocci","555-398-1490","145","Insurance","Chan","chan.tocci@example.com"
"Western Sahara","EH","Pals, Jdavie","Health Management Associates Inc.","403","Pals","555-755-8985","146","Customer Service","Jdavie","jdavie.pals@example.com"
"Greenland","GL","Sollars, Nefen","Bethlehem Steel Corporation","130","Sollars","555-385-9009","147","Legal","Nefen","nefen.sollars@example.com"
"Croatia","HR","Lovering, Michaella","Stilwell Financial Inc","799","Lovering","555-159-9327","148","Investing","Michaella","michaella.lovering@example.com"
"French Polynesia","PF","Pulcheria, Percival","Expeditors International of Washington Inc.","316","Pulcheria","555-262-7675","149","Licensing","Percival","percival.pulcheria@example.com"
"Slovenia","SI","Engleman, Say","Office Depot Inc.","606","Engleman","555-933-8522","150","Legal","Say","say.engleman@example.com"
"Norway","NO","Chesney, Pegeen","ServiceMaster Co","754","Chesney","555-308-5063","151","Production","Pegeen","pegeen.chesney@example.com"
"Philippines","PH","Kawai, Hillary","On Semiconductor Corp","616","Kawai","555-745-773","152","IT Support","Hillary","hillary.kawai@example.com"
"South Sudan","SS","Wahl, Gert","Nike Inc","586","Wahl","555-220-3764","153","Strategy","Gert","gert.wahl@example.com"
"Micronesia","FM","Margaretta, Gannon","Petco Animal Supplies Inc.","650","Margaretta","555-723-8354","154","Legal","Gannon","gannon.margaretta@example.com"
"Dominican Republic","DO","Delacourt, Broddie","Apache Corporation","78","Delacourt","555-551-3099","155","Marketing","Broddie","broddie.delacourt@example.com"
"Saint Kitts and Nevis","KN","Clem, Kary","Raymond James Financial Inc.","707","Clem","555-306-1650","156","IT Support","Kary","kary.clem@example.com"
"Botswana","BW","Peregrine, Alexis","Petco Animal Supplies Inc.","650","Peregrine","555-920-7785","157","Investing","Alexis","alexis.peregrine@example.com"
"Sweden","SE","Phillane, Scotti","National Oilwell Inc","573","Phillane","555-454-5103","158","Insurance","Scotti","scotti.phillane@example.com"
"Australia","AU","Domeniga, Corby","Northwest Airlines Corp","603","Domeniga","555-364-7467","159","Operations","Corby","corby.domeniga@example.com"
"Chad","TD","Briant, Lani","Manor Care Inc.","514","Briant","555-484-9334","160","Marketing","Lani","lani.briant@example.com"
"Portugal","PT","Agbogla, Nerita","Standard Pacific Corp.","788","Agbogla","555-724-6742","161","Sales","Nerita","nerita.agbogla@example.com"
"Nigeria","NE","Maddocks, Imelda","AMERCO","51","Maddocks","555-955-1315","162","Insurance","Imelda","imelda.maddocks@example.com"
"Hong Kong","HK","Nerty, Raffarty","Reliant Energy Inc.","714","Nerty","555-435-7647","163","Sales","Raffarty","raffarty.nerty@example.com"
"Comoros","KM","Addy, Irene","Bank One Corporation","110","Addy","555-920-3259","164","Investing","Irene","irene.addy@example.com"
"Mauritania","MR","Bonaparte, Jemmie","Knight-Ridder Inc.","475","Bonaparte","555-833-207","165","Engineering","Jemmie","jemmie.bonaparte@example.com"
"Central African Republic","CF","Little, Marcus","ABM Industries Incorporated","6","Little","555-453-9724","166","IT Support","Marcus","marcus.little@example.com"
"Switzerland","CH","Drona, Norine","Bowater Incorporated","143","Drona","555-779-9384","167","Engineering","Norine","norine.drona@example.com"
"Bhutan","BT","Curtis, Norri","D.R. Horton Inc.","247","Curtis","555-335-2079","168","Engineering","Norri","norri.curtis@example.com"
"South Sudan","SS","Gambrill, Ryley","Xilinx Inc","940","Gambrill","555-845-7527","169","IT Support","Ryley","ryley.gambrill@example.com"
"Nigeria","NE","Cocke, Frannie","EGL Inc.","293","Cocke","555-390-1863","170","Marketing","Frannie","frannie.cocke@example.com"
"Djibouti","DJ","Ieso, Nikolos","Starbucks Corp","791","Ieso","555-188-3550","171","Strategy","Nikolos","nikolos.ieso@example.com"
"Canada","CA","Zephaniah, Calypso","Sierra Pacific Resources","760","Zephaniah","555-458-5533","172","Purchasing","Calypso","calypso.zephaniah@example.com"
"Albania","AL","Melentha, Alina","Humana Inc.","425","Melentha","555-233-7680","173","Licensing","Alina","alina.melentha@example.com"
"Belize","BZ","Pleione, Shaylah","Leggett & Platt Inc.","488","Pleione","555-108-1864","174","Licensing","Shaylah","shaylah.pleione@example.com"
"Cuba","CU","Willman, Gavin","Radio Shack Corporation","706","Willman","555-377-9926","175","Business Development","Gavin","gavin.willman@example.com"
"Vanuatu","VU","Neal, Harv","Casey's General Stores Inc.","168","Neal","555-383-908","176","Research and Development","Harv","harv.neal@example.com"
"Jamaica","JM","Blackman, Packston","Budget Group, Inc.","152","Blackman","555-492-4623","177","Accounting","Packston","packston.blackman@example.com"
"Zambia","ZM","Chitkara, Nevsa","Compuware Corp.","216","Chitkara","555-149-6219","178","Production","Nevsa","nevsa.chitkara@example.com"
"Palau","PW","Len, Nissa","Noble Energy Inc","588","Len","555-589-5928","179","Customer Service","Nissa","nissa.len@example.com"
"Western Sahara","EH","Levin, Velvet","Dean Foods Company","252","Levin","555-136-5441","180","Purchasing","Velvet","velvet.levin@example.com"
"Lebanon","LB","Guinna, Ambrosius","Gemstar-TV Guide International Inc.","359","Guinna","555-461-6805","181","Human Resources","Ambrosius","ambrosius.guinna@example.com"
"Liberia","LR","Ki, Maren","Guidant Corporation","389","Ki","555-501-3653","182","Sales","Maren","maren.ki@example.com"
"Japan","JP","Norm, Selia","TransMontaigne Inc","842","Norm","555-850-4644","183","Research and Development","Selia","selia.norm@example.com"
"Greece","GR","Horner, Allsun","Darden Restaurants Inc.","250","Horner","555-152-3235","184","Strategy","Allsun","allsun.horner@example.com"
"Venezuela","VE","Lubow, Kimberlee","Quantum Corp","699","Lubow","555-487-7900","185","IT Support","Kimberlee","kimberlee.lubow@example.com"
"Jersey","JE","Folsom, Wyatt","Amgen Inc.","65","Folsom","555-886-4847","186","Research and Development","Wyatt","wyatt.folsom@example.com"
"Lebanon","LB","Renick, Claybourne","Sunoco Inc.","805","Renick","555-556-9358","187","IT Support","Claybourne","claybourne.renick@example.com"
"Russia","RU","Goode, Saudra","Sonoco Products Co.","772","Goode","555-821-7880","188","Insurance","Saudra","saudra.goode@example.com"
"Dominica","DM","Morel, Lowrance","Pro-Fac Cooperative Inc.","685","Morel","555-608-8924","189","Purchasing","Lowrance","lowrance.morel@example.com"
"Saint Pierre and Miquelon","PM","Lafleur, Aristotle","Texas Industries Inc.","827","Lafleur","555-516-5525","190","Production","Aristotle","aristotle.lafleur@example.com"
"Tajikistan","TJ","Dannye, Georgie","Ball Corporation","107","Dannye","555-640-261","191","Engineering","Georgie","georgie.dannye@example.com"
"Cape Verde","CV","Gelb, Hatty","Burlington Coat Factory Warehouse Corporation","153","Gelb","555-819-710","192","Customer Service","Hatty","hatty.gelb@example.com"
"Russia","RU","Megen, Jobyna","Morgan Stanley Dean Witter & Co.","563","Megen","555-544-2782","193","Licensing","Jobyna","jobyna.megen@example.com"
"Dominican Republic","DO","Westfall, Felice","Sherwin-Williams Company","756","Westfall","555-390-4788","194","IT Support","Felice","felice.westfall@example.com"
"Christmas Island","CX","Blondelle, Isidor","LandAmerica Financial Group Inc.","482","Blondelle","555-760-4552","195","Purchasing","Isidor","isidor.blondelle@example.com"
"Philippines","PH","Anse, Lilith","International Business Machines Corp.","442","Anse","555-298-3057","196","Marketing","Lilith","lilith.anse@example.com"
"Canada","CA","Fife, Tova","Dole Food Company, Inc.","265","Fife","555-606-9304","197","Human Resources","Tova","tova.fife@example.com"
"Netherlands","NL","Scrivenor, Dukey","US Airways Group Inc","877","Scrivenor","555-719-6148","198","Licensing","Dukey","dukey.scrivenor@example.com"
"Slovenia","SI","Clarie, Symon","MasTec Inc.","526","Clarie","555-436-5663","199","Customer Service","Symon","symon.clarie@example.com"
"Vietnam","VN","Brogle, Adore","Lehman Brothers Holdings Inc.","489","Brogle","555-475-4707","200","Investing","Adore","adore.brogle@example.com"
"Colombia","CO","Fredkin, Dulce","The MONY Group Inc.","562","Fredkin","555-541-5447","201","Purchasing","Dulce","dulce.fredkin@example.com"
"Ukraine","UA","Neona, Jesselyn","Carlisle Cos. Inc.","166","Neona","555-760-9877","202","Operations","Jesselyn","jesselyn.neona@example.com"
"Mauritania","MR","Vada, Berny","St. Jude Medical Inc","784","Vada","555-481-1686","203","Human Resources","Berny","berny.vada@example.com"
"Greenland","GL","Dennison, Tymothy","First National of Nebraska Inc.","331","Dennison","555-867-2326","204","Operations","Tymothy","tymothy.dennison@example.com"
"Togo","TG","Hammer, Lamond","PNM Resources Inc","670","Hammer","555-421-3527","205","Research and Development","Lamond","lamond.hammer@example.com"
"Kyrgyzstan","KG","Ringe, Libby","CKE Restaurants Inc.","197","Ringe","555-418-6531","206","Purchasing","Libby","libby.ringe@example.com"
"Svalbard and Jan Mayen","SJ","Formica, Mureil","Quantum Corp","699","Formica","555-888-907","207","Distribution","Mureil","mureil.formica@example.com"
"Costa Rica","CR","Selhorst, Kristo","Temple-Inland Inc","821","Selhorst","555-141-1121","208","Production","Kristo","kristo.selhorst@example.com"
"Israel","IL","Lanfri, Gerhard","Washington Post Co.","909","Lanfri","555-691-4033","209","Investing","Gerhard","gerhard.lanfri@example.com"
"Brunei Darussalam","BN","Valleau, Carolee","Paccar Inc","625","Valleau","555-201-4532","210","Legal","Carolee","carolee.valleau@example.com"
"United States","US","Publea, Allis","Smith International Inc","765","Publea","555-846-7114","211","Accounting","Allis","allis.publea@example.com"
"Montserrat","MS","Lunsford, Kelsey","BorgWarner Inc.","141","Lunsford","555-790-3365","212","Customer Service","Kelsey","kelsey.lunsford@example.com"
"Brunei Darussalam","BN","Lengel, Aveline","Regions Financial Corp.","711","Lengel","555-506-3857","213","Legal","Aveline","aveline.lengel@example.com"
"Liechtenstein","LI","Ralston, Kirsteni","Pro-Fac Cooperative Inc.","685","Ralston","555-460-6157","214","Research and Development","Kirsteni","kirsteni.ralston@example.com"
"Namibia","NA","Encratis, Cassius","Ocean Energy Inc","605","Encratis","555-701-9918","215","Licensing","Cassius","cassius.encratis@example.com"
"Germany","DE","Greenburg, Yehudi","EGL Inc.","293","Greenburg","555-495-3884","216","Insurance","Yehudi","yehudi.greenburg@example.com"
"Afghanistan","AF","Rillis, Jason","American Water Works Company, Inc.","62","Rillis","555-913-7949","217","Legal","Jason","jason.rillis@example.com"
"United Arab Emirates","AE","Hunt, Erhard","Lithia Motors Inc.","498","Hunt","555-231-6690","218","Research and Development","Erhard","erhard.hunt@example.com"
"Armenia","AM","Baudoin, Anjanette","Conoco Inc","221","Baudoin","555-750-7213","219","Customer Service","Anjanette","anjanette.baudoin@example.com"
"Jamaica","JM","Lauryn, Edvard","Atmos Energy Corporation","95","Lauryn","555-274-7974","220","Purchasing","Edvard","edvard.lauryn@example.com"
"Bosnia and Herzegovina","BA","Sylvia, Breanne","Werner Enterprises Inc","917","Sylvia","555-185-6480","221","Accounting","Breanne","breanne.sylvia@example.com"
"Romania","RO","Hamo, Tiffy","AK Steel Holding Corporation","31","Hamo","555-248-3368","222","Purchasing","Tiffy","tiffy.hamo@example.com"
"Spain","ES","Kampmann, Cally","TravelCenters of America Inc.","844","Kampmann","555-940-6829","223","Investing","Cally","cally.kampmann@example.com"
"Botswana","BW","Spooner, Bat","Ashland Inc.","91","Spooner","555-832-250","224","Legal","Bat","bat.spooner@example.com"
"Costa Rica","CR","Penni, Randene","Questar Corp","701","Penni","555-779-8156","225","Production","Randene","randene.penni@example.com"
"Saint Vincent and the Grenadines","VC","Antonia, Cheston","Casey's General Stores Inc.","168","Antonia","555-868-9926","226","Purchasing","Cheston","cheston.antonia@example.com"
"Bermuda","BM","Calla, Jania","Halliburton Co.","393","Calla","555-648-41","227","Human Resources","Jania","jania.calla@example.com"
"Sao Tome and Principe","ST","Isolde, Jessi","Perot Systems Corp","649","Isolde","555-574-9450","228","Operations","Jessi","jessi.isolde@example.com"
"United States","US","Atal, Arlyne","Franklin Resources Inc.","351","Atal","555-796-4300","229","Business Development","Arlyne","arlyne.atal@example.com"
"Montserrat","MS","Kegan, Alvera","Dean Foods Company","252","Kegan","555-169-9650","230","Marketing","Alvera","alvera.kegan@example.com"
"Albania","AL","Elinor, Fredelia","Boise Cascade Corporation","139","Elinor","555-848-4850","231","Investing","Fredelia","fredelia.elinor@example.com"
"Switzerland","CH","Mungo, Padriac","Jabil Circuit Inc.","452","Mungo","555-818-7438","232","Human Resources","Padriac","padriac.mungo@example.com"
"Haiti","HT","Little, Sheelagh","Xcel Energy Inc","938","Little","555-549-3531","233","Sales","Sheelagh","sheelagh.little@example.com"
"Cyprus","CY","Rourke, Ronda","Community Health Systems Inc.","212","Rourke","555-928-423","234","Strategy","Ronda","ronda.rourke@example.com"
"Algeria","DZ","Seebeck, Isak","Tiffany & Co","832","Seebeck","555-676-6909","235","Business Development","Isak","isak.seebeck@example.com"
"Guadeloupe","GP","Orren, Bat","Casey's General Stores Inc.","168","Orren","555-572-1229","236","Strategy","Bat","bat.orren@example.com"
"Luxembourg","LU","Oleg, Gaylor","Marsh Supermarkets Inc.","521","Oleg","555-873-8469","237","Research and Development","Gaylor","gaylor.oleg@example.com"
"Turkey","TR","Baiss, Bartram","Loews Corporation","501","Baiss","555-530-936","238","Purchasing","Bartram","bartram.baiss@example.com"
"Norway","NO","Malca, Russell","DQE Inc.","274","Malca","555-794-9837","239","Marketing","Russell","russell.malca@example.com"
"Bulgaria","BG","Tima, Veriee","Veritas Software Corporation","888","Tima","555-575-7960","240","Sales","Veriee","veriee.tima@example.com"
"Dominica","DM","Belmonte, Tandy","National Rural Utilities Cooperative Finance Corporation","574","Belmonte","555-455-9655","241","Engineering","Tandy","tandy.belmonte@example.com"
"Portugal","PT","Schreck, Phillipe","Providian Financial Corp.","690","Schreck","555-158-1127","242","Legal","Phillipe","phillipe.schreck@example.com"
"Uganda","UG","Shipman, Krissy","Provident Financial Group","689","Shipman","555-585-4245","243","Business Development","Krissy","krissy.shipman@example.com"
"Maldives","MV","Winchester, Janeen","Burlington Coat Factory Warehouse Corporation","153","Winchester","555-471-7650","244","Production","Janeen","janeen.winchester@example.com"
"Bolivia","BO","Giulia, Theodor","W.R. Berkley Corporation","898","Giulia","555-776-866","245","Research and Development","Theodor","theodor.giulia@example.com"
"Mauritania","MR","Bac, Loraine","International Paper Co.","439","Bac","555-109-6325","246","IT Support","Loraine","loraine.bac@example.com"
"Pitcairn Islands","PN","Friedlander, Elwyn","M & T Bank Corporation","510","Friedlander","555-175-6768","247","Business Development","Elwyn","elwyn.friedlander@example.com"
"Pakistan","PK","Keri, Jackie","Bank One Corporation","110","Keri","555-417-7707","248","Investing","Jackie","jackie.keri@example.com"
"Cayman Islands Cayman Islands","KY","Gretal, Nixie","On Semiconductor Corp","616","Gretal","555-515-9554","249","Production","Nixie","nixie.gretal@example.com"
"Taiwan","TW","Danita, Honey","Service Corp. International","753","Danita","555-385-6379","250","Strategy","Honey","honey.danita@example.com"
"South Africa","ZA","Natalee, Peggi","Lincoln National Corporation","496","Natalee","555-193-7477","251","Licensing","Peggi","peggi.natalee@example.com"
"Belize","BZ","Lemaceon, Saunder","Domino's Pizza LLC","269","Lemaceon","555-429-8158","252","Engineering","Saunder","saunder.lemaceon@example.com"
"Portugal","PT","Latini, Charles","StanCorp Financial Group Inc","787","Latini","555-993-2817","253","IT Support","Charles","charles.latini@example.com"
"Turks and Caicos Islands","TC","Witherspoon, Brendan","Northwest Airlines Corp","603","Witherspoon","555-471-6771","254","Strategy","Brendan","brendan.witherspoon@example.com"
"Russia","RU","Anabelle, Doro","Fiserv Inc.","334","Anabelle","555-932-3302","255","Human Resources","Doro","doro.anabelle@example.com"
"Burundi","BI","Rexfourd, Evangelin","BB&T Corporation","116","Rexfourd","555-668-3115","256","Insurance","Evangelin","evangelin.rexfourd@example.com"
"Mayotte","YT","Austine, Jarib","The Clorox Co.","199","Austine","555-261-7528","257","Research and Development","Jarib","jarib.austine@example.com"
"Monaco","MC","Ryle, Pattin","Penn Traffic Co.","636","Ryle","555-736-2194","258","Licensing","Pattin","pattin.ryle@example.com"
"Estonia","EE","Ticon, Konrad","Motorola Inc.","564","Ticon","555-280-8830","259","Strategy","Konrad","konrad.ticon@example.com"
"Singapore","SG","Ephrayim, Gunilla","ABM Industries Incorporated","6","Ephrayim","555-637-3458","260","Human Resources","Gunilla","gunilla.ephrayim@example.com"
"Iraq","IQ","Isma, Berna","Vishay Intertechnology Inc","894","Isma","555-631-9547","261","Purchasing","Berna","berna.isma@example.com"
"Ireland","IE","Klapp, Bendick","International Paper Co.","439","Klapp","555-540-8112","262","Operations","Bendick","bendick.klapp@example.com"
"Morocco","MA","Artur, Rex","Peoples Energy Corp.","639","Artur","555-895-6677","263","Accounting","Rex","rex.artur@example.com"
"British Indian Ocean Territory","IO","Beatrisa, Agosto","Health Management Associates Inc.","403","Beatrisa","555-371-6664","264","Marketing","Agosto","agosto.beatrisa@example.com"
"Belize","BZ","Baumann, Fulton","Riverwood Holding Inc.","720","Baumann","555-639-8298","265","Licensing","Fulton","fulton.baumann@example.com"
"Kyrgyzstan","KG","Torrlow, Dory","Belo Corp.","125","Torrlow","555-332-511","266","Investing","Dory","dory.torrlow@example.com"
"Saint Vincent and the Grenadines","VC","Roberson, Preston","Pier 1 Imports Inc.","662","Roberson","555-895-5135","267","Purchasing","Preston","preston.roberson@example.com"
"Antarctica","AQ","Jahdal, Ema","The Boeing Company","138","Jahdal","555-375-4021","268","Customer Service","Ema","ema.jahdal@example.com"
"Greenland","GL","Mat, Cassondra","The Neiman Marcus Group Inc.","579","Mat","555-656-7047","269","Legal","Cassondra","cassondra.mat@example.com"
"Puerto Rico","PR","Raimund, Marven","Scotts Company","747","Raimund","555-847-4614","270","Investing","Marven","marven.raimund@example.com"
"Burkina Faso","BF","Gerrit, Merci","Peoples Energy Corp.","639","Gerrit","555-200-5845","271","Investing","Merci","merci.gerrit@example.com"
"Argentina","AR","Emmaline, Eulalie","Riverwood Holding Inc.","720","Emmaline","555-593-5527","272","Operations","Eulalie","eulalie.emmaline@example.com"
"Syria","SY","Wolsky, Adelice","St. Jude Medical Inc","784","Wolsky","555-832-884","273","Strategy","Adelice","adelice.wolsky@example.com"
"Mali","ML","Ierna, Hilda","Mail-Well Inc.","512","Ierna","555-388-2869","274","Operations","Hilda","hilda.ierna@example.com"
"Belarus","BY","Tibbitts, Malissa","Footstar Inc.","345","Tibbitts","555-230-5032","275","Operations","Malissa","malissa.tibbitts@example.com"
"Namibia","NA","Allyson, Benoit","Sonoco Products Co.","772","Allyson","555-540-1469","276","Purchasing","Benoit","benoit.allyson@example.com"
"Malawi","MW","Leschen, Leilah","Allied Waste Industries, Inc.","42","Leschen","555-634-1666","277","Production","Leilah","leilah.leschen@example.com"
"Saint Pierre and Miquelon","PM","Chryste, Molly","CSX Corp.","242","Chryste","555-220-2108","278","Accounting","Molly","molly.chryste@example.com"
"Bonaire, Saint Eustatius and Saba","BQ","Lister, Opalina","Coventry Health Care Inc.","236","Lister","555-428-3313","279","Accounting","Opalina","opalina.lister@example.com"
"Mongolia","MN","Packston, Son","Laboratory Corporation of America Holdings","480","Packston","555-239-9368","280","Operations","Son","son.packston@example.com"
"Zambia","ZM","Brazee, Jacintha","AMC Entertainment Inc.","48","Brazee","555-178-7147","281","Business Development","Jacintha","jacintha.brazee@example.com"
"Greenland","GL","Albertson, Frazer","Humana Inc.","425","Albertson","555-662-7490","282","Accounting","Frazer","frazer.albertson@example.com"
"Israel","IL","Iphigenia, Editha","BJ Services Company","133","Iphigenia","555-558-3736","283","Licensing","Editha","editha.iphigenia@example.com"
"Faroe Islands","FO","Higinbotham, Gladi","Toll Brothers Inc","836","Higinbotham","555-919-1821","284","Investing","Gladi","gladi.higinbotham@example.com"
"Réunion","RE","Alf, Becki","ALLETE, Inc.","40","Alf","555-587-799","285","Distribution","Becki","becki.alf@example.com"
"Macau","MO","Dulla, Ruthi","Sherwin-Williams Company","756","Dulla","555-752-9414","286","Operations","Ruthi","ruthi.dulla@example.com"
"Belgium","BE","Zetana, Sandro","CBRL Group Inc.","170","Zetana","555-848-4602","287","Engineering","Sandro","sandro.zetana@example.com"
"Netherlands","NL","Trilbie, Idette","Toro Company","838","Trilbie","555-471-8685","288","Business Development","Idette","idette.trilbie@example.com"
"Dominican Republic","DO","Solly, Edgard","The AES Corporation","20","Solly","555-809-4152","289","Investing","Edgard","edgard.solly@example.com"
"Morocco","MA","Lyons, Keefe","Goldman Sachs Group Inc.","378","Lyons","555-901-8712","290","Marketing","Keefe","keefe.lyons@example.com"
"Saudi Arabia","SA","Antonietta, Ab","The Clorox Co.","199","Antonietta","555-928-4237","291","IT Support","Ab","ab.antonietta@example.com"
"Netherlands","NL","Audie, Erin","UnumProvident Corporation","875","Audie","555-881-8485","292","Investing","Erin","erin.audie@example.com"
"Luxembourg","LU","Kalle, Raffaello","Cincinnati Financial Corp.","190","Kalle","555-734-8207","293","Purchasing","Raffaello","raffaello.kalle@example.com"
"Trinidad and Tobago","TT","Corney, Hadlee","Fleetwood Enterprises Inc.","337","Corney","555-202-6162","294","Investing","Hadlee","hadlee.corney@example.com"
"Ecuador","EC","Tamberg, Curcio","Progress Energy Inc","686","Tamberg","555-441-9466","295","Research and Development","Curcio","curcio.tamberg@example.com"
"Bhutan","BT","Dorkas, Emma","Coca-Cola Co.","203","Dorkas","555-186-9102","296","Human Resources","Emma","emma.dorkas@example.com"
"Croatia","HR","Fi, Abby","DaVita Inc.","251","Fi","555-447-9828","297","Insurance","Abby","abby.fi@example.com"
"Albania","AL","Jessen, Herculie","Pall Corp","629","Jessen","555-877-5297","298","Investing","Herculie","herculie.jessen@example.com"
"Bangladesh","BD","Courtney, Gweneth","Micron Technology Inc.","555","Courtney","555-394-4901","299","Purchasing","Gweneth","gweneth.courtney@example.com"
"Norway","NO","Rochkind, Kiel","Lexmark International Inc.","494","Rochkind","555-860-9456","300","Distribution","Kiel","kiel.rochkind@example.com"
"Guadeloupe","GP","Mobley, Thomasa","Genesis Health Ventures Inc.","366","Mobley","555-308-8610","301","Customer Service","Thomasa","thomasa.mobley@example.com"
"Kazakhstan","KZ","Ranite, Rozalie","Science Applications Intl. Inc.","745","Ranite","555-635-8297","302","Accounting","Rozalie","rozalie.ranite@example.com"
"Tonga","TO","Nalda, Dell","The Lubrizol Corporation","507","Nalda","555-342-2661","303","Licensing","Dell","dell.nalda@example.com"
"Nicaragua","NI","Ciaphus, Lanni","Jefferson-Pilot Co.","456","Ciaphus","555-694-2220","304","Investing","Lanni","lanni.ciaphus@example.com"
"Brunei Darussalam","BN","Nowell, Freida","Northwest Airlines Corp","603","Nowell","555-674-5941","305","Licensing","Freida","freida.nowell@example.com"
"Bermuda","BM","Yeung, Neron","St. Paul Cos.","785","Yeung","555-143-2264","306","Strategy","Neron","neron.yeung@example.com"
"Norfolk Island","NF","Tilly, Rowland","Union Planters Corp","859","Tilly","555-397-5852","307","Strategy","Rowland","rowland.tilly@example.com"
"Canada","CA","Brandwein, Zacharie","Baker Hughes Incorporated","106","Brandwein","555-788-9840","308","Research and Development","Zacharie","zacharie.brandwein@example.com"
"Ethiopia","ET","Albie, Ailina","Symbol Technologies Inc","809","Albie","555-817-5476","309","IT Support","Ailina","ailina.albie@example.com"
"Vietnam","VN","Petr, Brade","Insight Enterprises Inc.","436","Petr","555-968-7385","310","Investing","Brade","brade.petr@example.com"
"Norway","NO","Bronez, Junina","Beazer Homes USA, Inc.","118","Bronez","555-928-2745","311","Research and Development","Junina","junina.bronez@example.com"
"Åland Islands","AX","Kathlene, Hildagard","Idacorp Inc.","427","Kathlene","555-976-5854","312","Legal","Hildagard","hildagard.kathlene@example.com"
"Cyprus","CY","Treharne, Yolande","General Mills Inc","364","Treharne","555-151-4563","313","Research and Development","Yolande","yolande.treharne@example.com"
"Mongolia","MN","Zarger, Vincenz","Cablevision Systems Corp","158","Zarger","555-458-6876","314","Sales","Vincenz","vincenz.zarger@example.com"
"Croatia","HR","Rosalinda, Andris","Alliant Energy Corporation","41","Rosalinda","555-464-8352","315","Business Development","Andris","andris.rosalinda@example.com"
"Bulgaria","BG","Dalpe, Rhona","Comcast Corp.","207","Dalpe","555-339-4943","316","Production","Rhona","rhona.dalpe@example.com"
"Italy","IT","Bedwell, Leena","General Mills Inc","364","Bedwell","555-477-1665","317","Marketing","Leena","leena.bedwell@example.com"
"Bulgaria","BG","Alyda, Prudence","Rohm & Haas Co.","726","Alyda","555-630-9804","318","Investing","Prudence","prudence.alyda@example.com"
"Bahamas","BS","Jecho, Ninetta","First Data Corp.","330","Jecho","555-935-8401","319","Investing","Ninetta","ninetta.jecho@example.com"
"Ecuador","EC","Wisnicki, Orelle","Hershey Foods Corp.","409","Wisnicki","555-564-6200","320","Engineering","Orelle","orelle.wisnicki@example.com"
"Namibia","NA","Melania, Quinta","H&R Block Inc.","390","Melania","555-321-313","321","Human Resources","Quinta","quinta.melania@example.com"
"Australia","AU","Vashtia, Lauren","Universal Forest Products Inc","871","Vashtia","555-799-4053","322","Investing","Lauren","lauren.vashtia@example.com"
"Andorra","AD","Schlicher, Babbette","New Jersey Resources Corporation","580","Schlicher","555-765-1274","323","Insurance","Babbette","babbette.schlicher@example.com"
"Cook Islands","CK","Lu, Tarrance","Cooper Cameron Corp.","229","Lu","555-161-5722","324","Research and Development","Tarrance","tarrance.lu@example.com"
"Guadeloupe","GP","Moreville, Theresa","CKE Restaurants Inc.","197","Moreville","555-209-3317","325","Licensing","Theresa","theresa.moreville@example.com"
"Paraguay","PY","Pomfrey, Doro","Sports Authority Inc","781","Pomfrey","555-372-4724","326","Engineering","Doro","doro.pomfrey@example.com"
"Western Sahara","EH","Heindrick, Laurie","Harman International Industries Inc.","395","Heindrick","555-770-3379","327","Sales","Laurie","laurie.heindrick@example.com"
"Malta","MT","Fidelas, Celle","International Business Machines Corp.","442","Fidelas","555-305-5338","328","Engineering","Celle","celle.fidelas@example.com"
"Kazakhstan","KZ","Hieronymus, Marty","Revlon Inc","717","Hieronymus","555-619-2281","329","Human Resources","Marty","marty.hieronymus@example.com"
"Trinidad and Tobago","TT","Sharleen, Nedda","Williams Companies Inc","927","Sharleen","555-219-6996","330","Distribution","Nedda","nedda.sharleen@example.com"
"Kyrgyzstan","KG","Gaskin, Nannie","Applera Corporation","80","Gaskin","555-369-8223","331","Insurance","Nannie","nannie.gaskin@example.com"
"Bonaire, Saint Eustatius and Saba","BQ","Funch, Hadley","Broadwing, Inc.","148","Funch","555-467-3247","332","Accounting","Hadley","hadley.funch@example.com"
"Libya","LY","Spiers, Othelia","Perot Systems Corp","649","Spiers","555-912-7307","333","Legal","Othelia","othelia.spiers@example.com"
"Poland","PL","Metabel, Madelyn","Amgen Inc.","65","Metabel","555-921-8720","334","Licensing","Madelyn","madelyn.metabel@example.com"
"United States","US","Uziel, Wayne","Advanced Micro Devices, Inc.","17","Uziel","555-976-4225","335","Accounting","Wayne","wayne.uziel@example.com"
"Saint Kitts and Nevis","KN","Johny, Abbott","The AES Corporation","20","Johny","555-346-4964","336","Business Development","Abbott","abbott.johny@example.com"
"Afghanistan","AF","Frederica, Jefferey","Stewart Information Services Corp","798","Frederica","555-238-2160","337","Customer Service","Jefferey","jefferey.frederica@example.com"
"Nepal","NP","Jules, Felicle","Regions Financial Corp.","711","Jules","555-236-5790","338","Licensing","Felicle","felicle.jules@example.com"
"British Virgin Islands","VG","Codi, Antonina","DaVita Inc.","251","Codi","555-749-1488","339","Legal","Antonina","antonina.codi@example.com"
"Equatorial Guinea","GQ","Mathi, Allene","Premcor Inc.","680","Mathi","555-182-416","340","Purchasing","Allene","allene.mathi@example.com"
"Tanzania","TZ","Magdalen, Dur","KLA-Tencor Corporation","473","Magdalen","555-408-3161","341","Insurance","Dur","dur.magdalen@example.com"
"Sudan Sudan","SD","Psyche, Alfy","Williams Sonoma Inc","928","Psyche","555-278-5532","342","Insurance","Alfy","alfy.psyche@example.com"
"Namibia","NA","Flagler, Heddie","BJ Services Company","133","Flagler","555-372-1034","343","Production","Heddie","heddie.flagler@example.com"
"Indonesia","ID","Tini, Yancy","Pep Boys Manny, Moe & Jack","641","Tini","555-799-4657","344","Engineering","Yancy","yancy.tini@example.com"
"Uruguay","UY","Montfort, Bernardo","McDonald's Corporation","535","Montfort","555-569-1570","345","IT Support","Bernardo","bernardo.montfort@example.com"
"Guernsey","GG","Howe, Ramsey","Pep Boys Manny, Moe & Jack","641","Howe","555-871-3530","346","Production","Ramsey","ramsey.howe@example.com"
"Czech Republic","CZ","Spohr, Massimo","Petco Animal Supplies Inc.","650","Spohr","555-369-2202","347","Production","Massimo","massimo.spohr@example.com"
"Nigeria","NG","Lalo, Heinrick","Maytag Corporation","532","Lalo","555-788-1259","348","Engineering","Heinrick","heinrick.lalo@example.com"
"Republic of the Congo","CG","Chapa, Lanita","Colgate-Palmolive Co.","205","Chapa","555-981-646","349","Purchasing","Lanita","lanita.chapa@example.com"
"Hungary","HU","Kosaka, Cecile","Federal Express Corp.","324","Kosaka","555-630-5424","350","Legal","Cecile","cecile.kosaka@example.com"
"Sri Lanka","LK","Kelci, Iris","ONEOK Inc","617","Kelci","555-385-5832","351","Strategy","Iris","iris.kelci@example.com"
"New Zealand","NZ","Herwick, Murial","Frontier Oil Corp","353","Herwick","555-693-2834","352","Research and Development","Murial","murial.herwick@example.com"
"Turks and Caicos Islands","TC","Chretien, Donny","Community Health Systems Inc.","212","Chretien","555-969-4616","353","Sales","Donny","donny.chretien@example.com"
"Guam","GU","Wilen, Blithe","Qualcomm Inc","697","Wilen","555-853-3827","354","Research and Development","Blithe","blithe.wilen@example.com"
"Guam","GU","Ursulina, Roxine","Boston Scientific Corporation","142","Ursulina","555-707-4393","355","Operations","Roxine","roxine.ursulina@example.com"
"Tonga","TO","Dawkins, Garald","Eastman Kodak Company","288","Dawkins","555-829-9377","356","Customer Service","Garald","garald.dawkins@example.com"
"Guyana","GY","Intosh, Marybeth","Millennium Chemicals Inc.","558","Intosh","555-987-9031","357","Customer Service","Marybeth","marybeth.intosh@example.com"
"Estonia","EE","Jewelle, Walton","Belk, Inc.","122","Jewelle","555-539-3407","358","Operations","Walton","walton.jewelle@example.com"
"Togo","TG","Cathryn, Kerby","Cummins Inc.","243","Cathryn","555-932-4519","359","Business Development","Kerby","kerby.cathryn@example.com"
"Oman","OM","Chamkis, Wolf","Georgia-Pacific Corporation","373","Chamkis","555-161-575","360","Operations","Wolf","wolf.chamkis@example.com"
"Martinique","MQ","Avrit, Tanner","Lexmark International Inc.","494","Avrit","555-414-9462","361","Production","Tanner","tanner.avrit@example.com"
"Burundi","BI","Issi, Nataline","Lithia Motors Inc.","498","Issi","555-803-7930","362","Marketing","Nataline","nataline.issi@example.com"
"Estonia","EE","Uela, Field","EGL Inc.","293","Uela","555-384-2725","363","Production","Field","field.uela@example.com"
"Montenegro","ME","Strong, Bert","On Semiconductor Corp","616","Strong","555-768-1631","364","Legal","Bert","bert.strong@example.com"
"Sweden","SE","Linus, Meier","Coca-Cola Co.","203","Linus","555-556-5752","365","Sales","Meier","meier.linus@example.com"
"Georgia","GE","Ornstead, Laney","Conectiv, Inc","220","Ornstead","555-718-24","366","Customer Service","Laney","laney.ornstead@example.com"
"Åland Islands","AX","Neff, Ulises","Norfolk Southern Corporation","590","Neff","555-193-9274","367","Purchasing","Ulises","ulises.neff@example.com"
"Afghanistan","AF","Marijane, Dylan","Washington Mutual Inc","908","Marijane","555-978-6472","368","Purchasing","Dylan","dylan.marijane@example.com"
"Tanzania","TZ","Durarte, Elnore","FPL Group Inc.","350","Durarte","555-362-5829","369","Insurance","Elnore","elnore.durarte@example.com"
"Aruba","AW","Ashlan, Gilligan","Sun Healthcare Group Inc.","802","Ashlan","555-246-5428","370","Purchasing","Gilligan","gilligan.ashlan@example.com"
"Bulgaria","BG","Desai, Rocky","Republic Services Inc","716","Desai","555-157-3262","371","Purchasing","Rocky","rocky.desai@example.com"
"Guadeloupe","GP","Helali, Tyrus","Kelly Services Inc.","464","Helali","555-400-6348","372","Marketing","Tyrus","tyrus.helali@example.com"
"Central African Republic","CF","Farl, Danit","Solutia Inc","770","Farl","555-342-6392","373","Accounting","Danit","danit.farl@example.com"
"Paraguay","PY","Litha, Emmie","Burlington Resources Inc.","156","Litha","555-747-9058","374","Research and Development","Emmie","emmie.litha@example.com"
"Netherlands","NL","Salangia, Donavon","Compass Bancshares Inc","213","Salangia","555-183-6136","375","Licensing","Donavon","donavon.salangia@example.com"
"Netherlands","NL","Dennet, Roby","Beckman Coulter, Inc.","119","Dennet","555-825-1906","376","Engineering","Roby","roby.dennet@example.com"
"Belize","BZ","Demb, Susannah","Merrill Lynch & Co. Inc.","547","Demb","555-361-8267","377","Human Resources","Susannah","susannah.demb@example.com"
"Hungary","HU","Adigun, Stanly","Fairchild Semiconductor International Inc.","319","Adigun","555-926-4313","378","Investing","Stanly","stanly.adigun@example.com"
"Comoros","KM","Harilda, Gertie","Cummins Inc.","243","Harilda","555-238-5258","379","Human Resources","Gertie","gertie.harilda@example.com"
"Taiwan","TW","Zakaria, Nolan","Ecolab Inc.","291","Zakaria","555-578-3238","380","Investing","Nolan","nolan.zakaria@example.com"
"Marshall Islands","MH","Genie, Harrietta","Champion Enterprises Inc.","180","Genie","555-919-1065","381","Production","Harrietta","harrietta.genie@example.com"
"Guernsey","GG","Desdamona, Sanderson","Vishay Intertechnology Inc","894","Desdamona","555-951-5117","382","Licensing","Sanderson","sanderson.desdamona@example.com"
"Togo","TG","Norvol, Britt","HCA Inc.","402","Norvol","555-217-1386","383","IT Support","Britt","britt.norvol@example.com"
"Heard Island and McDonald Islands","HM","Jorie, Dalis","Belk, Inc.","122","Jorie","555-694-1285","384","Business Development","Dalis","dalis.jorie@example.com"
"Guinea-Bissau","GW","Gean, Josee","3M Company","2","Gean","555-404-8949","385","Engineering","Josee","josee.gean@example.com"
"Saint Barthélemy","BL","Greenquist, Aarika","El Paso Corporation","294","Greenquist","555-474-490","386","Production","Aarika","aarika.greenquist@example.com"
"Wallis and Futuna","WF","Heimlich, Lucine","Tesoro Petroleum Corp.","826","Heimlich","555-681-1638","387","Distribution","Lucine","lucine.heimlich@example.com"
"State of Palestine","PS","Laughry, Gilburt","Rockwell Automation Inc","724","Laughry","555-395-6686","388","Customer Service","Gilburt","gilburt.laughry@example.com"
"Macedonia","MK","Ulric, Nonah","Brown Shoe Company, Inc.","149","Ulric","555-940-4332","389","Purchasing","Nonah","nonah.ulric@example.com"
"Turks and Caicos Islands","TC","Deb, Timmi","Unified Western Grocers Inc","857","Deb","555-358-5897","390","Sales","Timmi","timmi.deb@example.com"
"Christmas Island","CX","Underwood, Gaby","Cendant Corp","174","Underwood","555-169-4281","391","Marketing","Gaby","gaby.underwood@example.com"
"South Georgia and the South Sandwich Island","GS","Brenk, Katina","The Bank of New York Company, Inc.","109","Brenk","555-615-7609","392","Insurance","Katina","katina.brenk@example.com"
"Niue","NU","Sikko, Aridatha","Sonoco Products Co.","772","Sikko","555-981-4093","393","Operations","Aridatha","aridatha.sikko@example.com"
"Tuvalu","TV","Winson, Wally","J.B. Hunt Transport Services Inc.","449","Winson","555-176-6423","394","Engineering","Wally","wally.winson@example.com"
"Antigua and Barbuda","AG","Coney, Agnese","Dow Jones & Company, Inc.","272","Coney","555-372-5214","395","Marketing","Agnese","agnese.coney@example.com"
"Swaziland","SZ","Northrop, Hetty","Ace Hardware Corporation","7","Northrop","555-727-3514","396","Engineering","Hetty","hetty.northrop@example.com"
"Finland","FI","Asabi, Barnard","Smithfield Foods Inc","766","Asabi","555-335-4623","397","Insurance","Barnard","barnard.asabi@example.com"
"Gabon","GA","Keffer, Modestia","Amazon.com, Inc.","47","Keffer","555-813-6699","398","Investing","Modestia","modestia.keffer@example.com"
"Christmas Island","CX","Hagen, Leora","Tower Automotive Inc.","839","Hagen","555-426-7931","399","Strategy","Leora","leora.hagen@example.com"
"Papua New Guinea","PG","Winter, Etti","Dollar General Corporation","266","Winter","555-845-8474","400","Customer Service","Etti","etti.winter@example.com"
"United States","US","Melan, Trixy","Atmos Energy Corporation","95","Melan","555-785-9278","401","Research and Development","Trixy","trixy.melan@example.com"
"Egypt","EG","Kreager, Jessa","Stewart & Stevenson Services Inc","797","Kreager","555-276-6708","402","Engineering","Jessa","jessa.kreager@example.com"
"Lesotho","LS","Eadwina, Esteban","Sovereign Bancorp Inc.","778","Eadwina","555-444-1130","403","IT Support","Esteban","esteban.eadwina@example.com"
"Jamaica","JM","Erma, Estell","WGL Holdings Inc","923","Erma","555-689-5146","404","Research and Development","Estell","estell.erma@example.com"
"Uruguay","UY","Teerell, Bordy","Advantica Restaurant Group, Inc.","19","Teerell","555-648-4685","405","Human Resources","Bordy","bordy.teerell@example.com"
"Burkina Faso","BF","Whalen, Dorrie","OfficeMax Inc","607","Whalen","555-710-2966","406","Strategy","Dorrie","dorrie.whalen@example.com"
"Fiji","FJ","Arnold, Maryrose","Foot Locker Inc","344","Arnold","555-960-5745","407","Purchasing","Maryrose","maryrose.arnold@example.com"
"Lesotho","LS","Martel, Debor","OGE Energy Corp","608","Martel","555-826-2861","408","IT Support","Debor","debor.martel@example.com"
"Grenada","GD","Natal, Christi","Kerr-McGee Corporation","467","Natal","555-315-5906","409","Purchasing","Christi","christi.natal@example.com"
"Yemen","YE","Cassondra, Godwin","Storage Technology Corporation","800","Cassondra","555-936-4268","410","Production","Godwin","godwin.cassondra@example.com"
"Democratic Republic of the Congo","CD","Quintilla, Sherman","Colgate-Palmolive Co.","205","Quintilla","555-916-5651","411","Human Resources","Sherman","sherman.quintilla@example.com"
"France","FR","Rior, Yalonda","Mandalay Resort Group","513","Rior","555-991-7541","412","Distribution","Yalonda","yalonda.rior@example.com"
"Mayotte","YT","Manara, Romonda","Spherion Corp","780","Manara","555-595-9284","413","Distribution","Romonda","romonda.manara@example.com"
"Italy","IT","Suellen, Alexia","Shopko Stores Inc","757","Suellen","555-890-517","414","Purchasing","Alexia","alexia.suellen@example.com"
"Sint Maarten","SX","Jandy, Maryellen","Conseco Inc.","222","Jandy","555-824-5396","415","Accounting","Maryellen","maryellen.jandy@example.com"
"Thailand","TH","Kele, Ariel","MPS Group Inc.","565","Kele","555-895-3476","416","Distribution","Ariel","ariel.kele@example.com"
"Namibia","NA","Jehial, Marcus","Norfolk Southern Corporation","590","Jehial","555-941-4377","417","Licensing","Marcus","marcus.jehial@example.com"
"Kazakhstan","KZ","Holzman, Mattias","W.W. Grainger Inc","900","Holzman","555-991-9537","418","Customer Service","Mattias","mattias.holzman@example.com"
"Canada","CA","Fawcett, Derward","Mirant Corporation","559","Fawcett","555-830-6030","419","Distribution","Derward","derward.fawcett@example.com"
"Belgium","BE","Erlene, Ellswerth","Weatherford International Inc","912","Erlene","555-767-5677","420","Business Development","Ellswerth","ellswerth.erlene@example.com"
"Tanzania","TZ","Reeta, Alonso","Champion Enterprises Inc.","180","Reeta","555-269-3231","421","Marketing","Alonso","alonso.reeta@example.com"
"Saint Barthélemy","BL","Morissa, Fredric","IMS Health Inc.","433","Morissa","555-687-5019","422","Investing","Fredric","fredric.morissa@example.com"
"Saint Helena, Ascension and Tristan da Cunha","SH","Garrik, Tonya","Citigroup, Inc","195","Garrik","555-966-1118","423","Operations","Tonya","tonya.garrik@example.com"
"Libya","LY","Violante, Alane","Cincinnati Financial Corp.","190","Violante","555-131-182","424","Legal","Alane","alane.violante@example.com"
"Montserrat","MS","Brigid, Gunner","Milacron Inc.","557","Brigid","555-803-8461","425","Purchasing","Gunner","gunner.brigid@example.com"
"Barbados","BB","Perni, Lisabeth","Abercrombie & Fitch Co.","5","Perni","555-928-2601","426","IT Support","Lisabeth","lisabeth.perni@example.com"
"Réunion","RE","Ingaborg, Ahmad","Prudential Financial Inc.","691","Ingaborg","555-805-7594","427","Engineering","Ahmad","ahmad.ingaborg@example.com"
"Monaco","MC","Curzon, Daffi","Anthem, Inc.","75","Curzon","555-806-8801","428","Sales","Daffi","daffi.curzon@example.com"
"Iraq","IQ","Harwilll, Sisely","Constellation Brands Inc.","225","Harwilll","555-446-6450","429","Investing","Sisely","sisely.harwilll@example.com"
"Gabon","GA","Westland, Ardene","American Power Conversion Corporation","49","Westland","555-687-1470","430","Research and Development","Ardene","ardene.westland@example.com"
"Singapore","SG","Tarttan, Marjie","Unisource Energy Corp","860","Tarttan","555-562-938","431","IT Support","Marjie","marjie.tarttan@example.com"
"Malta","MT","Waltner, Verna","Nash Finch Company","569","Waltner","555-572-4886","432","Human Resources","Verna","verna.waltner@example.com"
"Brunei Darussalam","BN","Mulloy, Winni","Walt Disney Co","906","Mulloy","555-814-6964","433","Accounting","Winni","winni.mulloy@example.com"
"Martinique","MQ","Lidda, Deina","The Alpine Group, Inc.","46","Lidda","555-406-6805","434","Distribution","Deina","deina.lidda@example.com"
"Tunisia","TN","Maighdlin, William","Rockwell Collins Inc","725","Maighdlin","555-594-5745","435","Research and Development","William","william.maighdlin@example.com"
"Belarus","BY","Verras, Fran","Raymond James Financial Inc.","707","Verras","555-571-2206","436","IT Support","Fran","fran.verras@example.com"
"Tonga","TO","Shaer, Putnam","Plains All American Pipeline LP","668","Shaer","555-481-7481","437","Distribution","Putnam","putnam.shaer@example.com"
"Gibraltar","GI","Theobald, Burtie","Gateway Inc.","357","Theobald","555-555-3682","438","Accounting","Burtie","burtie.theobald@example.com"
"Afghanistan","AF","Calabrese, Jake","Puget Energy Inc.","695","Calabrese","555-691-3373","439","Human Resources","Jake","jake.calabrese@example.com"
"Isle of Man","IM","Lorrin, Jilleen","IDT Corporation","428","Lorrin","555-444-6091","440","Operations","Jilleen","jilleen.lorrin@example.com"
"Honduras","HN","Jonie, Nobie","Scotts Company","747","Jonie","555-502-4500","441","Business Development","Nobie","nobie.jonie@example.com"
"Slovenia","SI","Gilemette, Elsa","Provident Financial Group","689","Gilemette","555-416-5377","442","Investing","Elsa","elsa.gilemette@example.com"
"Cambodia","KH","Tarttan, Terrijo","Comverse Technology Inc.","217","Tarttan","555-784-6412","443","Research and Development","Terrijo","terrijo.tarttan@example.com"
"Morocco","MA","Ninnetta, Chicky","Merrill Lynch & Co. Inc.","547","Ninnetta","555-153-4719","444","Marketing","Chicky","chicky.ninnetta@example.com"
"Slovakia","SK","Liederman, Patrizio","John Hancock Financial Services Inc.","457","Liederman","555-349-3961","445","Operations","Patrizio","patrizio.liederman@example.com"
"Niue","NU","Carling, Lorraine","Knight-Ridder Inc.","475","Carling","555-570-7860","446","Marketing","Lorraine","lorraine.carling@example.com"
"Namibia","NA","Guillema, Cyndi","Northeast Utilities System","593","Guillema","555-675-1471","447","Business Development","Cyndi","cyndi.guillema@example.com"
"Argentina","AR","Rysler, Tabina","American Standard Companies Inc.","61","Rysler","555-383-5847","448","Insurance","Tabina","tabina.rysler@example.com"
"Liberia","LR","Apfelstadt, Tobi","Verizon Communications Inc","889","Apfelstadt","555-336-3612","449","Distribution","Tobi","tobi.apfelstadt@example.com"
"Kuwait","KW","Nealon, Brandi","Rite Aid Corp","719","Nealon","555-908-1644","450","Strategy","Brandi","brandi.nealon@example.com"
"Taiwan","TW","Jeffries, Pauli","The LTV Corporation","506","Jeffries","555-137-7602","451","Business Development","Pauli","pauli.jeffries@example.com"
"Liberia","LR","Bierman, Jonathon","Jabil Circuit Inc.","452","Bierman","555-583-5615","452","Strategy","Jonathon","jonathon.bierman@example.com"
"Christmas Island","CX","Ender, Dorree","Stanley Works","789","Ender","555-770-4280","453","Strategy","Dorree","dorree.ender@example.com"
"Åland Islands","AX","Loring, Flin","E.W. Scripps Company","285","Loring","555-301-7695","454","Customer Service","Flin","flin.loring@example.com"
"Lithuania","LT","Ailis, Ilka","NiSource Inc","587","Ailis","555-126-726","455","Research and Development","Ilka","ilka.ailis@example.com"
"Solomon Islands","SB","Labanna, Nert","Dominion Resources, Inc.","268","Labanna","555-198-640","456","Distribution","Nert","nert.labanna@example.com"
"Afghanistan","AF","Wiese, Leonerd","Pacific Gas & Electric Corp.","654","Wiese","555-398-1931","457","Purchasing","Leonerd","leonerd.wiese@example.com"
"Israel","IL","Mickey, Mead","Dover Corporation, Inc.","270","Mickey","555-926-6524","458","Investing","Mead","mead.mickey@example.com"
"Sri Lanka","LK","Marco, Joane","Bank of America Corporation","108","Marco","555-155-3215","459","Accounting","Joane","joane.marco@example.com"
"Turkey","TR","Corrianne, Leanna","Linens 'n Things Inc.","497","Corrianne","555-497-8965","460","IT Support","Leanna","leanna.corrianne@example.com"
"Dominica","DM","Galloway, Tye","Cooper Tire & Rubber Co.","231","Galloway","555-631-655","461","Customer Service","Tye","tye.galloway@example.com"
"Madagascar","MG","Bander, Lorilyn","American Greetings Corporation","59","Bander","555-130-7891","462","Business Development","Lorilyn","lorilyn.bander@example.com"
"Faroe Islands","FO","Patrizius, Minetta","Gannett Co., Inc.","355","Patrizius","555-493-6140","463","Distribution","Minetta","minetta.patrizius@example.com"
"Serbia","RS","Zeralda, Ealasaid","Noble Energy Inc","588","Zeralda","555-901-3036","464","Licensing","Ealasaid","ealasaid.zeralda@example.com"
"Honduras","HN","Heck, Roderick","Allergan, Inc.","39","Heck","555-419-6187","465","Accounting","Roderick","roderick.heck@example.com"
"Taiwan","TW","Sadiras, Fredelia","TJX Companies Inc","834","Sadiras","555-196-2875","466","Human Resources","Fredelia","fredelia.sadiras@example.com"
"Honduras","HN","Rella, Penelope","American Standard Companies Inc.","61","Rella","555-657-1311","467","Investing","Penelope","penelope.rella@example.com"
"Romania","RO","Powers, Issiah","Ryder System Inc","730","Powers","555-781-891","468","Sales","Issiah","issiah.powers@example.com"
"Saint Pierre and Miquelon","PM","Atul, Kalila","National Semiconductor Corporation","575","Atul","555-500-2514","469","Distribution","Kalila","kalila.atul@example.com"
"Australia","AU","Sig, York","Phelps Dodge Corp.","657","Sig","555-788-5878","470","Licensing","York","york.sig@example.com"
"Micronesia","FM","Stannwood, Ulrich","Smith International Inc","765","Stannwood","555-968-7739","471","Marketing","Ulrich","ulrich.stannwood@example.com"
"Azerbaijan","AZ","Thorrlow, Belia","Greif Bros. Corporation","386","Thorrlow","555-246-9448","472","Purchasing","Belia","belia.thorrlow@example.com"
"British Virgin Islands","VG","Banwell, Gracia","Micron Technology Inc.","555","Banwell","555-353-9009","473","Accounting","Gracia","gracia.banwell@example.com"
"Bonaire, Saint Eustatius and Saba","BQ","Beera, Wes","AnnTaylor Inc.","74","Beera","555-673-408","474","Purchasing","Wes","wes.beera@example.com"
"Montserrat","MS","Chamberlin, Bertina","U.S. Bancorp","853","Chamberlin","555-177-188","475","Accounting","Bertina","bertina.chamberlin@example.com"
"Guinea-Bissau","GW","Rochell, Hodge","Burlington Northern Santa Fe Corporation","155","Rochell","555-877-3378","476","Purchasing","Hodge","hodge.rochell@example.com"
"Libya","LY","Murray, Kaia","Belk, Inc.","122","Murray","555-365-6136","477","Production","Kaia","kaia.murray@example.com"
"Thailand","TH","Jeana, Marleah","MBNA Corporation","533","Jeana","555-898-6694","478","Production","Marleah","marleah.jeana@example.com"
"Saint Martin","MF","Epps, Martita","Manor Care Inc.","514","Epps","555-850-2323","479","Investing","Martita","martita.epps@example.com"
"Malta","MT","Gradeigh, Dena","Administaff, Inc.","13","Gradeigh","555-365-6591","480","Legal","Dena","dena.gradeigh@example.com"
"Slovenia","SI","Marienthal, Maddalena","Universal Corporation","870","Marienthal","555-786-1851","481","Purchasing","Maddalena","maddalena.marienthal@example.com"
"Brunei Darussalam","BN","Maryrose, Percy","Home Depot Inc.","415","Maryrose","555-296-4624","482","Business Development","Percy","percy.maryrose@example.com"
"Kiribati","KI","Yordan, Mead","Weyerhauser Company","922","Yordan","555-406-16","483","Customer Service","Mead","mead.yordan@example.com"
"Belgium","BE","Epp, Amerigo","Sonic Automotive Inc.","771","Epp","555-568-7804","484","Engineering","Amerigo","amerigo.epp@example.com"
"Afghanistan","AF","Kare, Salomi","E.I. Du Pont de Nemours and Company","278","Kare","555-450-1831","485","Investing","Salomi","salomi.kare@example.com"
"Nauru","NR","Phillis, Kienan","Watsco Inc","911","Phillis","555-600-4777","486","Insurance","Kienan","kienan.phillis@example.com"
"Somalia","SO","Linzer, Innis","Affiliated Computer Services, Inc.","22","Linzer","555-807-1817","487","Customer Service","Innis","innis.linzer@example.com"
"Guyana","GY","Spiros, Morris","TJX Companies Inc","834","Spiros","555-170-3792","488","IT Support","Morris","morris.spiros@example.com"
"Åland Islands","AX","Marmion, Bartel","Apartment Investment and Management Company","27","Marmion","555-147-8766","489","Distribution","Bartel","bartel.marmion@example.com"
"Taiwan","TW","Wind, Rancell","DQE Inc.","274","Wind","555-803-3061","490","Operations","Rancell","rancell.wind@example.com"
"Bouvet Island","BV","Olenolin, Tedra","H&R Block Inc.","390","Olenolin","555-557-7077","491","Engineering","Tedra","tedra.olenolin@example.com"
"Algeria","DZ","Drucill, Free","Polaris Industries Inc.","671","Drucill","555-508-4379","492","Research and Development","Free","free.drucill@example.com"
"Samoa","WS","Mueller, Mason","Metaldyne Corporation","548","Mueller","555-827-618","493","Production","Mason","mason.mueller@example.com"
"Faroe Islands","FO","Lucie, Mindy","Cigna Corp","189","Lucie","555-167-5294","494","Accounting","Mindy","mindy.lucie@example.com"
"Norfolk Island","NF","Helaina, Cornie","Nordstrom Inc","589","Helaina","555-428-8715","495","Business Development","Cornie","cornie.helaina@example.com"
"Senegal","SN","Crow, Josey","Big Lots, Inc.","132","Crow","555-419-2165","496","Customer Service","Josey","josey.crow@example.com"
"Guinea","GN","Danialah, Lindsay","Molex Incorporated","561","Danialah","555-110-6830","497","Strategy","Lindsay","lindsay.danialah@example.com"
"Slovakia","SK","Hamlen, Willie","The Black & Decker Corporation","135","Hamlen","555-578-375","498","Marketing","Willie","willie.hamlen@example.com"
"Norfolk Island","NF","Belle, Maighdiln","Dillard's Inc.","263","Belle","555-938-6834","499","Distribution","Maighdiln","maighdiln.belle@example.com"
"Heard Island and McDonald Islands","HM","Pitt, Angel","Legg Mason Inc.","487","Pitt","555-134-9378","500","Purchasing","Angel","angel.pitt@example.com"
"Martinique","MQ","Rizas, Blinni","Wyeth","936","Rizas","555-948-3416","501","Accounting","Blinni","blinni.rizas@example.com"
"Madagascar","MG","Eddra, Myriam","Amazon.com, Inc.","47","Eddra","555-174-4360","502","Sales","Myriam","myriam.eddra@example.com"
"Zambia","ZM","Dorran, Stephenie","KPMG Consulting Inc.","477","Dorran","555-872-4147","503","Licensing","Stephenie","stephenie.dorran@example.com"
"Macau","MO","Goodrich, Selia","Viasystems Group Inc","893","Goodrich","555-533-4975","504","Sales","Selia","selia.goodrich@example.com"
"Eritrea","ER","Verge, Evie","Ivax Corp.","448","Verge","555-138-4916","505","Marketing","Evie","evie.verge@example.com"
"Yemen","YE","Martita, Wesley","Franklin Resources Inc.","351","Martita","555-670-7866","506","Strategy","Wesley","wesley.martita@example.com"
"Fiji","FJ","Adai, Audra","Old Republic International Corp.","611","Adai","555-680-1068","507","Customer Service","Audra","audra.adai@example.com"
"Saint Pierre and Miquelon","PM","Kellie, Breanne","Corning Inc.","233","Kellie","555-692-7011","508","Engineering","Breanne","breanne.kellie@example.com"
"Qatar","QA","Ethan, Byram","Timken Company","833","Ethan","555-160-4161","509","Engineering","Byram","byram.ethan@example.com"
"Burundi","BI","Bartholomeo, Vere","Brightpoint, Inc.","145","Bartholomeo","555-350-1626","510","Sales","Vere","vere.bartholomeo@example.com"
"Kenya","KE","Gensler, Melba","Lithia Motors Inc.","498","Gensler","555-890-1059","511","Customer Service","Melba","melba.gensler@example.com"
"Botswana","BW","Nabala, Lorilee","Hartford Financial Services Group Inc.","399","Nabala","555-324-6565","512","Distribution","Lorilee","lorilee.nabala@example.com"
"Lithuania","LT","Gerhardine, Gilemette","Winn Dixie Stores Inc","929","Gerhardine","555-885-6268","513","Marketing","Gilemette","gilemette.gerhardine@example.com"
"Taiwan","TW","Loughlin, Patrice","Charming Shoppes Inc.","182","Loughlin","555-165-2416","514","Distribution","Patrice","patrice.loughlin@example.com"
"Trinidad and Tobago","TT","Snashall, Diannne","D&K Healthcare Resources, Inc.","246","Snashall","555-574-5224","515","Production","Diannne","diannne.snashall@example.com"
"Dominican Republic","DO","Pickering, Palmer","Anheuser-Busch Companies, Inc.","72","Pickering","555-365-6468","516","Purchasing","Palmer","palmer.pickering@example.com"
"Norway","NO","Milla, Jacquetta","Hercules Inc.","407","Milla","555-133-4001","517","Operations","Jacquetta","jacquetta.milla@example.com"
"Anguilla","AI","Carew, Lane","Jack In The Box Inc.","453","Carew","555-648-9243","518","Human Resources","Lane","lane.carew@example.com"
"Ghana","GH","De, Maurits","McKesson Corporation","537","De","555-233-809","519","Operations","Maurits","maurits.de@example.com"
"Montserrat","MS","Faustine, Felicdad","Beverly Enterprises, Inc.","131","Faustine","555-968-6100","520","Customer Service","Felicdad","felicdad.faustine@example.com"
"Greenland","GL","Thistle, Barbie","NTL Incorporated","599","Thistle","555-368-7050","521","Purchasing","Barbie","barbie.thistle@example.com"
"Guyana","GY","Lemuel, Nester","Fisher Scientific International Inc.","335","Lemuel","555-874-676","522","Human Resources","Nester","nester.lemuel@example.com"
"Gambia","GM","Hauge, Lisha","North Fork Bancorporation Inc","592","Hauge","555-915-5464","523","Legal","Lisha","lisha.hauge@example.com"
"Uganda","UG","Rikki, Drucie","Lennox International Inc.","491","Rikki","555-399-9637","524","Sales","Drucie","drucie.rikki@example.com"
"Saint Martin","MF","Penney, Ced","M & T Bank Corporation","510","Penney","555-346-3081","525","Investing","Ced","ced.penney@example.com"
"China","CN","Dowzall, Ware","Western Gas Resources Inc","920","Dowzall","555-740-2100","526","Operations","Ware","ware.dowzall@example.com"
"New Caledonia","NC","Adolph, Adrea","Scana Corp.","741","Adolph","555-153-2297","527","Purchasing","Adrea","adrea.adolph@example.com"
"Burkina Faso","BF","Cavill, Nikos","Liz Claiborne Inc.","499","Cavill","555-591-8975","528","Legal","Nikos","nikos.cavill@example.com"
"Nigeria","NE","Misty, Kevan","Cendant Corp","174","Misty","555-398-3050","529","Sales","Kevan","kevan.misty@example.com"
"Iraq","IQ","Isle, Vicky","Automatic Data Processing, Inc.","98","Isle","555-352-3787","530","Research and Development","Vicky","vicky.isle@example.com"
"Czech Republic","CZ","Reynolds, Sigvard","Devon Energy Corporation","259","Reynolds","555-665-7651","531","Licensing","Sigvard","sigvard.reynolds@example.com"
"Åland Islands","AX","Sinegold, Fonzie","Goodrich Corporation","379","Sinegold","555-793-2484","532","Investing","Fonzie","fonzie.sinegold@example.com"
"Bermuda","BM","Homans, Isidor","Sports Authority Inc","781","Homans","555-270-9423","533","Engineering","Isidor","isidor.homans@example.com"
"Yemen","YE","Moselle, Fernandina","Walter Industries Inc","907","Moselle","555-377-7013","534","Distribution","Fernandina","fernandina.moselle@example.com"
"Democratic Republic of the Congo","CD","Darren, Jaquith","Coca-Cola Enterprises Inc.","204","Darren","555-700-4987","535","Insurance","Jaquith","jaquith.darren@example.com"
"Algeria","DZ","Urba, Orella","Viasystems Group Inc","893","Urba","555-658-9346","536","Insurance","Orella","orella.urba@example.com"
"Guernsey","GG","Spencer, Duky","Freeport McMoran Copper & Gold Inc.","352","Spencer","555-558-1859","537","Purchasing","Duky","duky.spencer@example.com"
"Haiti","HT","Adim, Eugenio","Marsh & McLennan Companies Inc.","520","Adim","555-786-2547","538","Engineering","Eugenio","eugenio.adim@example.com"
"Sweden","SE","Tiernan, Yoshi","Foamex International Inc","343","Tiernan","555-672-4957","539","Human Resources","Yoshi","yoshi.tiernan@example.com"
"Estonia","EE","Greerson, Loria","Dun & Bradstreet Inc.","280","Greerson","555-617-556","540","Customer Service","Loria","loria.greerson@example.com"
"India","IN","Roch, Terry","Cendant Corp","174","Roch","555-847-5766","541","Strategy","Terry","terry.roch@example.com"
"Aruba","AW","Danica, Eba","The Men's Wearhouse Inc.","544","Danica","555-236-2547","542","Investing","Eba","eba.danica@example.com"
"Italy","IT","Vic, Baxter","Eaton Corporation","289","Vic","555-331-4542","543","Distribution","Baxter","baxter.vic@example.com"
"State of Palestine","PS","Mylan, Valerie","Foamex International Inc","343","Mylan","555-163-5818","544","Distribution","Valerie","valerie.mylan@example.com"
"Moldova","MD","Heyes, Nevin","Conseco Inc.","222","Heyes","555-319-7616","545","Engineering","Nevin","nevin.heyes@example.com"
"Palau","PW","Amieva, Jania","Nextel Communications Inc","584","Amieva","555-137-212","546","Marketing","Jania","jania.amieva@example.com"
"Colombia","CO","Fairweather, Binky","Spherion Corp","780","Fairweather","555-921-8484","547","Marketing","Binky","binky.fairweather@example.com"
"Bulgaria","BG","Gimpel, Jedd","U.S. Bancorp","853","Gimpel","555-248-3661","548","Strategy","Jedd","jedd.gimpel@example.com"
"South Africa","ZA","Philcox, Liva","Bank One Corporation","110","Philcox","555-732-8656","549","Strategy","Liva","liva.philcox@example.com"
"Madagascar","MG","Goebel, Christiano","R.J. Reynolds Tobacco Company","704","Goebel","555-777-5032","550","Business Development","Christiano","christiano.goebel@example.com"
"Russia","RU","Crista, Keefe","Caremark Rx Inc.","165","Crista","555-919-8430","551","Distribution","Keefe","keefe.crista@example.com"
"Cayman Islands Cayman Islands","KY","Aran, Joachim","Valero Energy Corporation","883","Aran","555-418-5296","552","Human Resources","Joachim","joachim.aran@example.com"
"Mali","ML","Gies, Laurence","Ruddick Corp","729","Gies","555-569-6838","553","Distribution","Laurence","laurence.gies@example.com"
"Guinea","GN","Fidelia, Verena","Scientific-Atlanta Inc","746","Fidelia","555-165-5372","554","Research and Development","Verena","verena.fidelia@example.com"
"France","FR","Josefa, Valida","Phelps Dodge Corp.","657","Josefa","555-632-7851","555","Distribution","Valida","valida.josefa@example.com"
"South Georgia and the South Sandwich Island","GS","Rucker, Rois","MGIC Investment Corporation","552","Rucker","555-498-5650","556","Distribution","Rois","rois.rucker@example.com"
"Swaziland","SZ","Wenoa, Seward","Lockheed Martin Corporation","500","Wenoa","555-538-4830","557","Strategy","Seward","seward.wenoa@example.com"
"Georgia","GE","Pollerd, Jess","Harrah's Entertainment Inc.","396","Pollerd","555-256-5678","558","Insurance","Jess","jess.pollerd@example.com"
"Guam","GU","Stormy, Nonnah","Albertson's, Inc.","34","Stormy","555-668-2266","559","Legal","Nonnah","nonnah.stormy@example.com"
"Switzerland","CH","Lorianne, Datha","America West Holdings Corporation","53","Lorianne","555-266-9387","560","Production","Datha","datha.lorianne@example.com"
"Palau","PW","Burkhard, Bonny","Group 1 Automotive Inc.","388","Burkhard","555-475-2984","561","Engineering","Bonny","bonny.burkhard@example.com"
"Cayman Islands Cayman Islands","KY","Bhatt, Wells","Scana Corp.","741","Bhatt","555-797-9405","562","Production","Wells","wells.bhatt@example.com"
"Moldova","MD","Blynn, Durward","Reader's Digest Association Inc.","709","Blynn","555-931-610","563","Engineering","Durward","durward.blynn@example.com"
"Switzerland","CH","Fitton, Tucker","K-Mart Corp.","474","Fitton","555-238-3405","564","Investing","Tucker","tucker.fitton@example.com"
"Israel","IL","Novello, Pamella","The Neiman Marcus Group Inc.","579","Novello","555-840-4314","565","Distribution","Pamella","pamella.novello@example.com"
"Kiribati","KI","Richardo, Arline","Fleming Companies Inc.","338","Richardo","555-512-8067","566","Business Development","Arline","arline.richardo@example.com"
"British Virgin Islands","VG","Fassold, Hamish","Starwood Hotels & Resorts Worldwide Inc","792","Fassold","555-221-6420","567","Research and Development","Hamish","hamish.fassold@example.com"
"Martinique","MQ","Cordier, Marieann","Valspar Corporation","884","Cordier","555-532-7416","568","Customer Service","Marieann","marieann.cordier@example.com"
"Indonesia","ID","Guillemette, Kathe","Polo Ralph Lauren Corp","672","Guillemette","555-993-8751","569","Licensing","Kathe","kathe.guillemette@example.com"
"Maldives","MV","Joly, Haily","Quantum Corp","699","Joly","555-326-7186","570","Engineering","Haily","haily.joly@example.com"
"Anguilla","AI","Singleton, Marinna","KeyCorp","468","Singleton","555-748-9144","571","Engineering","Marinna","marinna.singleton@example.com"
"Pakistan","PK","Onfroi, Aylmer","Herman Miller Inc.","408","Onfroi","555-481-8585","572","Purchasing","Aylmer","aylmer.onfroi@example.com"
"Belgium","BE","Jary, Dalenna","Harsco Corp.","398","Jary","555-456-9719","573","Operations","Dalenna","dalenna.jary@example.com"
"Gibraltar","GI","Alvis, Brana","Vectren Corporation","887","Alvis","555-745-3668","574","Sales","Brana","brana.alvis@example.com"
"Saint Barthélemy","BL","Bandeen, Diane-Marie","Bethlehem Steel Corporation","130","Bandeen","555-363-8035","575","Purchasing","Diane-Marie","diane-marie.bandeen@example.com"
"Luxembourg","LU","Augustin, Tymothy","Dominion Resources, Inc.","268","Augustin","555-927-1202","576","Engineering","Tymothy","tymothy.augustin@example.com"
"Iraq","IQ","Zenobia, Emmery","C. H. Robinson Worldwide Inc.","157","Zenobia","555-388-6235","577","Strategy","Emmery","emmery.zenobia@example.com"
"Democratic Republic of the Congo","CD","McKnight, Cal","Arch Coal, Inc.","85","McKnight","555-179-2883","578","Customer Service","Cal","cal.mcknight@example.com"
"Philippines","PH","Christensen, Darcy","Wakenhut Corporation","902","Christensen","555-352-4573","579","Customer Service","Darcy","darcy.christensen@example.com"
"Greece","GR","Paza, Fiann","Wisconsin Energy Corporation","930","Paza","555-178-7932","580","Legal","Fiann","fiann.paza@example.com"
"Marshall Islands","MH","Bellda, Tedra","Centex Corp.","176","Bellda","555-390-3512","581","Human Resources","Tedra","tedra.bellda@example.com"
"Papua New Guinea","PG","Rabbi, Huntlee","OfficeMax Inc","607","Rabbi","555-723-4247","582","Distribution","Huntlee","huntlee.rabbi@example.com"
"Bahamas","BS","Dawes, Howard","Bethlehem Steel Corporation","130","Dawes","555-230-1580","583","Licensing","Howard","howard.dawes@example.com"
"Zambia","ZM","Grossman, Hort","Knight-Ridder Inc.","475","Grossman","555-912-585","584","Operations","Hort","hort.grossman@example.com"
"Guinea-Bissau","GW","Meagher, Lexy","Alleghany Corporation","36","Meagher","555-583-4672","585","Operations","Lexy","lexy.meagher@example.com"
"Isle of Man","IM","Sacttler, Kasper","Stewart & Stevenson Services Inc","797","Sacttler","555-766-5399","586","Marketing","Kasper","kasper.sacttler@example.com"
"Gambia","GM","Elwina, Christian","Marsh Supermarkets Inc.","521","Elwina","555-901-2402","587","Engineering","Christian","christian.elwina@example.com"
"Portugal","PT","Rubinstein, Major","Solectron Corp","769","Rubinstein","555-494-5549","588","Marketing","Major","major.rubinstein@example.com"
"Costa Rica","CR","Ashia, Nicolai","Avaya Inc.","101","Ashia","555-858-4873","589","Accounting","Nicolai","nicolai.ashia@example.com"
"Guam","GU","Tybalt, Selma","Kellogg Company","462","Tybalt","555-496-7970","590","Human Resources","Selma","selma.tybalt@example.com"
"Kuwait","KW","Chien, Sarina","Molex Incorporated","561","Chien","555-568-3114","591","Business Development","Sarina","sarina.chien@example.com"
"Argentina","AR","Dniren, Sheppard","Henry Schein Inc.","406","Dniren","555-370-489","592","Research and Development","Sheppard","sheppard.dniren@example.com"
"Guatemala","GT","Bajaj, Chan","Wellpoint Health Networks Inc","914","Bajaj","555-390-6683","593","Distribution","Chan","chan.bajaj@example.com"
"Trinidad and Tobago","TT","Firooc, Cilka","United Technologies Corporation","867","Firooc","555-720-5782","594","Business Development","Cilka","cilka.firooc@example.com"
"Kenya","KE","Neo, Garret","Ameren Corporation","52","Neo","555-441-31","595","Insurance","Garret","garret.neo@example.com"
"Antarctica","AQ","Taima, Lari","The Allstate Corporation","44","Taima","555-579-5695","596","Customer Service","Lari","lari.taima@example.com"
"El Salvador","SV","Elka, Emmerich","Fleming Companies Inc.","338","Elka","555-703-4799","597","Accounting","Emmerich","emmerich.elka@example.com"
"Bahamas","BS","Huebner, Fifine","WESCO International Inc","918","Huebner","555-703-3997","598","Research and Development","Fifine","fifine.huebner@example.com"
"Montserrat","MS","Keelia, Albertine","Freeport McMoran Copper & Gold Inc.","352","Keelia","555-958-1010","599","Licensing","Albertine","albertine.keelia@example.com"
"Saint Vincent and the Grenadines","VC","Hammock, Ettie","Textron Inc","829","Hammock","555-712-230","600","Sales","Ettie","ettie.hammock@example.com"
"Germany","DE","Goldarina, Tine","Johnson & Johnson","458","Goldarina","555-406-4874","601","Research and Development","Tine","tine.goldarina@example.com"
"Burkina Faso","BF","Tricia, Oona","Fleetwood Enterprises Inc.","337","Tricia","555-125-2870","602","Operations","Oona","oona.tricia@example.com"
"Tuvalu","TV","Killen, Marchall","Potomac Electric Power Co.","642","Killen","555-623-4085","603","Legal","Marchall","marchall.killen@example.com"
"Austria","AT","Gray, Claudia","Crane Co.","238","Gray","555-780-1094","604","Investing","Claudia","claudia.gray@example.com"
"Armenia","AM","Youlton, Ileana","Amgen Inc.","65","Youlton","555-830-6724","605","Research and Development","Ileana","ileana.youlton@example.com"
"Austria","AT","Madalena, Derk","Cooper Tire & Rubber Co.","231","Madalena","555-648-9997","606","Accounting","Derk","derk.madalena@example.com"
"British Indian Ocean Territory","IO","Ignace, Sharla","National City Corp.","570","Ignace","555-614-835","607","Engineering","Sharla","sharla.ignace@example.com"
"Macau","MO","Pinkham, Desmond","Hercules Inc.","407","Pinkham","555-626-9019","608","Purchasing","Desmond","desmond.pinkham@example.com"
"Switzerland","CH","Joash, Margi","Caterpillar Inc.","169","Joash","555-226-8595","609","Engineering","Margi","margi.joash@example.com"
"El Salvador","SV","Patin, Milka","Capital One Financial Corp.","163","Patin","555-313-4864","610","Purchasing","Milka","milka.patin@example.com"
"United Arab Emirates","AE","Pacifica, Owen","Maxtor Corporation","529","Pacifica","555-695-2773","611","Human Resources","Owen","owen.pacifica@example.com"
"Moldova","MD","Monto, Sandy","Martin Marietta Materials Inc.","523","Monto","555-241-4925","612","Strategy","Sandy","sandy.monto@example.com"
"Germany","DE","Sheri, Andi","PolyOne Corp","673","Sheri","555-661-6331","613","Business Development","Andi","andi.sheri@example.com"
"Uruguay","UY","Eleni, Maddalena","Commercial Metals Co.","211","Eleni","555-562-6064","614","Marketing","Maddalena","maddalena.eleni@example.com"
"Puerto Rico","PR","Elna, Desiri","Cooper Tire & Rubber Co.","231","Elna","555-609-2857","615","Research and Development","Desiri","desiri.elna@example.com"
"British Indian Ocean Territory","IO","Messing, Free","Leggett & Platt Inc.","488","Messing","555-714-117","616","Marketing","Free","free.messing@example.com"
"Jamaica","JM","Minica, Nicolette","American Power Conversion Corporation","49","Minica","555-917-9465","617","Sales","Nicolette","nicolette.minica@example.com"
"Georgia","GE","Ainslie, Misti","Advantica Restaurant Group, Inc.","19","Ainslie","555-816-592","618","Production","Misti","misti.ainslie@example.com"
"Japan","JP","Minette, Cori","UnitedHealth Group Incorporated","868","Minette","555-774-4329","619","Accounting","Cori","cori.minette@example.com"
"Saint Vincent and the Grenadines","VC","Shanon, Eadith","Citizens Communications Co.","196","Shanon","555-139-5713","620","Investing","Eadith","eadith.shanon@example.com"
"Bouvet Island","BV","Zeph, Florentia","Rite Aid Corp","719","Zeph","555-936-738","621","Insurance","Florentia","florentia.zeph@example.com"
"Saint Martin","MF","Grissel, Antony","Dillard's Inc.","263","Grissel","555-626-4487","622","IT Support","Antony","antony.grissel@example.com"
"Saint Lucia","LC","Pliam, Leonard","IDT Corporation","428","Pliam","555-675-4799","623","Insurance","Leonard","leonard.pliam@example.com"
"Australia","AU","Guimar, Silvie","Sonoco Products Co.","772","Guimar","555-209-8705","624","Licensing","Silvie","silvie.guimar@example.com"
"Austria","AT","Cordelia, Kristi","General Mills Inc","364","Cordelia","555-978-7878","625","Business Development","Kristi","kristi.cordelia@example.com"
"Isle of Man","IM","Hoffert, Audre","W.W. Grainger Inc","900","Hoffert","555-758-5730","626","Legal","Audre","audre.hoffert@example.com"
"Laos","LA","Brear, Patten","Republic Services Inc","716","Brear","555-223-9985","627","Purchasing","Patten","patten.brear@example.com"
"Cayman Islands Cayman Islands","KY","Mosenthal, Cindra","Cisco Systems Inc.","194","Mosenthal","555-745-1497","628","Human Resources","Cindra","cindra.mosenthal@example.com"
"Austria","AT","Call, Leta","Community Health Systems Inc.","212","Call","555-557-7632","629","Legal","Leta","leta.call@example.com"
"Liberia","LR","Goodwin, Talbert","DURA Automotive Systems Inc.","281","Goodwin","555-323-1839","630","IT Support","Talbert","talbert.goodwin@example.com"
"Tunisia","TN","Aveline, Larissa","Rockwell Collins Inc","725","Aveline","555-158-5525","631","Operations","Larissa","larissa.aveline@example.com"
"Solomon Islands","SB","Maag, Delaney","Dollar Tree Stores, Inc.","267","Maag","555-267-7781","632","Legal","Delaney","delaney.maag@example.com"
"Mozambique","MZ","Duer, Dominga","Wells Fargo & Company","915","Duer","555-979-7693","633","Sales","Dominga","dominga.duer@example.com"
"Equatorial Guinea","GQ","Rolland, Leshia","Tiffany & Co","832","Rolland","555-620-8469","634","Legal","Leshia","leshia.rolland@example.com"
"Germany","DE","Sosthena, Jae","Mattel Inc.","527","Sosthena","555-740-1790","635","Legal","Jae","jae.sosthena@example.com"
"Japan","JP","Bocock, Rockie","Cisco Systems Inc.","194","Bocock","555-587-7240","636","Operations","Rockie","rockie.bocock@example.com"
"Namibia","NA","Elene, Dulcy","Allegheny Energy, Inc.","37","Elene","555-421-5152","637","Research and Development","Dulcy","dulcy.elene@example.com"
"Fiji","FJ","Clie, Godfree","BorgWarner Inc.","141","Clie","555-733-8407","638","IT Support","Godfree","godfree.clie@example.com"
"Sao Tome and Principe","ST","Muhammad, Lombard","OGE Energy Corp","608","Muhammad","555-182-7936","639","Legal","Lombard","lombard.muhammad@example.com"
"Belgium","BE","Rice, Mattie","W.W. Grainger Inc","900","Rice","555-553-8262","640","Insurance","Mattie","mattie.rice@example.com"
"Grenada","GD","Kristoforo, Jeanine","Circuit City Stores Inc.","193","Kristoforo","555-210-6159","641","Legal","Jeanine","jeanine.kristoforo@example.com"
"Portugal","PT","Ariela, Verna","Walt Disney Co","906","Ariela","555-405-5416","642","Marketing","Verna","verna.ariela@example.com"
"Malawi","MW","Diann, Timothea","Paccar Inc","625","Diann","555-326-4138","643","Purchasing","Timothea","timothea.diann@example.com"
"Algeria","DZ","Brunelle, Olivero","International Paper Co.","439","Brunelle","555-835-1734","644","Research and Development","Olivero","olivero.brunelle@example.com"
"Curaçao","CW","Krahmer, Nanny","Avista Corporation","103","Krahmer","555-437-5571","645","Insurance","Nanny","nanny.krahmer@example.com"
"Canada","CA","Perren, Dotti","Pactiv Corp","628","Perren","555-818-1865","646","Engineering","Dotti","dotti.perren@example.com"
"Rwanda","RW","Lello, George","Advantica Restaurant Group, Inc.","19","Lello","555-832-3252","647","Sales","George","george.lello@example.com"
"Gibraltar","GI","Ashraf, Fons","Teleflex Incorporated","818","Ashraf","555-226-5371","648","Purchasing","Fons","fons.ashraf@example.com"
"Qatar","QA","Muraida, Emelyne","Kohl's Corp.","476","Muraida","555-583-7351","649","IT Support","Emelyne","emelyne.muraida@example.com"
"Guinea-Bissau","GW","Corin, Ekaterina","Xilinx Inc","940","Corin","555-852-6148","650","Legal","Ekaterina","ekaterina.corin@example.com"
"Chile","CL","Tharp, Jo Ann","VF Corporation","890","Tharp","555-920-4673","651","Purchasing","Jo Ann","jo ann.tharp@example.com"
"Slovenia","SI","Odawa, Drucie","StanCorp Financial Group Inc","787","Odawa","555-977-3834","652","Marketing","Drucie","drucie.odawa@example.com"
"Bosnia and Herzegovina","BA","Henning, Cobby","American Power Conversion Corporation","49","Henning","555-489-3428","653","Production","Cobby","cobby.henning@example.com"
"Fiji","FJ","Erdrich, Grata","Metaldyne Corporation","548","Erdrich","555-437-4337","654","Distribution","Grata","grata.erdrich@example.com"
"Afghanistan","AF","Bertram, Magdaia","Novellus Systems Inc","597","Bertram","555-757-7924","655","Purchasing","Magdaia","magdaia.bertram@example.com"
"Qatar","QA","Newel, Karoly","IMS Health Inc.","433","Newel","555-828-1841","656","Research and Development","Karoly","karoly.newel@example.com"
"Anguilla","AI","Flem, Tabby","Steelcase Inc","795","Flem","555-340-1876","657","Distribution","Tabby","tabby.flem@example.com"
"Slovenia","SI","Eustacia, Cobb","Campbell Soup Co.","162","Eustacia","555-722-6491","658","Production","Cobb","cobb.eustacia@example.com"
"Chile","CL","Jacobsen, Llywellyn","Scotts Company","747","Jacobsen","555-520-7355","659","Customer Service","Llywellyn","llywellyn.jacobsen@example.com"
"Namibia","NA","Phelgon, Any","Tyson Foods Inc","852","Phelgon","555-139-2083","660","Research and Development","Any","any.phelgon@example.com"
"Heard Island and McDonald Islands","HM","Kazimir, Cherida","Constellation Brands Inc.","225","Kazimir","555-826-924","661","Business Development","Cherida","cherida.kazimir@example.com"
"Yemen","YE","Hanson, Marice","Stilwell Financial Inc","799","Hanson","555-854-4376","662","Purchasing","Marice","marice.hanson@example.com"
"Bonaire, Saint Eustatius and Saba","BQ","Bamberger, Eydie","Science Applications Intl. Inc.","745","Bamberger","555-760-8877","663","Marketing","Eydie","eydie.bamberger@example.com"
"Vanuatu","VU","Tesler, Lydie","Kindred Healthcare Inc.","472","Tesler","555-277-7757","664","Distribution","Lydie","lydie.tesler@example.com"
"South Africa","ZA","Hortensa, Johnette","Applera Corporation","80","Hortensa","555-387-6666","665","Licensing","Johnette","johnette.hortensa@example.com"
"Qatar","QA","Parthinia, Heather","BMC Software, Inc.","137","Parthinia","555-411-1421","666","Strategy","Heather","heather.parthinia@example.com"
"Jersey","JE","Booker, Jerrie","Silicon Graphics Inc","762","Booker","555-430-4279","667","Business Development","Jerrie","jerrie.booker@example.com"
"Suriname","SR","Schou, Dianemarie","Kennametal Inc.","466","Schou","555-534-9329","668","Strategy","Dianemarie","dianemarie.schou@example.com"
"Madagascar","MG","Dawson, Ripley","Harsco Corp.","398","Dawson","555-480-3418","669","Research and Development","Ripley","ripley.dawson@example.com"
"Fiji","FJ","Nachison, Lawry","PacifiCare Health Systems Inc","626","Nachison","555-405-5631","670","Strategy","Lawry","lawry.nachison@example.com"
"Greenland","GL","Monaco, Humfrid","Longs Drug Stores Corporation","502","Monaco","555-647-4787","671","Sales","Humfrid","humfrid.monaco@example.com"
"Bosnia and Herzegovina","BA","Sida, Auria","Banknorth Group, Inc.","111","Sida","555-850-5206","672","Research and Development","Auria","auria.sida@example.com"
"Jersey","JE","Cyrilla, Stillman","Ross Stores Inc","727","Cyrilla","555-743-1599","673","Marketing","Stillman","stillman.cyrilla@example.com"
"Anguilla","AI","Hobart, Robinette","Simon Property Group Inc","763","Hobart","555-818-1121","674","Insurance","Robinette","robinette.hobart@example.com"
"Cambodia","KH","Raynor, Rob","Pharmacia Corp","655","Raynor","555-258-1711","675","Accounting","Rob","rob.raynor@example.com"
"Armenia","AM","Lauri, Prentice","Community Health Systems Inc.","212","Lauri","555-424-5287","676","Strategy","Prentice","prentice.lauri@example.com"
"Ghana","GH","Alfredo, Emanuel","AMERCO","51","Alfredo","555-760-1636","677","Licensing","Emanuel","emanuel.alfredo@example.com"
"Saint Barthélemy","BL","Alasteir, Emmi","Anthem, Inc.","75","Alasteir","555-397-3717","678","Production","Emmi","emmi.alasteir@example.com"
"Malta","MT","Buehrer, Stavros","Allegheny Energy, Inc.","37","Buehrer","555-983-4100","679","Legal","Stavros","stavros.buehrer@example.com"
"Poland","PL","Clorinde, Morissa","Temple-Inland Inc","821","Clorinde","555-565-6480","680","Investing","Morissa","morissa.clorinde@example.com"
"Laos","LA","Taddeusz, Darby","Maxim Integrated Products Inc.","528","Taddeusz","555-445-6323","681","Marketing","Darby","darby.taddeusz@example.com"
"Benin","BJ","Kean, Waldo","KB Home","461","Kean","555-497-4723","682","Strategy","Waldo","waldo.kean@example.com"
"Seychelles","SC","Collen, Jenifer","St. Jude Medical Inc","784","Collen","555-682-8206","683","Legal","Jenifer","jenifer.collen@example.com"
"Costa Rica","CR","Gareth, Petey","Paccar Inc","625","Gareth","555-902-1035","684","Sales","Petey","petey.gareth@example.com"
"Bosnia and Herzegovina","BA","Emmeram, Didi","American Power Conversion Corporation","49","Emmeram","555-846-9664","685","Legal","Didi","didi.emmeram@example.com"
"Luxembourg","LU","Bascio, Hakim","Watsco Inc","911","Bascio","555-454-1527","686","Engineering","Hakim","hakim.bascio@example.com"
"Rwanda","RW","Sell, Melisa","Humana Inc.","425","Sell","555-378-6324","687","Purchasing","Melisa","melisa.sell@example.com"
"Slovenia","SI","Ruggiero, Brett","Broadwing, Inc.","148","Ruggiero","555-889-9978","688","Purchasing","Brett","brett.ruggiero@example.com"
"Bouvet Island","BV","Toft, Elenore","American Greetings Corporation","59","Toft","555-182-1979","689","Production","Elenore","elenore.toft@example.com"
"Andorra","AD","Ruben, Rivalee","Mandalay Resort Group","513","Ruben","555-703-4121","690","Distribution","Rivalee","rivalee.ruben@example.com"
"Equatorial Guinea","GQ","Harvey, Inesita","Safeway Inc","736","Harvey","555-882-118","691","Licensing","Inesita","inesita.harvey@example.com"
"Western Sahara","EH","Kristofor, Milka","Flowserv Corp","340","Kristofor","555-552-8901","692","Operations","Milka","milka.kristofor@example.com"
"Niue","NU","Fancie, Janel","Cadence Design Systems, Inc.","160","Fancie","555-393-9928","693","Sales","Janel","janel.fancie@example.com"
"Tanzania","TZ","Hein, Chiquia","Deluxe Corporation","258","Hein","555-152-8251","694","Marketing","Chiquia","chiquia.hein@example.com"
"French Polynesia","PF","Gathard, La Verne","Hormel Foods Corp.","418","Gathard","555-324-6796","695","Sales","La Verne","la verne.gathard@example.com"
"Belgium","BE","Alarick, Bryn","Unisource Energy Corp","860","Alarick","555-152-6934","696","Research and Development","Bryn","bryn.alarick@example.com"
"Romania","RO","Royden, Lorne","J.B. Hunt Transport Services Inc.","449","Royden","555-343-8514","697","Human Resources","Lorne","lorne.royden@example.com"
"Rwanda","RW","Henderson, Arel","Puget Energy Inc.","695","Henderson","555-474-3860","698","Legal","Arel","arel.henderson@example.com"
"French Polynesia","PF","Atalante, Jock","Progressive Corporation","687","Atalante","555-691-6037","699","Customer Service","Jock","jock.atalante@example.com"
"Romania","RO","Wileen, Steffane","Avon Products, Inc.","105","Wileen","555-288-7370","700","Purchasing","Steffane","steffane.wileen@example.com"
"Guinea","GN","Winchester, Trudy","Gillette Company","374","Winchester","555-307-6118","701","Strategy","Trudy","trudy.winchester@example.com"
"Micronesia","FM","Brunella, Erena","Wal-Mart Stores Inc","905","Brunella","555-854-9769","702","Customer Service","Erena","erena.brunella@example.com"
"Romania","RO","Maghutte, Tansy","W.W. Grainger Inc","900","Maghutte","555-940-9130","703","Customer Service","Tansy","tansy.maghutte@example.com"
"Åland Islands","AX","Capps, Karola","Maxtor Corporation","529","Capps","555-645-5430","704","Legal","Karola","karola.capps@example.com"
"Malta","MT","Hoeg, Hinda","Adolph Coors Company","15","Hoeg","555-780-4187","705","Research and Development","Hinda","hinda.hoeg@example.com"
"Turkmenistan","TM","Bengt, Leisha","Sherwin-Williams Company","756","Bengt","555-685-4307","706","Legal","Leisha","leisha.bengt@example.com"
"Bolivia","BO","Ambrosia, Bryana","Verizon Communications Inc","889","Ambrosia","555-502-2505","707","IT Support","Bryana","bryana.ambrosia@example.com"
"Zambia","ZM","Etra, Katrine","Robert Half International Inc.","722","Etra","555-966-300","708","Operations","Katrine","katrine.etra@example.com"
"Seychelles","SC","Chiou, Umberto","Amgen Inc.","65","Chiou","555-272-4908","709","Marketing","Umberto","umberto.chiou@example.com"
"Benin","BJ","Tavie, Audrie","El Paso Corporation","294","Tavie","555-929-7433","710","Marketing","Audrie","audrie.tavie@example.com"
"Curaçao","CW","Ronalda, Breanne","Footstar Inc.","345","Ronalda","555-517-2189","711","Operations","Breanne","breanne.ronalda@example.com"
"Colombia","CO","Dannica, Vittoria","Federal Mogul Corp.","322","Dannica","555-588-6045","712","Research and Development","Vittoria","vittoria.dannica@example.com"
"Anguilla","AI","Butte, Rosa","Ford Motor Co","346","Butte","555-633-6163","713","IT Support","Rosa","rosa.butte@example.com"
"United States Minor Outlying Islands","UM","Alenson, Robin","Bethlehem Steel Corporation","130","Alenson","555-459-5603","714","Purchasing","Robin","robin.alenson@example.com"
"Morocco","MA","Hyde, Beitris","Owens & Minor Inc.","621","Hyde","555-991-6568","715","Insurance","Beitris","beitris.hyde@example.com"
"Argentina","AR","Tiffi, Chrotoem","Deluxe Corporation","258","Tiffi","555-496-2037","716","Engineering","Chrotoem","chrotoem.tiffi@example.com"
"Northern Mariana Islands","MP","Genny, Donavon","Pier 1 Imports Inc.","662","Genny","555-381-8544","717","IT Support","Donavon","donavon.genny@example.com"
"Ukraine","UA","Toffey, Brynne","TECO Energy Inc","815","Toffey","555-766-3066","718","IT Support","Brynne","brynne.toffey@example.com"
"Nigeria","NE","Carberry, Levin","Paychex Inc","634","Carberry","555-599-561","719","Investing","Levin","levin.carberry@example.com"
"Cayman Islands Cayman Islands","KY","Lauryn, Betsy","Intuit Inc.","445","Lauryn","555-829-2355","720","Marketing","Betsy","betsy.lauryn@example.com"
"Malta","MT","Kinchen, Stacy","Intel Corporation","438","Kinchen","555-661-2612","721","Legal","Stacy","stacy.kinchen@example.com"
"Cuba","CU","Id, Bessie","Di Giorgio Corporation","260","Id","555-945-217","722","Human Resources","Bessie","bessie.id@example.com"
"Peru","PE","Felty, Claire","Lam Research Corporation","481","Felty","555-430-2761","723","Investing","Claire","claire.felty@example.com"
"Western Sahara","EH","Sissie, Sydney","Hawaiian Electric Industries Inc.","401","Sissie","555-429-6365","724","Sales","Sydney","sydney.sissie@example.com"
"Paraguay","PY","Altheta, Jenica","Old Republic International Corp.","611","Altheta","555-512-6532","725","Strategy","Jenica","jenica.altheta@example.com"
"Croatia","HR","Rolando, Guthrie","WGL Holdings Inc","923","Rolando","555-279-525","726","Strategy","Guthrie","guthrie.rolando@example.com"
"Tunisia","TN","Meingolda, Rog","Western Digital Inc","919","Meingolda","555-589-2475","727","Licensing","Rog","rog.meingolda@example.com"
"Indonesia","ID","Nee, Alice","Pier 1 Imports Inc.","662","Nee","555-328-6483","728","Operations","Alice","alice.nee@example.com"
"Norway","NO","Isaac, Rena","Liz Claiborne Inc.","499","Isaac","555-659-8984","729","Distribution","Rena","rena.isaac@example.com"
"Mauritius","MU","Rocray, Dennie","National Fuel Gas Company","572","Rocray","555-582-9089","730","Production","Dennie","dennie.rocray@example.com"
"French Polynesia","PF","Collin, Hanan","Kohl's Corp.","476","Collin","555-708-5465","731","Purchasing","Hanan","hanan.collin@example.com"
"San Marino","SM","Khalil, Josee","Xilinx Inc","940","Khalil","555-521-3349","732","Research and Development","Josee","josee.khalil@example.com"
"Kiribati","KI","Ayn, Marylou","Brinker International, Inc.","146","Ayn","555-921-2069","733","Legal","Marylou","marylou.ayn@example.com"
"United Arab Emirates","AE","Binny, Gabriell","Timken Company","833","Binny","555-626-9809","734","Purchasing","Gabriell","gabriell.binny@example.com"
"Equatorial Guinea","GQ","Billmyre, Ignacio","Constellation Brands Inc.","225","Billmyre","555-855-5951","735","Business Development","Ignacio","ignacio.billmyre@example.com"
"Cayman Islands Cayman Islands","KY","Metts, Gregg","Hilton Hotels Corp.","413","Metts","555-583-9800","736","Customer Service","Gregg","gregg.metts@example.com"
"Senegal","SN","Junji, Stephanie","Berkshire Hathaway Inc.","128","Junji","555-393-2537","737","Sales","Stephanie","stephanie.junji@example.com"
"Gambia","GM","Lexy, Hercules","Performance Food Group Co.","646","Lexy","555-789-3978","738","Business Development","Hercules","hercules.lexy@example.com"
"Greece","GR","Waine, Magda","Sunoco Inc.","805","Waine","555-845-2440","739","Strategy","Magda","magda.waine@example.com"
"Andorra","AD","Dygall, Eadmund","Enron Corp.","305","Dygall","555-186-7532","740","Strategy","Eadmund","eadmund.dygall@example.com"
"Curaçao","CW","Dona, Philomena","IT Group Inc.","446","Dona","555-360-7547","741","Marketing","Philomena","philomena.dona@example.com"
"Equatorial Guinea","GQ","Busey, Pete","Sunoco Inc.","805","Busey","555-286-6386","742","Distribution","Pete","pete.busey@example.com"
"Switzerland","CH","London, Hildagard","Kellwood Company","463","London","555-635-3055","743","Business Development","Hildagard","hildagard.london@example.com"
"Netherlands","NL","Zehe, Aubrie","Silicon Graphics Inc","762","Zehe","555-276-1805","744","Marketing","Aubrie","aubrie.zehe@example.com"
"Tanzania","TZ","Aura, Britte","E.I. Du Pont de Nemours and Company","278","Aura","555-966-9742","745","Marketing","Britte","britte.aura@example.com"
"Eritrea","ER","Elsy, Nobe","Anthem, Inc.","75","Elsy","555-326-7453","746","Customer Service","Nobe","nobe.elsy@example.com"
"Eritrea","ER","Cohbath, Magda","Pitney Bowes Inc.","666","Cohbath","555-384-9959","747","Engineering","Magda","magda.cohbath@example.com"
"China","CN","Jablon, Ardelis","MBNA Corporation","533","Jablon","555-108-1018","748","Distribution","Ardelis","ardelis.jablon@example.com"
"French Southern and Antarctic Lands","TF","Igor, Karry","R.J. Reynolds Tobacco Company","704","Igor","555-404-9723","749","Distribution","Karry","karry.igor@example.com"
"United States Virgin Islands","VI","Herzig, Halette","General Electric Company","363","Herzig","555-751-990","750","Purchasing","Halette","halette.herzig@example.com"
"Serbia","RS","Rizika, Cris","Kroger Co.","478","Rizika","555-769-6241","751","Distribution","Cris","cris.rizika@example.com"
"Romania","RO","Yokoyama, Tanya","Georgia-Pacific Corporation","373","Yokoyama","555-901-1509","752","Engineering","Tanya","tanya.yokoyama@example.com"
"Tokelau","TK","Zerlina, Corilla","Comdisco Inc.","208","Zerlina","555-929-6213","753","Customer Service","Corilla","corilla.zerlina@example.com"
"Guinea-Bissau","GW","Nessie, Penny","Danaher Corporation","249","Nessie","555-605-2351","754","Legal","Penny","penny.nessie@example.com"
"Cayman Islands Cayman Islands","KY","Bambie, Kaleena","Worthington Industries Inc","934","Bambie","555-896-4828","755","Business Development","Kaleena","kaleena.bambie@example.com"
"Åland Islands","AX","Nipha, Ricki","Maytag Corporation","532","Nipha","555-828-9371","756","Legal","Ricki","ricki.nipha@example.com"
"Russia","RU","Gherardo, Forrester","Integrated Electrical Services Inc.","437","Gherardo","555-167-3218","757","Engineering","Forrester","forrester.gherardo@example.com"
"Singapore","SG","Chester, Ingar","Safeway Inc","736","Chester","555-875-1327","758","IT Support","Ingar","ingar.chester@example.com"
"Suriname","SR","Durnan, Dannel","Paychex Inc","634","Durnan","555-592-3882","759","Accounting","Dannel","dannel.durnan@example.com"
"Thailand","TH","Swanhildas, Alena","Tektronix Inc","817","Swanhildas","555-441-3585","760","IT Support","Alena","alena.swanhildas@example.com"
"Singapore","SG","Anica, Cale","NTL Incorporated","599","Anica","555-589-8740","761","Legal","Cale","cale.anica@example.com"
"Egypt","EG","Wiles, Tressa","Science Applications Intl. Inc.","745","Wiles","555-184-3336","762","Operations","Tressa","tressa.wiles@example.com"
"Senegal","SN","Dymphia, Eva","Systemax Inc.","812","Dymphia","555-899-6662","763","Strategy","Eva","eva.dymphia@example.com"
"Albania","AL","Puritan, Denyse","Guidant Corporation","389","Puritan","555-432-4497","764","Engineering","Denyse","denyse.puritan@example.com"
"Svalbard and Jan Mayen","SJ","Kleeman, Reidar","Washington Post Co.","909","Kleeman","555-594-5591","765","Strategy","Reidar","reidar.kleeman@example.com"
"Jersey","JE","Audley, Glyn","Gateway Inc.","357","Audley","555-797-7061","766","IT Support","Glyn","glyn.audley@example.com"
"United States Minor Outlying Islands","UM","Wald, Garold","Comcast Corp.","207","Wald","555-118-5267","767","Production","Garold","garold.wald@example.com"
"Vietnam","VN","Spiro, Lavinia","American Standard Companies Inc.","61","Spiro","555-204-1598","768","Strategy","Lavinia","lavinia.spiro@example.com"
"Micronesia","FM","Altaf, Zilvia","AnnTaylor Inc.","74","Altaf","555-681-4414","769","Research and Development","Zilvia","zilvia.altaf@example.com"
"Bahrain","BH","Christianity, Dionysus","Countrywide Credit Industries Inc.","235","Christianity","555-882-8418","770","Strategy","Dionysus","dionysus.christianity@example.com"
"Burundi","BI","Kessel, Starla","Weatherford International Inc","912","Kessel","555-566-6723","771","Strategy","Starla","starla.kessel@example.com"
"Grenada","GD","Madelyn, Roland","The Neiman Marcus Group Inc.","579","Madelyn","555-647-3764","772","Strategy","Roland","roland.madelyn@example.com"
"Dominica","DM","Yirinec, Dwight","Thomas & Betts Corporation","831","Yirinec","555-189-2576","773","Licensing","Dwight","dwight.yirinec@example.com"
"France","FR","Granville, Orv","Phillips Petroleum Co","659","Granville","555-833-6222","774","Business Development","Orv","orv.granville@example.com"
"Costa Rica","CR","Leisha, Felicio","Domino's Pizza LLC","269","Leisha","555-966-4836","775","Insurance","Felicio","felicio.leisha@example.com"
"Myanmar","MM","Elvira, Etty","Sun Microsystems Inc.","803","Elvira","555-205-9889","776","Insurance","Etty","etty.elvira@example.com"
"Uganda","UG","Eliza, Jud","Hercules Inc.","407","Eliza","555-180-8029","777","Business Development","Jud","jud.eliza@example.com"
"Romania","RO","Mady, Nikita","Ferro Corp.","326","Mady","555-666-1827","778","Production","Nikita","nikita.mady@example.com"
"Gibraltar","GI","Woodhead, Lindi","Pharmacia Corp","655","Woodhead","555-476-9316","779","Strategy","Lindi","lindi.woodhead@example.com"
"Swaziland","SZ","Elisa, Abagael","National Rural Utilities Cooperative Finance Corporation","574","Elisa","555-333-4957","780","Investing","Abagael","abagael.elisa@example.com"
"Belgium","BE","Kumar, Tiphany","First Tennessee National Corp.","332","Kumar","555-805-7601","781","Sales","Tiphany","tiphany.kumar@example.com"
"Nepal","NP","Rooke, Wolfgang","Omnicare Inc","614","Rooke","555-309-2775","782","Sales","Wolfgang","wolfgang.rooke@example.com"
"Andorra","AD","Liberati, Danya","Linens 'n Things Inc.","497","Liberati","555-558-5829","783","Accounting","Danya","danya.liberati@example.com"
"Greece","GR","Fidele, Mag","Humana Inc.","425","Fidele","555-512-6565","784","Legal","Mag","mag.fidele@example.com"
"Croatia","HR","Christye, Abbe","Dover Corporation, Inc.","270","Christye","555-574-2090","785","Human Resources","Abbe","abbe.christye@example.com"
"Argentina","AR","Konrad, Arin","Colgate-Palmolive Co.","205","Konrad","555-583-1599","786","Business Development","Arin","arin.konrad@example.com"
"Democratic Republic of the Congo","CD","Carrew, Arabel","Wisconsin Energy Corporation","930","Carrew","555-565-760","787","Customer Service","Arabel","arabel.carrew@example.com"
"Saint Barthélemy","BL","O'Donovan, Rennie","St. Paul Cos.","785","O'Donovan","555-610-8907","788","Operations","Rennie","rennie.o'donovan@example.com"
"Georgia","GE","Deeanne, Hyacintha","Sabre Holdings Corp","733","Deeanne","555-434-9142","789","Human Resources","Hyacintha","hyacintha.deeanne@example.com"
"Angola","AO","Kronfeld, Cole","Hartford Financial Services Group Inc.","399","Kronfeld","555-938-8635","790","Strategy","Cole","cole.kronfeld@example.com"
"Fiji","FJ","Uni, Terrye","Texas Industries Inc.","827","Uni","555-705-7112","791","IT Support","Terrye","terrye.uni@example.com"
"Albania","AL","Oxford, Margaretta","Earthlink, Inc.","286","Oxford","555-515-5380","792","Purchasing","Margaretta","margaretta.oxford@example.com"
"Denmark","DK","Ettie, Robinia","Adams Resources & Energy, Inc.","10","Ettie","555-871-6254","793","Engineering","Robinia","robinia.ettie@example.com"
"Isle of Man","IM","Vachell, Knox","Ocean Energy Inc","605","Vachell","555-547-8922","794","Human Resources","Knox","knox.vachell@example.com"
"Nepal","NP","Morgana, Lenore","Watsco Inc","911","Morgana","555-600-3365","795","Accounting","Lenore","lenore.morgana@example.com"
"Switzerland","CH","Votaw, Cyndie","Union Pacific Corporation","858","Votaw","555-742-6286","796","Distribution","Cyndie","cyndie.votaw@example.com"
"Guyana","GY","Silvester, Ricki","Nvidia Corp","601","Silvester","555-495-3374","797","Business Development","Ricki","ricki.silvester@example.com"
"Malaysia","MY","Keener, Morris","Rohm & Haas Co.","726","Keener","555-561-380","798","Licensing","Morris","morris.keener@example.com"
"Myanmar","MM","Laurence, Reinhold","IT Group Inc.","446","Laurence","555-845-925","799","Accounting","Reinhold","reinhold.laurence@example.com"
"Serbia","RS","Lynn, Belia","Fifth Third Bancorp","328","Lynn","555-105-4447","800","Strategy","Belia","belia.lynn@example.com"
"Iraq","IQ","Windham, Benny","Analog Devices, Inc.","71","Windham","555-742-4425","801","Marketing","Benny","benny.windham@example.com"
"Grenada","GD","Becka, Adeline","Sovereign Bancorp Inc.","778","Becka","555-860-4547","802","Investing","Adeline","adeline.becka@example.com"
"Belize","BZ","Wallie, Thomasina","CMGI Inc.","200","Wallie","555-666-2663","803","Sales","Thomasina","thomasina.wallie@example.com"
"South Sudan","SS","Storer, Kimmy","Whirlpool Corporation","924","Storer","555-838-4155","804","Strategy","Kimmy","kimmy.storer@example.com"
"Gibraltar","GI","Brandt, Isador","Johnson & Johnson","458","Brandt","555-953-6223","805","Business Development","Isador","isador.brandt@example.com"
"Antarctica","AQ","Cherey, Richmound","Genuity Inc.","370","Cherey","555-843-8188","806","Production","Richmound","richmound.cherey@example.com"
"Bahrain","BH","Eldwin, Gearard","Paychex Inc","634","Eldwin","555-375-2406","807","Human Resources","Gearard","gearard.eldwin@example.com"
"Cocos (Keeling) Islands","CC","Sarad, Teodor","Nicor Inc","585","Sarad","555-937-5843","808","Customer Service","Teodor","teodor.sarad@example.com"
"Slovenia","SI","Nasya, Datha","Apple Computer, Inc.","79","Nasya","555-333-6982","809","Production","Datha","datha.nasya@example.com"
"China","CN","Ratib, Stanwood","Polaris Industries Inc.","671","Ratib","555-497-1310","810","Strategy","Stanwood","stanwood.ratib@example.com"
"Latvia","LV","Mulloy, Stinky","Pitney Bowes Inc.","666","Mulloy","555-559-7612","811","Distribution","Stinky","stinky.mulloy@example.com"
"Ghana","GH","Khano, Jose","Genuine Parts Company","369","Khano","555-618-7420","812","Insurance","Jose","jose.khano@example.com"
"Serbia","RS","Nerland, Curry","AutoNation, Inc.","99","Nerland","555-710-9625","813","Accounting","Curry","curry.nerland@example.com"
"Canada","CA","Midis, Wenonah","Equity Office Properties Trust","311","Midis","555-482-6179","814","Distribution","Wenonah","wenonah.midis@example.com"
"Botswana","BW","Stedman, Cyndie","Rockwell Automation Inc","724","Stedman","555-927-8449","815","Marketing","Cyndie","cyndie.stedman@example.com"
"Grenada","GD","Lindbom, Trevor","Peoples Energy Corp.","639","Lindbom","555-938-2215","816","Human Resources","Trevor","trevor.lindbom@example.com"
"New Zealand","NZ","Petras, Lynnelle","Ford Motor Co","346","Petras","555-432-622","817","Human Resources","Lynnelle","lynnelle.petras@example.com"
"Turkmenistan","TM","Peyton, Maurise","CVS Corp.","244","Peyton","555-934-9531","818","Sales","Maurise","maurise.peyton@example.com"
"Bhutan","BT","Lewiss, Cammie","Countrywide Credit Industries Inc.","235","Lewiss","555-777-3961","819","Sales","Cammie","cammie.lewiss@example.com"
"Bermuda","BM","Kauslick, Martina","Ameren Corporation","52","Kauslick","555-720-7066","820","Customer Service","Martina","martina.kauslick@example.com"
"Myanmar","MM","Ela, Samuele","Symbol Technologies Inc","809","Ela","555-300-9110","821","Licensing","Samuele","samuele.ela@example.com"
"Algeria","DZ","Orest, Danella","E.W. Scripps Company","285","Orest","555-241-2298","822","Licensing","Danella","danella.orest@example.com"
"Anguilla","AI","Zaneta, Lemuel","Ciena Corp.","188","Zaneta","555-224-2163","823","Marketing","Lemuel","lemuel.zaneta@example.com"
"Kuwait","KW","Durwood, Grannie","Fidelity National Financial Inc.","327","Durwood","555-136-9230","824","Engineering","Grannie","grannie.durwood@example.com"
"Russia","RU","Caren, Shanan","Eastman Chemical Company","287","Caren","555-849-3237","825","Production","Shanan","shanan.caren@example.com"
"Tuvalu","TV","Analise, Nerita","Air Products and Chemicals, Inc.","28","Analise","555-127-6964","826","Insurance","Nerita","nerita.analise@example.com"
"New Zealand","NZ","Brien, Berta","Hubbell Inc.","423","Brien","555-279-5310","827","Distribution","Berta","berta.brien@example.com"
"Syria","SY","Persis, Glennis","Wellpoint Health Networks Inc","914","Persis","555-544-8075","828","Research and Development","Glennis","glennis.persis@example.com"
"Macedonia","MK","Bigford, Humbert","Aon Corporation","77","Bigford","555-556-911","829","Investing","Humbert","humbert.bigford@example.com"
"Ecuador","EC","Riordan, Shaughn","Lyondell Chemical Company","509","Riordan","555-809-7027","830","Sales","Shaughn","shaughn.riordan@example.com"
"New Zealand","NZ","Thalassa, Antin","Exelon Corporation","314","Thalassa","555-105-4919","831","Research and Development","Antin","antin.thalassa@example.com"
"Poland","PL","Aeniah, Jessie","Union Planters Corp","859","Aeniah","555-475-2418","832","Operations","Jessie","jessie.aeniah@example.com"
"Macau","MO","Tamra, Inger","Encompass Services Corporation","301","Tamra","555-851-5093","833","Licensing","Inger","inger.tamra@example.com"
"Panama","PA","Wooldridge, Fanechka","CSK Auto Corp.","241","Wooldridge","555-783-533","834","Legal","Fanechka","fanechka.wooldridge@example.com"
"Laos","LA","Cob, Morey","CSK Auto Corp.","241","Cob","555-595-26","835","Human Resources","Morey","morey.cob@example.com"
"Albania","AL","McClary, Hanna","Cummins Inc.","243","McClary","555-373-6843","836","Engineering","Hanna","hanna.mcclary@example.com"
"Central African Republic","CF","Tedi, Muhammad","Reader's Digest Association Inc.","709","Tedi","555-343-8067","837","Investing","Muhammad","muhammad.tedi@example.com"
"El Salvador","SV","Furr, Guillema","Dean Foods Company","252","Furr","555-455-7602","838","Production","Guillema","guillema.furr@example.com"
"Uganda","UG","Hobbie, Hyacinth","VF Corporation","890","Hobbie","555-843-4154","839","Accounting","Hyacinth","hyacinth.hobbie@example.com"
"Panama","PA","Marnia, Staford","Micron Technology Inc.","555","Marnia","555-157-6300","840","Research and Development","Staford","staford.marnia@example.com"
"Gambia","GM","Calva, Gabey","Tellabs Inc.","820","Calva","555-417-292","841","IT Support","Gabey","gabey.calva@example.com"
"Solomon Islands","SB","Rosemaria, Tore","First Tennessee National Corp.","332","Rosemaria","555-350-4192","842","Business Development","Tore","tore.rosemaria@example.com"
"Brazil","BR","Edlin, Sabina","York International Corp","943","Edlin","555-147-2657","843","Operations","Sabina","sabina.edlin@example.com"
"Brazil","BR","Primrose, Laurella","Starbucks Corp","791","Primrose","555-658-8240","844","Business Development","Laurella","laurella.primrose@example.com"
"Nigeria","NE","Ornie, Rice","Domino's Pizza LLC","269","Ornie","555-154-9579","845","Legal","Rice","rice.ornie@example.com"
"Togo","TG","Olsson, Creight","St. Paul Cos.","785","Olsson","555-893-2471","846","Engineering","Creight","creight.olsson@example.com"
"Italy","IT","Davida, Irma","Providian Financial Corp.","690","Davida","555-300-4262","847","Business Development","Irma","irma.davida@example.com"
"Estonia","EE","Blase, Jan","IT Group Inc.","446","Blase","555-637-9993","848","Purchasing","Jan","jan.blase@example.com"
"Latvia","LV","Amalia, Israel","The Lubrizol Corporation","507","Amalia","555-640-8921","849","Distribution","Israel","israel.amalia@example.com"
"Malawi","MW","Hamforrd, Isabel","Exide Technologies","315","Hamforrd","555-263-3373","850","Marketing","Isabel","isabel.hamforrd@example.com"
"Samoa","WS","Zigmund, Flory","Walgreen Co","903","Zigmund","555-739-5314","851","Engineering","Flory","flory.zigmund@example.com"
"Malaysia","MY","Latreece, Coleman","Big Lots, Inc.","132","Latreece","555-820-8626","852","Business Development","Coleman","coleman.latreece@example.com"
"San Marino","SM","Bille, Margarete","Pennzoil-Quaker State Company","637","Bille","555-628-4659","853","Customer Service","Margarete","margarete.bille@example.com"
"Liberia","LR","Devine, Guthry","Arrow Electronics, Inc.","89","Devine","555-929-1259","854","Human Resources","Guthry","guthry.devine@example.com"
"Republic of the Congo","CG","Trumaine, Kissiah","Linens 'n Things Inc.","497","Trumaine","555-816-8415","855","Licensing","Kissiah","kissiah.trumaine@example.com"
"China","CN","Dail, Luise","Kohl's Corp.","476","Dail","555-262-1635","856","Distribution","Luise","luise.dail@example.com"
"Guernsey","GG","Benoite, Drucill","Allegheny Energy, Inc.","37","Benoite","555-833-1313","857","Licensing","Drucill","drucill.benoite@example.com"
"Namibia","NA","Damalas, Ailbert","U.S. Industries Inc.","854","Damalas","555-625-7238","858","Investing","Ailbert","ailbert.damalas@example.com"
"Guyana","GY","Goodard, Kelsey","Loews Corporation","501","Goodard","555-387-3581","859","Insurance","Kelsey","kelsey.goodard@example.com"
"Saint Martin","MF","Couchman, Jefferey","Pride International Inc","681","Couchman","555-335-7475","860","Strategy","Jefferey","jefferey.couchman@example.com"
"Guatemala","GT","Means, Uta","Novellus Systems Inc","597","Means","555-659-1349","861","Legal","Uta","uta.means@example.com"
"Lebanon","LB","Bick, Pasquale","Siebel Systems Inc","758","Bick","555-109-1501","862","IT Support","Pasquale","pasquale.bick@example.com"
"Marshall Islands","MH","Trevah, Jens","Adelphia Communications Corporation","12","Trevah","555-604-2130","863","Licensing","Jens","jens.trevah@example.com"
"Ukraine","UA","Reiss, Jacinta","AutoZone, Inc.","100","Reiss","555-532-1481","864","Investing","Jacinta","jacinta.reiss@example.com"
"Pitcairn Islands","PN","Hebe, Allie","Dollar Tree Stores, Inc.","267","Hebe","555-945-1063","865","Licensing","Allie","allie.hebe@example.com"
"Trinidad and Tobago","TT","Durware, Maddie","Coca-Cola Co.","203","Durware","555-530-2493","866","Production","Maddie","maddie.durware@example.com"
"Saint Kitts and Nevis","KN","Ohaus, Freddie","Texas Industries Inc.","827","Ohaus","555-996-6991","867","IT Support","Freddie","freddie.ohaus@example.com"
"South Georgia and the South Sandwich Island","GS","Celik, Gal","American Axle & Manufacturing Holdings, Inc.","54","Celik","555-112-7322","868","Customer Service","Gal","gal.celik@example.com"
"Lithuania","LT","Lisha, Starla","TMP Worldwide Inc","835","Lisha","555-781-1837","869","Insurance","Starla","starla.lisha@example.com"
"El Salvador","SV","Lambard, Claudette","Delphi Corp.","256","Lambard","555-785-5666","870","Legal","Claudette","claudette.lambard@example.com"
"Morocco","MA","Chloe, Mariquilla","United Defense Industries Inc.","863","Chloe","555-601-6951","871","Marketing","Mariquilla","mariquilla.chloe@example.com"
"Central African Republic","CF","Jamill, Gail","US Oncology Inc","878","Jamill","555-233-1530","872","Business Development","Gail","gail.jamill@example.com"
"Denmark","DK","Iggie, Amelita","Amtran, Inc.","69","Iggie","555-959-8697","873","Human Resources","Amelita","amelita.iggie@example.com"
"Haiti","HT","Guilbert, Dewie","Lennox International Inc.","491","Guilbert","555-549-1185","874","Marketing","Dewie","dewie.guilbert@example.com"
"Cambodia","KH","Rahr, Terese","NTL Incorporated","599","Rahr","555-103-8512","875","Sales","Terese","terese.rahr@example.com"
"Democratic Republic of the Congo","CD","Wartow, Fax","Automatic Data Processing, Inc.","98","Wartow","555-340-5223","876","Insurance","Fax","fax.wartow@example.com"
"United Arab Emirates","AE","Earle, Clemmie","Genesis Health Ventures Inc.","366","Earle","555-368-7089","877","Strategy","Clemmie","clemmie.earle@example.com"
"Portugal","PT","Dino, Linoel","Oracle Corp","618","Dino","555-586-6743","878","Human Resources","Linoel","linoel.dino@example.com"
"Niue","NU","Petua, Amy","Michaels Stores Inc.","554","Petua","555-746-8910","879","Legal","Amy","amy.petua@example.com"
"Iceland","IS","Akim, Gannon","Allied Waste Industries, Inc.","42","Akim","555-465-5251","880","Accounting","Gannon","gannon.akim@example.com"
"Ivory Coast ","CI","Pengelly, Giulio","Vishay Intertechnology Inc","894","Pengelly","555-428-6022","881","Operations","Giulio","giulio.pengelly@example.com"
"Honduras","HN","Willock, Eadmund","Petco Animal Supplies Inc.","650","Willock","555-161-9050","882","Accounting","Eadmund","eadmund.willock@example.com"
"Somalia","SO","Hansiain, Byron","Avery Dennison Corporation","102","Hansiain","555-777-8516","883","Marketing","Byron","byron.hansiain@example.com"
"Samoa","WS","Godding, Reilly","Earthlink, Inc.","286","Godding","555-189-9897","884","Purchasing","Reilly","reilly.godding@example.com"
"Denmark","DK","Agle, Evangeline","Newell Rubbermaid Inc","582","Agle","555-946-2792","885","Customer Service","Evangeline","evangeline.agle@example.com"
"Albania","AL","MacPherson, Bryn","Wendy's International Inc","916","MacPherson","555-282-4721","886","Customer Service","Bryn","bryn.macpherson@example.com"
"Antarctica","AQ","Ritchie, Engracia","The Alpine Group, Inc.","46","Ritchie","555-855-3114","887","Human Resources","Engracia","engracia.ritchie@example.com"
"Niue","NU","Bealle, Smitty","Home Depot Inc.","415","Bealle","555-324-301","888","Purchasing","Smitty","smitty.bealle@example.com"
"Cuba","CU","McGannon, Viviene","Hughes Supply Inc.","424","McGannon","555-295-2247","889","Marketing","Viviene","viviene.mcgannon@example.com"
"Bahamas","BS","Barsky, Randie","Footstar Inc.","345","Barsky","555-642-6003","890","Production","Randie","randie.barsky@example.com"
"Dominica","DM","Ardelis, Hedda","Granite Construction Incorporated","381","Ardelis","555-143-2631","891","Insurance","Hedda","hedda.ardelis@example.com"
"Cape Verde","CV","Adolf, Andreas","Maxxam Inc.","530","Adolf","555-980-480","892","Business Development","Andreas","andreas.adolf@example.com"
"Colombia","CO","Arvell, Ruben","Tecumseh Products Company","816","Arvell","555-136-6003","893","Marketing","Ruben","ruben.arvell@example.com"
"Guyana","GY","Michaele, Benedicto","Burlington Resources Inc.","156","Michaele","555-580-7","894","IT Support","Benedicto","benedicto.michaele@example.com"
"Seychelles","SC","Burrell, Maureen","Scholastic Corp","743","Burrell","555-866-81","895","Business Development","Maureen","maureen.burrell@example.com"
"Yemen","YE","Leonanie, Delcine","Shopko Stores Inc","757","Leonanie","555-436-5222","896","Research and Development","Delcine","delcine.leonanie@example.com"
"United Arab Emirates","AE","Yim, Marie","Packaging Corp. of America","627","Yim","555-485-3035","897","Operations","Marie","marie.yim@example.com"
"Slovakia","SK","Gusty, Jerry","Halliburton Co.","393","Gusty","555-382-5537","898","Marketing","Jerry","jerry.gusty@example.com"
"South Georgia and the South Sandwich Island","GS","Ragen, Rosamond","Black Hills Corporation","136","Ragen","555-421-5732","899","Investing","Rosamond","rosamond.ragen@example.com"
"Antarctica","AQ","Ridgley, Allina","Equity Office Properties Trust","311","Ridgley","555-785-5563","900","Customer Service","Allina","allina.ridgley@example.com"
"Guernsey","GG","Voss, Zane","DQE Inc.","274","Voss","555-771-5530","901","Production","Zane","zane.voss@example.com"
"Nicaragua","NI","LaBaw, Wyndham","Rockwell Collins Inc","725","LaBaw","555-304-8523","902","Engineering","Wyndham","wyndham.labaw@example.com"
"Palau","PW","Demetria, Cherie","Abbott Laboratories","4","Demetria","555-130-3262","903","Distribution","Cherie","cherie.demetria@example.com"
"Faroe Islands","FO","Rorrys, Quincey","Sunoco Inc.","805","Rorrys","555-557-6546","904","Customer Service","Quincey","quincey.rorrys@example.com"
"Seychelles","SC","Truman, Royce","Hawaiian Electric Industries Inc.","401","Truman","555-441-7811","905","Purchasing","Royce","royce.truman@example.com"
"Turkey","TR","Hanae, Simmonds","Publix Super Markets Inc.","694","Hanae","555-783-5996","906","Operations","Simmonds","simmonds.hanae@example.com"
"Mayotte","YT","Grewitz, Alasdair","Teradyne Inc","824","Grewitz","555-787-3666","907","Investing","Alasdair","alasdair.grewitz@example.com"
"Croatia","HR","Jamil, Dulce","AMR Corporation","67","Jamil","555-479-9671","908","Legal","Dulce","dulce.jamil@example.com"
"Mayotte","YT","Brenn, Alastair","Regions Financial Corp.","711","Brenn","555-221-8938","909","Research and Development","Alastair","alastair.brenn@example.com"
"Morocco","MA","Vernita, Serena","Millennium Chemicals Inc.","558","Vernita","555-535-9216","910","Distribution","Serena","serena.vernita@example.com"
"Falkland Islands","FK","Rahm, Velma","Hasbro Inc.","400","Rahm","555-144-2553","911","Investing","Velma","velma.rahm@example.com"
"Vatican City","VA","Olwen, Angel","Brunswick Corporation","151","Olwen","555-547-6935","912","Production","Angel","angel.olwen@example.com"
"Brazil","BR","Peterus, Kelli","Entergy Corporation","306","Peterus","555-365-9012","913","Business Development","Kelli","kelli.peterus@example.com"
"Mali","ML","Fayina, Felike","MBNA Corporation","533","Fayina","555-176-9236","914","Customer Service","Felike","felike.fayina@example.com"
"Brunei Darussalam","BN","Cole, Ingmar","Terex Corp","825","Cole","555-330-7270","915","Engineering","Ingmar","ingmar.cole@example.com"
"Saint Kitts and Nevis","KN","Kelsy, Mark","Tenneco Automotive Inc.","823","Kelsy","555-864-3105","916","Research and Development","Mark","mark.kelsy@example.com"
"Latvia","LV","Irisa, Rriocard","Schering-Plough Corp","742","Irisa","555-846-3656","917","Sales","Rriocard","rriocard.irisa@example.com"
"Hong Kong","HK","Ossie, Milli","USFreighways Corporation","880","Ossie","555-261-8663","918","Accounting","Milli","milli.ossie@example.com"
"Yemen","YE","Reniti, Quentin","Massey Energy Company","525","Reniti","555-976-5818","919","IT Support","Quentin","quentin.reniti@example.com"
"Equatorial Guinea","GQ","Zebe, Felicity","World Fuel Services Corporation","932","Zebe","555-706-8538","920","Customer Service","Felicity","felicity.zebe@example.com"
"Mauritania","MR","Groves, Tuck","State Street Corp.","793","Groves","555-409-7326","921","Investing","Tuck","tuck.groves@example.com"
"Norfolk Island","NF","Meneau, Benny","Ingram Micro Inc.","435","Meneau","555-679-7313","922","Strategy","Benny","benny.meneau@example.com"
"Aruba","AW","Adelina, Sheree","Baxter International Inc.","115","Adelina","555-624-3375","923","Purchasing","Sheree","sheree.adelina@example.com"
"Luxembourg","LU","Alain, Elmer","Cooper Tire & Rubber Co.","231","Alain","555-972-862","924","Human Resources","Elmer","elmer.alain@example.com"
"Barbados","BB","Jenica, Giacopo","Crane Co.","238","Jenica","555-706-3104","925","Sales","Giacopo","giacopo.jenica@example.com"
"Puerto Rico","PR","Hilaire, Sauncho","Wells Fargo & Company","915","Hilaire","555-898-9220","926","Human Resources","Sauncho","sauncho.hilaire@example.com"
"Indonesia","ID","Radmilla, Allison","Hasbro Inc.","400","Radmilla","555-505-8610","927","Sales","Allison","allison.radmilla@example.com"
"Madagascar","MG","Abbott, Mufi","Fidelity National Financial Inc.","327","Abbott","555-603-5601","928","Licensing","Mufi","mufi.abbott@example.com"
"Albania","AL","Rebecka, Marcelle","PacifiCare Health Systems Inc","626","Rebecka","555-213-3736","929","Purchasing","Marcelle","marcelle.rebecka@example.com"
"Comoros","KM","Dorothy, Alex","Manpower Inc.","515","Dorothy","555-111-5728","930","Operations","Alex","alex.dorothy@example.com"
"Yemen","YE","Friedlander, Trista","Scholastic Corp","743","Friedlander","555-336-7334","931","Marketing","Trista","trista.friedlander@example.com"
"Belize","BZ","Gene, Quinlan","AFLAC Incorporated","23","Gene","555-848-9764","932","Accounting","Quinlan","quinlan.gene@example.com"
"Greenland","GL","Tiffa, Antonina","FPL Group Inc.","350","Tiffa","555-819-5930","933","Research and Development","Antonina","antonina.tiffa@example.com"
"Isle of Man","IM","Sadoc, Sena","Polo Ralph Lauren Corp","672","Sadoc","555-746-6495","934","Legal","Sena","sena.sadoc@example.com"
"Guinea","GN","Burney, Danice","CBRL Group Inc.","170","Burney","555-980-4289","935","Insurance","Danice","danice.burney@example.com"
"Afghanistan","AF","Connel, Joannes","General Dynamics Corporation","362","Connel","555-449-1002","936","Strategy","Joannes","joannes.connel@example.com"
"Denmark","DK","Karil, Baron","Motorola Inc.","564","Karil","555-858-7261","937","Business Development","Baron","baron.karil@example.com"
"Vietnam","VN","Nalor, Merrel","Terex Corp","825","Nalor","555-809-1126","938","Production","Merrel","merrel.nalor@example.com"
"Tanzania","TZ","Sigmund, Moreen","Viad Corp","892","Sigmund","555-541-977","939","Customer Service","Moreen","moreen.sigmund@example.com"
"Northern Mariana Islands","MP","Menell, Nap","Lennox International Inc.","491","Menell","555-658-9675","940","Purchasing","Nap","nap.menell@example.com"
"North Korea","KP","Georgette, Elenore","AGCO Corporation","24","Georgette","555-128-2936","941","Investing","Elenore","elenore.georgette@example.com"
"France","FR","Sybila, Hilly","Northwest Airlines Corp","603","Sybila","555-209-2605","942","Purchasing","Hilly","hilly.sybila@example.com"
"Bangladesh","BD","Haleigh, Althea","Comerica Inc.","209","Haleigh","555-730-2623","943","Licensing","Althea","althea.haleigh@example.com"
"Romania","RO","Helena, Billie","Newmont Mining Corporation","583","Helena","555-568-5717","944","Purchasing","Billie","billie.helena@example.com"
"Yemen","YE","Alleras, Ripley","Prudential Financial Inc.","691","Alleras","555-655-283","945","Human Resources","Ripley","ripley.alleras@example.com"
"Netherlands","NL","Cheadle, Merrili","Bank of America Corporation","108","Cheadle","555-612-866","946","Legal","Merrili","merrili.cheadle@example.com"
"Ghana","GH","Hoes, Edik","AFLAC Incorporated","23","Hoes","555-369-7717","947","Strategy","Edik","edik.hoes@example.com"
"Burundi","BI","Aubyn, Bunni","H&R Block Inc.","390","Aubyn","555-708-2229","948","Human Resources","Bunni","bunni.aubyn@example.com"
"Colombia","CO","LeMay, Erika","Walgreen Co","903","LeMay","555-490-9534","949","Purchasing","Erika","erika.lemay@example.com"
"Bosnia and Herzegovina","BA","Kliman, Miran","ARAMARK Corporation","84","Kliman","555-188-3120","950","Legal","Miran","miran.kliman@example.com"
"Uruguay","UY","Terchie, Amberly","Air Products and Chemicals, Inc.","28","Terchie","555-513-4840","951","Business Development","Amberly","amberly.terchie@example.com"
"Syria","SY","Odyssey, Desirae","R.R. Donnelley & Sons Company","705","Odyssey","555-606-9140","952","Engineering","Desirae","desirae.odyssey@example.com"
"Barbados","BB","Twedy, Davine","J.B. Hunt Transport Services Inc.","449","Twedy","555-672-4535","953","Customer Service","Davine","davine.twedy@example.com"
"South Georgia and the South Sandwich Island","GS","Heber, Salvidor","GreenPoint Financial Corp.","385","Heber","555-331-9118","954","IT Support","Salvidor","salvidor.heber@example.com"
"Zambia","ZM","Alesandrini, Grace","Aon Corporation","77","Alesandrini","555-356-3453","955","Research and Development","Grace","grace.alesandrini@example.com"
"Wallis and Futuna","WF","Toll, Maribel","BJ's Wholesale Club, Inc.","134","Toll","555-341-2188","956","Legal","Maribel","maribel.toll@example.com"
"New Caledonia","NC","Chaffee, Sidnee","Zions Bancorporation","946","Chaffee","555-619-2386","957","Accounting","Sidnee","sidnee.chaffee@example.com"
"United Kingdom","GB","Rosemonde, Dwain","Rock-Tenn Co","723","Rosemonde","555-960-2786","958","Distribution","Dwain","dwain.rosemonde@example.com"
"Eritrea","ER","Noletta, Vinnie","Cooper Cameron Corp.","229","Noletta","555-468-6090","959","Customer Service","Vinnie","vinnie.noletta@example.com"
"Ghana","GH","Nema, Even","R.R. Donnelley & Sons Company","705","Nema","555-608-2195","960","Research and Development","Even","even.nema@example.com"
"Denmark","DK","Ezaria, Rania","ADC Telecommunications, Inc.","11","Ezaria","555-731-9453","961","Legal","Rania","rania.ezaria@example.com"
"American Samoa","AS","Pascoe, Jocelyne","Adolph Coors Company","15","Pascoe","555-321-6889","962","Human Resources","Jocelyne","jocelyne.pascoe@example.com"
"Moldova","MD","Jesselyn, Babara","Eaton Corporation","289","Jesselyn","555-412-9433","963","Accounting","Babara","babara.jesselyn@example.com"
"Armenia","AM","Mundford, Parker","LSI Logic Corporation","505","Mundford","555-918-4410","964","Purchasing","Parker","parker.mundford@example.com"
"Slovenia","SI","Glaab, Tanya","National Oilwell Inc","573","Glaab","555-417-5599","965","Distribution","Tanya","tanya.glaab@example.com"
"Mauritania","MR","Eleonora, Carney","Praxair Inc","678","Eleonora","555-674-53","966","Legal","Carney","carney.eleonora@example.com"
"Paraguay","PY","Narcho, Dedie","Kindred Healthcare Inc.","472","Narcho","555-124-2668","967","Engineering","Dedie","dedie.narcho@example.com"
"Kyrgyzstan","KG","Puritan, Fabiano","Telephone & Data Systems Inc","819","Puritan","555-905-4978","968","Strategy","Fabiano","fabiano.puritan@example.com"
"Haiti","HT","Hildick, Batsheva","Maxim Integrated Products Inc.","528","Hildick","555-834-5683","969","Investing","Batsheva","batsheva.hildick@example.com"
"Barbados","BB","Robinet, Gerianna","Alaska Air Group, Inc.","32","Robinet","555-369-7509","970","Marketing","Gerianna","gerianna.robinet@example.com"
"Faroe Islands","FO","Panthia, Collin","Tenet Healthcare Corporation","822","Panthia","555-690-7544","971","IT Support","Collin","collin.panthia@example.com"
"Oman","OM","Dilisio, Susanna","RPM Inc.","728","Dilisio","555-117-5145","972","Insurance","Susanna","susanna.dilisio@example.com"
"Svalbard and Jan Mayen","SJ","Prichard, Jarad","AK Steel Holding Corporation","31","Prichard","555-625-7266","973","Purchasing","Jarad","jarad.prichard@example.com"
"Ecuador","EC","Aba, Camille","Exide Technologies","315","Aba","555-497-3071","974","Human Resources","Camille","camille.aba@example.com"
"Saint Barthélemy","BL","Malvie, Dallon","Foot Locker Inc","344","Malvie","555-941-2265","975","Investing","Dallon","dallon.malvie@example.com"
"Greenland","GL","Zach, Hally","DynCorp","282","Zach","555-943-1769","976","Engineering","Hally","hally.zach@example.com"
"India","IN","Shifrah, Leslie","Conseco Inc.","222","Shifrah","555-760-7808","977","Operations","Leslie","leslie.shifrah@example.com"
"Belarus","BY","Arhna, Mufinella","Magellan Health Services Inc.","511","Arhna","555-319-7652","978","Accounting","Mufinella","mufinella.arhna@example.com"
"Ethiopia","ET","Bean, Lawrence","Energy East Corporation","303","Bean","555-738-8480","979","Production","Lawrence","lawrence.bean@example.com"
"American Samoa","AS","Nay, Cyrille","Household International Corp.","420","Nay","555-268-707","980","Purchasing","Cyrille","cyrille.nay@example.com"
"Tajikistan","TJ","Rudy, Kalli","Potlatch Corp","675","Rudy","555-806-7026","981","Engineering","Kalli","kalli.rudy@example.com"
"Guinea","GN","Nathalia, Clotilda","Ace Hardware Corporation","7","Nathalia","555-420-3746","982","Sales","Clotilda","clotilda.nathalia@example.com"
"Norway","NO","Cletis, Larine","Farmland Industries Inc.","321","Cletis","555-660-5407","983","Customer Service","Larine","larine.cletis@example.com"
"Chile","CL","Carlson, Wallis","AFLAC Incorporated","23","Carlson","555-811-6909","984","Investing","Wallis","wallis.carlson@example.com"
"Georgia","GE","Childs, Marsiella","R.R. Donnelley & Sons Company","705","Childs","555-206-1149","985","Operations","Marsiella","marsiella.childs@example.com"
"Belarus","BY","Dambro, Addia","Polo Ralph Lauren Corp","672","Dambro","555-572-7613","986","Business Development","Addia","addia.dambro@example.com"
"State of Palestine","PS","Eggleston, Erv","Dow Jones & Company, Inc.","272","Eggleston","555-135-2310","987","Distribution","Erv","erv.eggleston@example.com"
"Burkina Faso","BF","Joachim, Harcourt","Adobe Systems Incorporated","14","Joachim","555-133-3275","988","Legal","Harcourt","harcourt.joachim@example.com"
"Sierra Leone","SL","Dorlisa, Toddy","DaVita Inc.","251","Dorlisa","555-803-3734","989","Insurance","Toddy","toddy.dorlisa@example.com"
"Djibouti","DJ","Nata, Marco","Flowers Foods Inc.","339","Nata","555-397-6343","990","Strategy","Marco","marco.nata@example.com"
"Botswana","BW","Goltz, Abraham","State Street Corp.","793","Goltz","555-396-5101","991","Investing","Abraham","abraham.goltz@example.com"
"Somalia","SO","Gristede, Fredrika","Unified Western Grocers Inc","857","Gristede","555-270-153","992","Accounting","Fredrika","fredrika.gristede@example.com"
"Uganda","UG","Roots, Joaquin","Analog Devices, Inc.","71","Roots","555-234-9361","993","Engineering","Joaquin","joaquin.roots@example.com"
"Australia","AU","Burrows, Dietrich","General Cable Corporation","361","Burrows","555-582-2067","994","Purchasing","Dietrich","dietrich.burrows@example.com"
"Ukraine","UA","Brandice, Jeremie","IT Group Inc.","446","Brandice","555-202-7949","995","Distribution","Jeremie","jeremie.brandice@example.com"
"Saint Martin","MF","Phyl, Tammi","Eli Lilly and Company","297","Phyl","555-692-6043","996","Purchasing","Tammi","tammi.phyl@example.com"
"Cocos (Keeling) Islands","CC","Ferdinand, Roch","Delta Air Lines Inc.","257","Ferdinand","555-566-5790","997","Investing","Roch","roch.ferdinand@example.com"
"Poland","PL","Standush, Ricca","Union Planters Corp","859","Standush","555-703-3306","998","Strategy","Ricca","ricca.standush@example.com"
"Guernsey","GG","Behah, Umberto","Guidant Corporation","389","Behah","555-976-8027","999","Customer Service","Umberto","umberto.behah@example.com"
"Luxembourg","LU","Bixby, Eustace","Bowater Incorporated","143","Bixby","555-663-1482","1000","Operations","Eustace","eustace.bixby@example.com"
"Togo","TG","Sax, Calla","Jack In The Box Inc.","453","Sax","555-911-4439","1001","Investing","Calla","calla.sax@example.com"
"Egypt","EG","Minnnie, Florance","Alliant Energy Corporation","41","Minnnie","555-277-976","1002","Distribution","Florance","florance.minnnie@example.com"
"Israel","IL","Wynn, Matthaeus","PETsMART Inc","652","Wynn","555-491-5282","1003","Accounting","Matthaeus","matthaeus.wynn@example.com"
"Turks and Caicos Islands","TC","Valerye, Flin","Teleflex Incorporated","818","Valerye","555-422-5861","1004","Licensing","Flin","flin.valerye@example.com"
"Equatorial Guinea","GQ","Michon, Amalie","Interpublic Group of Companies Inc.","440","Michon","555-533-7131","1005","Marketing","Amalie","amalie.michon@example.com"
"Bhutan","BT","Pappas, Trace","Aquila, Inc.","83","Pappas","555-933-1993","1006","Human Resources","Trace","trace.pappas@example.com"
"Eritrea","ER","Dulcy, Waldon","Mellon Financial Corporation","543","Dulcy","555-764-7230","1007","Business Development","Waldon","waldon.dulcy@example.com"
"French Polynesia","PF","Leede, Pearline","Primedia Inc","682","Leede","555-362-8228","1008","Sales","Pearline","pearline.leede@example.com"
"Samoa","WS","Binny, Rafaellle","Spherion Corp","780","Binny","555-367-9197","1009","Engineering","Rafaellle","rafaellle.binny@example.com"
"Pakistan","PK","Darrin, Willetta","Procter & Gamble Co.","684","Darrin","555-267-5234","1010","Marketing","Willetta","willetta.darrin@example.com"
"Chad","TD","Silsby, Fowler","Dole Food Company, Inc.","265","Silsby","555-366-3354","1011","Purchasing","Fowler","fowler.silsby@example.com"
"Nicaragua","NI","Jennilee, Geordie","Universal Forest Products Inc","871","Jennilee","555-125-2173","1012","Business Development","Geordie","geordie.jennilee@example.com"
"Ghana","GH","Santini, Eben","Becton, Dickinson and Company","120","Santini","555-570-9470","1013","Legal","Eben","eben.santini@example.com"
"Costa Rica","CR","Ewart, Northrup","Di Giorgio Corporation","260","Ewart","555-809-5222","1014","Operations","Northrup","northrup.ewart@example.com"
"Guatemala","GT","Vernita, Cristine","Weyerhauser Company","922","Vernita","555-458-2480","1015","Engineering","Cristine","cristine.vernita@example.com"
"Costa Rica","CR","Raynell, Lorelei","FleetBoston Financial Co.","336","Raynell","555-425-3273","1016","Insurance","Lorelei","lorelei.raynell@example.com"
"Tanzania","TZ","Jewell, Willi","Paychex Inc","634","Jewell","555-272-453","1017","Distribution","Willi","willi.jewell@example.com"
"Suriname","SR","Goode, Lebbie","Family Dollar Stores Inc.","320","Goode","555-558-1617","1018","Strategy","Lebbie","lebbie.goode@example.com"
"Cook Islands","CK","Ramah, Allys","MetLife Inc.","550","Ramah","555-303-6546","1019","Accounting","Allys","allys.ramah@example.com"
"Syria","SY","Pirri, Kari","Northrop Grumman Corporation","595","Pirri","555-727-9982","1020","Sales","Kari","kari.pirri@example.com"
"Brazil","BR","Rhiana, Sheffie","Adolph Coors Company","15","Rhiana","555-188-5851","1021","Distribution","Sheffie","sheffie.rhiana@example.com"
"North Korea","KP","Grail, Leonore","ITT Industries Inc.","447","Grail","555-739-2886","1022","Production","Leonore","leonore.grail@example.com"
"Mayotte","YT","Litch, Sloane","CDI Corp.","171","Litch","555-362-1428","1023","Investing","Sloane","sloane.litch@example.com"
"Lesotho","LS","Kegan, Maisie","Radio Shack Corporation","706","Kegan","555-320-3991","1024","Distribution","Maisie","maisie.kegan@example.com"
"Tonga","TO","Rillis, Karita","Wyeth","936","Rillis","555-191-5154","1025","Customer Service","Karita","karita.rillis@example.com"
"Taiwan","TW","Kono, Desmund","Torchmark Corporation","837","Kono","555-254-2942","1026","Marketing","Desmund","desmund.kono@example.com"
"Bulgaria","BG","Hamel, Holmes","H.J. Heinz Company","392","Hamel","555-155-519","1027","Human Resources","Holmes","holmes.hamel@example.com"
"New Caledonia","NC","Strohl, Ardelia","Advanced Micro Devices, Inc.","17","Strohl","555-968-687","1028","Sales","Ardelia","ardelia.strohl@example.com"
"Guinea-Bissau","GW","Gillan, Padriac","Crane Co.","238","Gillan","555-862-7149","1029","Business Development","Padriac","padriac.gillan@example.com"
"Guam","GU","Raveaux, Dix","The Neiman Marcus Group Inc.","579","Raveaux","555-172-3221","1030","Licensing","Dix","dix.raveaux@example.com"
"Sweden","SE","Guilbert, Chrystal","AmerisourceBergen Corporation","63","Guilbert","555-650-4193","1031","Accounting","Chrystal","chrystal.guilbert@example.com"
"Bouvet Island","BV","Eugene, Russ","Western Digital Inc","919","Eugene","555-632-1669","1032","Legal","Russ","russ.eugene@example.com"
"Sweden","SE","Aretina, Nora","M & T Bank Corporation","510","Aretina","555-414-286","1033","IT Support","Nora","nora.aretina@example.com"
"Saint Kitts and Nevis","KN","Ax, Griz","Synovus Financial Corp.","810","Ax","555-358-2545","1034","Insurance","Griz","griz.ax@example.com"
"Costa Rica","CR","Hodgkinson, Vernen","Standard Pacific Corp.","788","Hodgkinson","555-525-2485","1035","Production","Vernen","vernen.hodgkinson@example.com"
"Mayotte","YT","Vasquez, Scottie","Gold Kist Inc.","375","Vasquez","555-560-755","1036","Production","Scottie","scottie.vasquez@example.com"
"Uzbekistan","UZ","Heda, Bunny","Gannett Co., Inc.","355","Heda","555-372-8460","1037","IT Support","Bunny","bunny.heda@example.com"
"Afghanistan","AF","Ackley, Monica","Cintas Corp.","192","Ackley","555-767-7134","1038","Research and Development","Monica","monica.ackley@example.com"
"United States","US","Gardie, Maryjo","Circuit City Stores Inc.","193","Gardie","555-435-3144","1039","Purchasing","Maryjo","maryjo.gardie@example.com"
"Gibraltar","GI","Fayre, Aime","Volt Information Sciences Inc","896","Fayre","555-545-6459","1040","Production","Aime","aime.fayre@example.com"
"East Timor","TL","Scandura, Lee","AutoZone, Inc.","100","Scandura","555-831-9797","1041","Purchasing","Lee","lee.scandura@example.com"
"Paraguay","PY","Huesman, Maurise","Silgan Holdings Inc.","761","Huesman","555-598-3419","1042","IT Support","Maurise","maurise.huesman@example.com"
"Iran","IR","Kathlin, Albrecht","Herman Miller Inc.","408","Kathlin","555-348-2114","1043","Accounting","Albrecht","albrecht.kathlin@example.com"
"Qatar","QA","Xantha, Teddy","Watsco Inc","911","Xantha","555-349-3061","1044","IT Support","Teddy","teddy.xantha@example.com"
"Guernsey","GG","Rubel, Roberta","Petco Animal Supplies Inc.","650","Rubel","555-469-9385","1045","Production","Roberta","roberta.rubel@example.com"
"British Virgin Islands","VG","Jyoti, Sunshine","JDS Uniphase Corp.","455","Jyoti","555-886-9446","1046","Sales","Sunshine","sunshine.jyoti@example.com"
"Pakistan","PK","Nielsen, Justina","Best Buy Co., Inc.","129","Nielsen","555-160-5789","1047","Human Resources","Justina","justina.nielsen@example.com"
"Mexico","MX","Phyllis, Ramonda","Apple Computer, Inc.","79","Phyllis","555-933-3779","1048","Customer Service","Ramonda","ramonda.phyllis@example.com"
"Nepal","NP","Sinclair, Tawnya","SunTrust Banks Inc","806","Sinclair","555-362-1284","1049","Insurance","Tawnya","tawnya.sinclair@example.com"
"Croatia","HR","Vincenz, Richmond","CSX Corp.","242","Vincenz","555-798-3619","1050","Distribution","Richmond","richmond.vincenz@example.com"
"Finland","FI","Kone, Allyn","Merck & Co., Inc.","545","Kone","555-337-9064","1051","Accounting","Allyn","allyn.kone@example.com"
"Central African Republic","CF","Stormi, Haleigh","United Stationers Inc","866","Stormi","555-586-7811","1052","IT Support","Haleigh","haleigh.stormi@example.com"
"Palau","PW","Ody, Ryun","Avnet, Inc.","104","Ody","555-378-8468","1053","Purchasing","Ryun","ryun.ody@example.com"
"Sri Lanka","LK","Mozart, Temp","Tektronix Inc","817","Mozart","555-121-892","1054","Marketing","Temp","temp.mozart@example.com"
"Ghana","GH","Juliane, Gordon","Flowers Foods Inc.","339","Juliane","555-484-3607","1055","Legal","Gordon","gordon.juliane@example.com"
"France","FR","Coniah, Fulvia","Baker Hughes Incorporated","106","Coniah","555-581-660","1056","Engineering","Fulvia","fulvia.coniah@example.com"
"Saint Kitts and Nevis","KN","Silberman, North","Metals USA Inc.","549","Silberman","555-757-7976","1057","Engineering","North","north.silberman@example.com"
"Denmark","DK","Edra, Tricia","Danaher Corporation","249","Edra","555-450-8131","1058","Research and Development","Tricia","tricia.edra@example.com"
"Mexico","MX","Bussy, Berta","ITT Industries Inc.","447","Bussy","555-109-6619","1059","Marketing","Berta","berta.bussy@example.com"
"Guyana","GY","Nadaha, Dukey","AutoNation, Inc.","99","Nadaha","555-707-7397","1060","Insurance","Dukey","dukey.nadaha@example.com"
"Falkland Islands","FK","Candie, Maribelle","M & T Bank Corporation","510","Candie","555-221-4766","1061","Research and Development","Maribelle","maribelle.candie@example.com"
"Mali","ML","Tristam, Sergio","KB Home","461","Tristam","555-169-530","1062","Insurance","Sergio","sergio.tristam@example.com"
"Barbados","BB","Wanyen, Myrlene","Pennzoil-Quaker State Company","637","Wanyen","555-924-8751","1063","Purchasing","Myrlene","myrlene.wanyen@example.com"
"Croatia","HR","Sadye, Arie","St. Jude Medical Inc","784","Sadye","555-750-6265","1064","Purchasing","Arie","arie.sadye@example.com"
"Cyprus","CY","Pail, Eula","Community Health Systems Inc.","212","Pail","555-430-3666","1065","Licensing","Eula","eula.pail@example.com"
"Dominica","DM","Camile, Robby","C. H. Robinson Worldwide Inc.","157","Camile","555-599-7626","1066","IT Support","Robby","robby.camile@example.com"
"Saint Martin","MF","Onfroi, Yorgo","Kemet Corp.","465","Onfroi","555-294-6098","1067","Engineering","Yorgo","yorgo.onfroi@example.com"
"Falkland Islands","FK","Spoor, Sheelagh","Costco Wholesale Corp.","234","Spoor","555-561-5466","1068","Sales","Sheelagh","sheelagh.spoor@example.com"
"Kuwait","KW","Vevina, Allie","Di Giorgio Corporation","260","Vevina","555-161-5753","1069","Production","Allie","allie.vevina@example.com"
"Netherlands","NL","Benilda, Remus","Oshkosh Truck Corp","619","Benilda","555-486-7742","1070","Accounting","Remus","remus.benilda@example.com"
"Malawi","MW","Iain, Hale","Dell Computer Corporation","255","Iain","555-692-1292","1071","Sales","Hale","hale.iain@example.com"
"Bosnia and Herzegovina","BA","Vesta, Bebe","Thomas & Betts Corporation","831","Vesta","555-385-1184","1072","Sales","Bebe","bebe.vesta@example.com"
"Mali","ML","Damour, Mikel","Sun Microsystems Inc.","803","Damour","555-541-6711","1073","Marketing","Mikel","mikel.damour@example.com"
"Vatican City","VA","Glennon, Allys","Vishay Intertechnology Inc","894","Glennon","555-440-5794","1074","Marketing","Allys","allys.glennon@example.com"
"Isle of Man","IM","Cuthbertson, Elberta","Sysco Corp","811","Cuthbertson","555-527-7135","1075","Research and Development","Elberta","elberta.cuthbertson@example.com"
"Israel","IL","Marquis, Marris","Dover Corporation, Inc.","270","Marquis","555-338-3497","1076","Legal","Marris","marris.marquis@example.com"
"American Samoa","AS","Karyl, Wendie","Solutia Inc","770","Karyl","555-249-6979","1077","Legal","Wendie","wendie.karyl@example.com"
"American Samoa","AS","Delfine, Hussein","Compuware Corp.","216","Delfine","555-821-8227","1078","Licensing","Hussein","hussein.delfine@example.com"
"Bulgaria","BG","Aldric, Rosco","United Defense Industries Inc.","863","Aldric","555-604-7955","1079","Human Resources","Rosco","rosco.aldric@example.com"
"Puerto Rico","PR","Lorianne, Donielle","The Bear Stearns Companies Inc.","117","Lorianne","555-194-7685","1080","Accounting","Donielle","donielle.lorianne@example.com"
"South Africa","ZA","Ignacio, Kaye","Family Dollar Stores Inc.","320","Ignacio","555-132-2709","1081","Customer Service","Kaye","kaye.ignacio@example.com"
"Democratic Republic of the Congo","CD","Ardeha, Theresita","Paccar Inc","625","Ardeha","555-414-5614","1082","Human Resources","Theresita","theresita.ardeha@example.com"
"Macedonia","MK","Raimondo, Myrvyn","M & T Bank Corporation","510","Raimondo","555-367-2165","1083","Production","Myrvyn","myrvyn.raimondo@example.com"
"China","CN","Gus, Cristine","Parker Hannifin Corp.","632","Gus","555-865-4497","1084","Marketing","Cristine","cristine.gus@example.com"
"Estonia","EE","Spiegel, Chandal","Navistar International Corporation","577","Spiegel","555-209-3005","1085","Human Resources","Chandal","chandal.spiegel@example.com"
"Solomon Islands","SB","Adrian, Yankee","Toll Brothers Inc","836","Adrian","555-470-119","1086","Marketing","Yankee","yankee.adrian@example.com"
"Kiribati","KI","Selry, Tremain","Wendy's International Inc","916","Selry","555-385-6847","1087","Business Development","Tremain","tremain.selry@example.com"
"Romania","RO","Centeno, Hazel","International Business Machines Corp.","442","Centeno","555-219-8960","1088","Accounting","Hazel","hazel.centeno@example.com"
"Dominica","DM","Odo, Val","Hillenbrand Industries Inc.","412","Odo","555-442-1913","1089","Licensing","Val","val.odo@example.com"
"North Korea","KP","Koenig, Sheppard","NTL Incorporated","599","Koenig","555-504-4196","1090","Marketing","Sheppard","sheppard.koenig@example.com"
"Tokelau","TK","Beverlie, Sheridan","Torchmark Corporation","837","Beverlie","555-344-6229","1091","IT Support","Sheridan","sheridan.beverlie@example.com"
"Nauru","NR","Danny, Dulsea","Lucent Technologies Inc.","508","Danny","555-900-7709","1092","Accounting","Dulsea","dulsea.danny@example.com"
"Nigeria","NE","Jarrad, Hubert","Armstrong Holdings, Inc.","88","Jarrad","555-787-8338","1093","Production","Hubert","hubert.jarrad@example.com"
"Rwanda","RW","Rosena, Bobbe","Timken Company","833","Rosena","555-992-3200","1094","Production","Bobbe","bobbe.rosena@example.com"
"Antigua and Barbuda","AG","Falzetta, Kirby","Prudential Financial Inc.","691","Falzetta","555-181-6337","1095","Licensing","Kirby","kirby.falzetta@example.com"
"Pakistan","PK","Wesley, Kathie","On Semiconductor Corp","616","Wesley","555-467-738","1096","Licensing","Kathie","kathie.wesley@example.com"
"Guinea-Bissau","GW","Cadmann, Garik","Grey Global Group Inc.","387","Cadmann","555-689-1205","1097","Legal","Garik","garik.cadmann@example.com"
"Namibia","NA","Lune, Debor","Computer Sciences Corp.","215","Lune","555-556-8055","1098","Investing","Debor","debor.lune@example.com"
"Estonia","EE","Merkle, Dorita","Honeywell International Inc.","417","Merkle","555-863-2326","1099","Human Resources","Dorita","dorita.merkle@example.com"
"Swaziland","SZ","Netta, Dasha","Pulte Homes Inc","696","Netta","555-813-3218","1100","Strategy","Dasha","dasha.netta@example.com"
"Republic of the Congo","CG","Elrod, Carolynn","Guidant Corporation","389","Elrod","555-775-9071","1101","Marketing","Carolynn","carolynn.elrod@example.com"
"Greenland","GL","Bulley, Mario","Apache Corporation","78","Bulley","555-654-8018","1102","Engineering","Mario","mario.bulley@example.com"
"Uganda","UG","Ketty, Kiah","Deere & Company","253","Ketty","555-163-5783","1103","Purchasing","Kiah","kiah.ketty@example.com"
"Guinea-Bissau","GW","Baron, Debby","Paychex Inc","634","Baron","555-359-571","1104","Customer Service","Debby","debby.baron@example.com"
"New Caledonia","NC","Sabsay, Cari","Manor Care Inc.","514","Sabsay","555-828-6301","1105","Legal","Cari","cari.sabsay@example.com"
"Western Sahara","EH","Rains, Thomasine","Gannett Co., Inc.","355","Rains","555-898-2773","1106","Human Resources","Thomasine","thomasine.rains@example.com"
"France","FR","Boffa, Pembroke","Universal Health Services Inc","872","Boffa","555-463-225","1107","Accounting","Pembroke","pembroke.boffa@example.com"
"Saint Vincent and the Grenadines","VC","Wadlinger, Irwin","Sonoco Products Co.","772","Wadlinger","555-796-1642","1108","Business Development","Irwin","irwin.wadlinger@example.com"
"Denmark","DK","Idolah, Imogene","Constellation Emergy Group Inc.","226","Idolah","555-878-7597","1109","Operations","Imogene","imogene.idolah@example.com"
"Oman","OM","Charmane, Clarine","Crane Co.","238","Charmane","555-715-2854","1110","Operations","Clarine","clarine.charmane@example.com"
"Tokelau","TK","Peursem, Stevana","IT Group Inc.","446","Peursem","555-538-2230","1111","Accounting","Stevana","stevana.peursem@example.com"
"Honduras","HN","Cornela, Atalanta","Dover Corporation, Inc.","270","Cornela","555-287-932","1112","IT Support","Atalanta","atalanta.cornela@example.com"
"Algeria","DZ","Wendy, Alphonso","Revlon Inc","717","Wendy","555-639-9945","1113","Operations","Alphonso","alphonso.wendy@example.com"
"Togo","TG","Maybelle, Bette-Ann","Tektronix Inc","817","Maybelle","555-445-4755","1114","Insurance","Bette-Ann","bette-ann.maybelle@example.com"
"Denmark","DK","Ebeneser, Orelia","Conoco Inc","221","Ebeneser","555-557-8107","1115","Accounting","Orelia","orelia.ebeneser@example.com"
"Saint Barthélemy","BL","Barnet, Brendin","Comcast Corp.","207","Barnet","555-788-9227","1116","Legal","Brendin","brendin.barnet@example.com"
"Croatia","HR","Stoughton, Lorenza","Dow Jones & Company, Inc.","272","Stoughton","555-373-6765","1117","Customer Service","Lorenza","lorenza.stoughton@example.com"
"Réunion","RE","Jehius, Karia","Cox Communications Inc.","237","Jehius","555-811-2838","1118","Accounting","Karia","karia.jehius@example.com"
"Sint Maarten","SX","Olpe, Bond","Revlon Inc","717","Olpe","555-776-8523","1119","Engineering","Bond","bond.olpe@example.com"
"Ecuador","EC","Obadiah, Lucienne","Pride International Inc","681","Obadiah","555-581-1901","1120","Purchasing","Lucienne","lucienne.obadiah@example.com"
"Armenia","AM","Randene, Trudy","Gateway Inc.","357","Randene","555-423-3261","1121","Customer Service","Trudy","trudy.randene@example.com"
"Tokelau","TK","Alburga, Rhody","Snap-On Inc","768","Alburga","555-502-9700","1122","Investing","Rhody","rhody.alburga@example.com"
"Kenya","KE","Gaelan, Carlina","Sun Microsystems Inc.","803","Gaelan","555-638-9419","1123","Production","Carlina","carlina.gaelan@example.com"
"Ukraine","UA","Terrilyn, Konstanze","KeySpan Corp.","469","Terrilyn","555-349-5382","1124","Purchasing","Konstanze","konstanze.terrilyn@example.com"
"United States Minor Outlying Islands","UM","Milks, Flemming","General Dynamics Corporation","362","Milks","555-853-7771","1125","Production","Flemming","flemming.milks@example.com"
"Indonesia","ID","Stoecker, Lavena","Cenex Harvest States Cooperatives","175","Stoecker","555-512-591","1126","Business Development","Lavena","lavena.stoecker@example.com"
"Ivory Coast ","CI","Lalita, Chicky","MDU Resources Group Inc.","540","Lalita","555-399-6947","1127","Business Development","Chicky","chicky.lalita@example.com"
"Monaco","MC","Woermer, Rosalyn","Dollar Tree Stores, Inc.","267","Woermer","555-695-9305","1128","Distribution","Rosalyn","rosalyn.woermer@example.com"
"Mozambique","MZ","Winona, Marsha","Martin Marietta Materials Inc.","523","Winona","555-423-96","1129","IT Support","Marsha","marsha.winona@example.com"
"Bulgaria","BG","Illyes, Alfons","Beazer Homes USA, Inc.","118","Illyes","555-331-2451","1130","Distribution","Alfons","alfons.illyes@example.com"
"Gambia","GM","Enrico, Avrit","WESCO International Inc","918","Enrico","555-757-7435","1131","Purchasing","Avrit","avrit.enrico@example.com"
"Turkey","TR","Tisbee, Farah","General Motors Corporation","365","Tisbee","555-599-5043","1132","Licensing","Farah","farah.tisbee@example.com"
"Cyprus","CY","Cappello, Kellby","US Airways Group Inc","877","Cappello","555-382-4154","1133","Licensing","Kellby","kellby.cappello@example.com"
"Spain","ES","Lucien, Mandie","Pitney Bowes Inc.","666","Lucien","555-776-9785","1134","Business Development","Mandie","mandie.lucien@example.com"
"Croatia","HR","Tillo, Fayre","Quanta Services Inc.","698","Tillo","555-161-7667","1135","Research and Development","Fayre","fayre.tillo@example.com"
"Tokelau","TK","Dafodil, Eartha","Dynegy Inc.","283","Dafodil","555-452-6199","1136","Distribution","Eartha","eartha.dafodil@example.com"
"Democratic Republic of the Congo","CD","Clevey, Tremayne","Delphi Corp.","256","Clevey","555-925-3428","1137","Operations","Tremayne","tremayne.clevey@example.com"
"Jersey","JE","Rafael, Sharity","Pride International Inc","681","Rafael","555-249-9344","1138","Operations","Sharity","sharity.rafael@example.com"
"Canada","CA","Mylor, Keven","WorldCom Inc","933","Mylor","555-757-6328","1139","Customer Service","Keven","keven.mylor@example.com"
"Nauru","NR","Colin, Bartram","Intuit Inc.","445","Colin","555-434-8971","1140","Marketing","Bartram","bartram.colin@example.com"
"Cambodia","KH","Champagne, Mordecai","Affiliated Computer Services, Inc.","22","Champagne","555-157-8914","1141","Operations","Mordecai","mordecai.champagne@example.com"
"Montserrat","MS","Rochemont, Agnese","American International Group, Inc.","60","Rochemont","555-153-251","1142","Investing","Agnese","agnese.rochemont@example.com"
"Seychelles","SC","Faustine, Cassandra","Leggett & Platt Inc.","488","Faustine","555-887-1164","1143","Accounting","Cassandra","cassandra.faustine@example.com"
"Senegal","SN","Parnas, Tarra","Delphi Corp.","256","Parnas","555-904-4372","1144","IT Support","Tarra","tarra.parnas@example.com"
"Trinidad and Tobago","TT","Kwon, Ferdy","Dow Jones & Company, Inc.","272","Kwon","555-395-5988","1145","Distribution","Ferdy","ferdy.kwon@example.com"
"French Guiana","GF","Pontias, Carilyn","Halliburton Co.","393","Pontias","555-855-9559","1146","Marketing","Carilyn","carilyn.pontias@example.com"
"Swaziland","SZ","Ralleigh, Paton","Norfolk Southern Corporation","590","Ralleigh","555-983-9442","1147","Customer Service","Paton","paton.ralleigh@example.com"
"Papua New Guinea","PG","Smiga, Magdalene","Forest Laboratories Inc.","347","Smiga","555-823-9212","1148","Production","Magdalene","magdalene.smiga@example.com"
"Argentina","AR","Tymon, Juliane","General Motors Corporation","365","Tymon","555-900-4001","1149","IT Support","Juliane","juliane.tymon@example.com"
"French Southern and Antarctic Lands","TF","Durtschi, Ashlin","Solectron Corp","769","Durtschi","555-736-4825","1150","Accounting","Ashlin","ashlin.durtschi@example.com"
"Dominican Republic","DO","Janyte, Germaine","Microsoft Corporation","556","Janyte","555-954-2290","1151","Accounting","Germaine","germaine.janyte@example.com"
"Zambia","ZM","Samalla, Berna","Ingram Micro Inc.","435","Samalla","555-737-1225","1152","Operations","Berna","berna.samalla@example.com"
"Lithuania","LT","Sada, Wylma","Anadarko Petroleum Corporation","70","Sada","555-803-8963","1153","Sales","Wylma","wylma.sada@example.com"
"Northern Mariana Islands","MP","Brynna, Danica","Hershey Foods Corp.","409","Brynna","555-915-1490","1154","Insurance","Danica","danica.brynna@example.com"
"Iraq","IQ","Oskar, Thorndike","Amazon.com, Inc.","47","Oskar","555-119-1319","1155","Licensing","Thorndike","thorndike.oskar@example.com"
"Nigeria","NG","Philine, Kipper","Amerada Hess Corporation","50","Philine","555-541-3120","1156","Purchasing","Kipper","kipper.philine@example.com"
"Brazil","BR","Muffin, Bernardo","Agway Inc.","26","Muffin","555-767-7565","1157","Marketing","Bernardo","bernardo.muffin@example.com"
"Togo","TG","Shari, Lucita","Primedia Inc","682","Shari","555-893-5925","1158","Licensing","Lucita","lucita.shari@example.com"
"Equatorial Guinea","GQ","Kaitlynn, Karleen","Service Corp. International","753","Kaitlynn","555-831-2155","1159","Operations","Karleen","karleen.kaitlynn@example.com"
"Réunion","RE","Sharl, Olivia","W.W. Grainger Inc","900","Sharl","555-777-625","1160","Licensing","Olivia","olivia.sharl@example.com"
"Central African Republic","CF","Cammie, Cindie","DTE Energy Co.","277","Cammie","555-838-6748","1161","Legal","Cindie","cindie.cammie@example.com"
"Kiribati","KI","Othilia, Cate","IMC Global Inc.","431","Othilia","555-748-4158","1162","IT Support","Cate","cate.othilia@example.com"
"Tonga","TO","Cedar, Martie","Principal Financial Group Inc.","683","Cedar","555-542-4808","1163","Strategy","Martie","martie.cedar@example.com"
"Saint Vincent and the Grenadines","VC","Till, Wendell","ChevronTexaco Corp.","185","Till","555-962-3833","1164","Accounting","Wendell","wendell.till@example.com"
"Montenegro","ME","Edna, Brandy","Del Monte Foods Co","254","Edna","555-745-5859","1165","Customer Service","Brandy","brandy.edna@example.com"
"Sao Tome and Principe","ST","Stilu, Beverlie","Textron Inc","829","Stilu","555-921-5102","1166","Business Development","Beverlie","beverlie.stilu@example.com"
"Nepal","NP","Noelyn, Merline","Qwest Communications Intl Inc","703","Noelyn","555-996-981","1167","Customer Service","Merline","merline.noelyn@example.com"
"Bahrain","BH","Thomasine, Gina","Toll Brothers Inc","836","Thomasine","555-547-7974","1168","Insurance","Gina","gina.thomasine@example.com"
"Tokelau","TK","Eugenie, Sabine","Advantica Restaurant Group, Inc.","19","Eugenie","555-975-7852","1169","Distribution","Sabine","sabine.eugenie@example.com"
"Saint Martin","MF","Kristien, Barny","Allmerica Financial Corporation","43","Kristien","555-880-7334","1170","Distribution","Barny","barny.kristien@example.com"
"Belgium","BE","Dillon, Frederich","Advance Auto Parts, Inc.","16","Dillon","555-390-2203","1171","Licensing","Frederich","frederich.dillon@example.com"
"Luxembourg","LU","Gorey, Laney","Cox Communications Inc.","237","Gorey","555-246-8955","1172","Business Development","Laney","laney.gorey@example.com"
"Turks and Caicos Islands","TC","Charita, Kathrine","Northeast Utilities System","593","Charita","555-727-8138","1173","Sales","Kathrine","kathrine.charita@example.com"
"Saint Helena, Ascension and Tristan da Cunha","SH","Sharla, Laird","Viacom Inc","891","Sharla","555-805-1837","1174","Customer Service","Laird","laird.sharla@example.com"
"Libya","LY","Onia, Philipa","Centex Corp.","176","Onia","555-779-4393","1175","Investing","Philipa","philipa.onia@example.com"
"North Korea","KP","Randie, Tedman","OGE Energy Corp","608","Randie","555-345-3304","1176","Accounting","Tedman","tedman.randie@example.com"
"Tonga","TO","Haland, Delainey","Willamette Industries Inc.","926","Haland","555-704-3903","1177","Investing","Delainey","delainey.haland@example.com"
"Yemen","YE","Kerekes, Ignace","Public Service Enterprise Group Inc.","693","Kerekes","555-412-5426","1178","IT Support","Ignace","ignace.kerekes@example.com"
"Gabon","GA","Alidis, Ninetta","Noble Energy Inc","588","Alidis","555-862-985","1179","Insurance","Ninetta","ninetta.alidis@example.com"
"Armenia","AM","Cristabel, Alec","Berkshire Hathaway Inc.","128","Cristabel","555-753-6026","1180","Strategy","Alec","alec.cristabel@example.com"
"Saint Barthélemy","BL","Almond, Ronnie","The Boeing Company","138","Almond","555-146-513","1181","Sales","Ronnie","ronnie.almond@example.com"
"France","FR","Arianie, Gayleen","Vectren Corporation","887","Arianie","555-250-7028","1182","Accounting","Gayleen","gayleen.arianie@example.com"
"Yemen","YE","Staffard, Dianna","Golden State Bancorp Inc.","376","Staffard","555-424-5844","1183","Purchasing","Dianna","dianna.staffard@example.com"
"Kyrgyzstan","KG","Pownall, Gabriele","Citigroup, Inc","195","Pownall","555-195-7484","1184","Strategy","Gabriele","gabriele.pownall@example.com"
"American Samoa","AS","Trautman, Claresta","Principal Financial Group Inc.","683","Trautman","555-519-817","1185","Human Resources","Claresta","claresta.trautman@example.com"
"Uzbekistan","UZ","Thurlough, Sashenka","Jefferson-Pilot Co.","456","Thurlough","555-166-7170","1186","Operations","Sashenka","sashenka.thurlough@example.com"
"Cocos (Keeling) Islands","CC","Bernadette, Leona","Peter Kiewit Sons', Inc.","651","Bernadette","555-341-5344","1187","Strategy","Leona","leona.bernadette@example.com"
"Russia","RU","Gorman, Hana","Rockwell Collins Inc","725","Gorman","555-472-8014","1188","Sales","Hana","hana.gorman@example.com"
"Kuwait","KW","Alcot, Cosimo","Nvidia Corp","601","Alcot","555-302-3464","1189","Investing","Cosimo","cosimo.alcot@example.com"
"Italy","IT","Margalo, Spenser","First Data Corp.","330","Margalo","555-780-9451","1190","Legal","Spenser","spenser.margalo@example.com"
"French Southern and Antarctic Lands","TF","Cassius, Hesther","ALLETE, Inc.","40","Cassius","555-267-1094","1191","Distribution","Hesther","hesther.cassius@example.com"
"South Sudan","SS","Gertie, Enoch","Ocean Energy Inc","605","Gertie","555-890-8575","1192","Investing","Enoch","enoch.gertie@example.com"
"Isle of Man","IM","Barb, Shell","W.R. Grace & Co","899","Barb","555-456-9425","1193","Operations","Shell","shell.barb@example.com"
"Ethiopia","ET","Frances, Dacia","DaVita Inc.","251","Frances","555-689-180","1194","Operations","Dacia","dacia.frances@example.com"
"Pitcairn Islands","PN","Essex, Brennan","Jabil Circuit Inc.","452","Essex","555-804-9535","1195","Business Development","Brennan","brennan.essex@example.com"
"Vatican City","VA","Surovy, Ginevra","Emerson Electric Co.","300","Surovy","555-654-404","1196","Research and Development","Ginevra","ginevra.surovy@example.com"
"Mauritania","MR","Kev, Renee","Performance Food Group Co.","646","Kev","555-788-6306","1197","Production","Renee","renee.kev@example.com"
"Andorra","AD","Jehius, Odo","Harsco Corp.","398","Jehius","555-107-8576","1198","Strategy","Odo","odo.jehius@example.com"
"Ireland","IE","McSpadden, Desmund","Foot Locker Inc","344","McSpadden","555-251-5182","1199","Distribution","Desmund","desmund.mcspadden@example.com"
"Malaysia","MY","Samp, Hilary","Interpublic Group of Companies Inc.","440","Samp","555-231-8417","1200","Licensing","Hilary","hilary.samp@example.com"
"Benin","BJ","Jacinthe, Duke","World Fuel Services Corporation","932","Jacinthe","555-371-6040","1201","Customer Service","Duke","duke.jacinthe@example.com"
"Sint Maarten","SX","Irmgard, Clementia","United Technologies Corporation","867","Irmgard","555-110-1297","1202","Operations","Clementia","clementia.irmgard@example.com"
"Djibouti","DJ","Colas, Jamie","Owens-Illinois Inc","623","Colas","555-814-6652","1203","Business Development","Jamie","jamie.colas@example.com"
"Cambodia","KH","Schuman, Nollie","UnumProvident Corporation","875","Schuman","555-935-4644","1204","Marketing","Nollie","nollie.schuman@example.com"
"Ghana","GH","Grindlay, Jessamine","AOL Time Warner Inc.","76","Grindlay","555-897-540","1205","Purchasing","Jessamine","jessamine.grindlay@example.com"
"Senegal","SN","Ruel, Row","PSS World Medical Inc","692","Ruel","555-302-4222","1206","Purchasing","Row","row.ruel@example.com"
"Kuwait","KW","Zelig, Glad","Novellus Systems Inc","597","Zelig","555-453-519","1207","Licensing","Glad","glad.zelig@example.com"
"Armenia","AM","Bent, Mona","Apartment Investment and Management Company","27","Bent","555-594-4339","1208","Business Development","Mona","mona.bent@example.com"
"Macau","MO","Arte, Rubi","Ciena Corp.","188","Arte","555-857-2749","1209","Research and Development","Rubi","rubi.arte@example.com"
"Hong Kong","HK","Seiden, Blancha","Belk, Inc.","122","Seiden","555-550-3369","1210","Engineering","Blancha","blancha.seiden@example.com"
"Puerto Rico","PR","Yasui, Vincenty","Humana Inc.","425","Yasui","555-914-9470","1211","IT Support","Vincenty","vincenty.yasui@example.com"
"Uruguay","UY","Burnie, Joyce","Corning Inc.","233","Burnie","555-180-2472","1212","Investing","Joyce","joyce.burnie@example.com"
"Belgium","BE","Quickman, Stephi","Delta Air Lines Inc.","257","Quickman","555-593-1450","1213","Strategy","Stephi","stephi.quickman@example.com"
"Lesotho","LS","Talmud, Konrad","Cintas Corp.","192","Talmud","555-702-5990","1214","Human Resources","Konrad","konrad.talmud@example.com"
"South Georgia and the South Sandwich Island","GS","Peltz, Gordie","IT Group Inc.","446","Peltz","555-783-3649","1215","Licensing","Gordie","gordie.peltz@example.com"
"Jersey","JE","Upton, Johna","Eaton Corporation","289","Upton","555-514-186","1216","Purchasing","Johna","johna.upton@example.com"
"Lesotho","LS","Ackerley, Chaim","CMS Energy Corp.","201","Ackerley","555-374-5170","1217","Business Development","Chaim","chaim.ackerley@example.com"
"Kenya","KE","Phemia, Dorothy","Kellogg Company","462","Phemia","555-501-1391","1218","Customer Service","Dorothy","dorothy.phemia@example.com"
"Tonga","TO","Ebonee, Arlee","PETsMART Inc","652","Ebonee","555-914-6059","1219","Customer Service","Arlee","arlee.ebonee@example.com"
"Curaçao","CW","Card, Hakim","WPS Resources Corporation","935","Card","555-579-1294","1220","Licensing","Hakim","hakim.card@example.com"
"Mexico","MX","Stanton, Hyacintha","Wallace Computer Services Inc","904","Stanton","555-216-3723","1221","IT Support","Hyacintha","hyacintha.stanton@example.com"
"Djibouti","DJ","Jobyna, Lenna","MGIC Investment Corporation","552","Jobyna","555-630-1493","1222","Marketing","Lenna","lenna.jobyna@example.com"
"Panama","PA","Dalila, Evy","Symbol Technologies Inc","809","Dalila","555-173-5417","1223","Business Development","Evy","evy.dalila@example.com"
"French Polynesia","PF","Brennen, Cart","The May Department Stores Company","531","Brennen","555-225-37","1224","Licensing","Cart","cart.brennen@example.com"
"Argentina","AR","Ninos, Shae","Bank of America Corporation","108","Ninos","555-670-9313","1225","Distribution","Shae","shae.ninos@example.com"
"Moldova","MD","Boyse, Ange","Synovus Financial Corp.","810","Boyse","555-317-5025","1226","Strategy","Ange","ange.boyse@example.com"
"Libya","LY","Valleau, Marshall","Xerox Corp","939","Valleau","555-781-6090","1227","Accounting","Marshall","marshall.valleau@example.com"
"French Southern and Antarctic Lands","TF","Varipapa, Danyelle","Allergan, Inc.","39","Varipapa","555-537-3878","1228","Engineering","Danyelle","danyelle.varipapa@example.com"
"Iran","IR","Rayburn, Dianna","Phelps Dodge Corp.","657","Rayburn","555-166-5853","1229","Operations","Dianna","dianna.rayburn@example.com"
"Eritrea","ER","Maye, Myrna","Regions Financial Corp.","711","Maye","555-802-2301","1230","Business Development","Myrna","myrna.maye@example.com"
"Denmark","DK","Liss, Bogey","BJ's Wholesale Club, Inc.","134","Liss","555-834-9524","1231","Licensing","Bogey","bogey.liss@example.com"
"Belarus","BY","Aara, Yvor","Hovnanian Enterprises Inc.","421","Aara","555-368-2912","1232","Accounting","Yvor","yvor.aara@example.com"
"Tuvalu","TV","Pam, Garvey","ConAgra Foods Inc.","218","Pam","555-968-7524","1233","Licensing","Garvey","garvey.pam@example.com"
"Åland Islands","AX","Mitchael, Paxon","Air Products and Chemicals, Inc.","28","Mitchael","555-125-3156","1234","Business Development","Paxon","paxon.mitchael@example.com"
"Brunei Darussalam","BN","Vander, Raquel","MeadWestvaco Corporation","541","Vander","555-461-6294","1235","Purchasing","Raquel","raquel.vander@example.com"
"Puerto Rico","PR","Rubin, Khalil","Cenex Harvest States Cooperatives","175","Rubin","555-836-8001","1236","Strategy","Khalil","khalil.rubin@example.com"
"Trinidad and Tobago","TT","Grimaldi, Collie","Dow Chemical Company","271","Grimaldi","555-110-1666","1237","Operations","Collie","collie.grimaldi@example.com"
"Jamaica","JM","Alinna, Janelle","TravelCenters of America Inc.","844","Alinna","555-812-6273","1238","IT Support","Janelle","janelle.alinna@example.com"
"United States","US","Roxanne, Auria","Nordstrom Inc","589","Roxanne","555-995-4939","1239","Research and Development","Auria","auria.roxanne@example.com"
"Uzbekistan","UZ","Millie, Conant","IKON Office Solutions Inc.","429","Millie","555-998-8320","1240","Legal","Conant","conant.millie@example.com"
"Republic of the Congo","CG","Stringer, Florian","Ryland Group Inc.","732","Stringer","555-715-7326","1241","Insurance","Florian","florian.stringer@example.com"
"United States","US","Hluchy, Lilli","Outback Steakhouse Inc.","620","Hluchy","555-781-1156","1242","Strategy","Lilli","lilli.hluchy@example.com"
"Guernsey","GG","Leslie, Catriona","Quantum Corp","699","Leslie","555-956-8527","1243","Marketing","Catriona","catriona.leslie@example.com"
"Liechtenstein","LI","Nolte, Jenilee","Olin Corp.","612","Nolte","555-237-9229","1244","Sales","Jenilee","jenilee.nolte@example.com"
"Guyana","GY","Ettari, Shirleen","First Data Corp.","330","Ettari","555-787-8403","1245","Distribution","Shirleen","shirleen.ettari@example.com"
"Saint Helena, Ascension and Tristan da Cunha","SH","Ransome, Dorrie","XO Communications Inc","941","Ransome","555-957-5960","1246","Marketing","Dorrie","dorrie.ransome@example.com"
"Sudan Sudan","SD","Eustatius, Octavius","Halliburton Co.","393","Eustatius","555-366-6974","1247","Insurance","Octavius","octavius.eustatius@example.com"
"Argentina","AR","Greenes, Brandyn","Williams Companies Inc","927","Greenes","555-514-1391","1248","Customer Service","Brandyn","brandyn.greenes@example.com"
"United Kingdom","GB","Rosane, Celinka","United Parcel Service Inc","864","Rosane","555-339-9984","1249","Operations","Celinka","celinka.rosane@example.com"
"Saint Barthélemy","BL","Lonee, Guillema","Merck & Co., Inc.","545","Lonee","555-349-6186","1250","Customer Service","Guillema","guillema.lonee@example.com"
"Namibia","NA","Jermaine, Harriett","Group 1 Automotive Inc.","388","Jermaine","555-580-3954","1251","Sales","Harriett","harriett.jermaine@example.com"
"Nigeria","NE","Rochelle, Monty","Fifth Third Bancorp","328","Rochelle","555-834-531","1252","Investing","Monty","monty.rochelle@example.com"
"Ivory Coast ","CI","Tamqrah, Rubia","Interstate Bakeries Corporation","441","Tamqrah","555-854-9971","1253","Distribution","Rubia","rubia.tamqrah@example.com"
"Puerto Rico","PR","Burra, Nanni","Ace Hardware Corporation","7","Burra","555-794-5691","1254","Purchasing","Nanni","nanni.burra@example.com"
"United Arab Emirates","AE","Schlicher, Debera","BellSouth Corporation","124","Schlicher","555-653-9791","1255","Distribution","Debera","debera.schlicher@example.com"
"Greece","GR","Alvinia, Koo","Valero Energy Corporation","883","Alvinia","555-942-365","1256","Business Development","Koo","koo.alvinia@example.com"
"Rwanda","RW","Morice, Perla","McKesson Corporation","537","Morice","555-623-9817","1257","Engineering","Perla","perla.morice@example.com"
"Czech Republic","CZ","Kohl, Rosy","Pepsi Bottling Group Inc.","643","Kohl","555-355-295","1258","Business Development","Rosy","rosy.kohl@example.com"
"Saint Lucia","LC","Atwater, Dena","AnnTaylor Inc.","74","Atwater","555-313-7782","1259","Legal","Dena","dena.atwater@example.com"
"Saint Helena, Ascension and Tristan da Cunha","SH","Alfie, Raphaela","Cigna Corp","189","Alfie","555-860-9350","1260","Licensing","Raphaela","raphaela.alfie@example.com"
"Fiji","FJ","Schouten, Liza","Dreyer's Grand Ice Cream, Inc.","275","Schouten","555-947-843","1261","Human Resources","Liza","liza.schouten@example.com"
"Iceland","IS","Allsun, Brett","Caremark Rx Inc.","165","Allsun","555-722-8880","1262","Licensing","Brett","brett.allsun@example.com"
"Bouvet Island","BV","Jessi, Marjie","Siebel Systems Inc","758","Jessi","555-177-1213","1263","Operations","Marjie","marjie.jessi@example.com"
"Saint Lucia","LC","Ming, Mari","Millennium Chemicals Inc.","558","Ming","555-577-3574","1264","Accounting","Mari","mari.ming@example.com"
"Guam","GU","Buote, Joana","McDonald's Corporation","535","Buote","555-911-1374","1265","Engineering","Joana","joana.buote@example.com"
"Bolivia","BO","Colin, Georgeanna","Bank One Corporation","110","Colin","555-910-7824","1266","Engineering","Georgeanna","georgeanna.colin@example.com"
"Ecuador","EC","Nancey, Constantina","Wm Wrigley Jr Company","931","Nancey","555-404-796","1267","Customer Service","Constantina","constantina.nancey@example.com"
"Denmark","DK","Sieracki, Orran","Arkansas Best Corporation","87","Sieracki","555-174-7144","1268","Engineering","Orran","orran.sieracki@example.com"
"Bahamas","BS","Madid, Rick","Allegheny Energy, Inc.","37","Madid","555-120-9294","1269","Distribution","Rick","rick.madid@example.com"
"Mozambique","MZ","Hawk, Tommi","BJ's Wholesale Club, Inc.","134","Hawk","555-215-6446","1270","Human Resources","Tommi","tommi.hawk@example.com"
"Moldova","MD","Barthelemy, Jeannine","Lennox International Inc.","491","Barthelemy","555-652-3352","1271","Production","Jeannine","jeannine.barthelemy@example.com"
"Ethiopia","ET","Halsted, Cinda","Thomas & Betts Corporation","831","Halsted","555-931-1098","1272","Business Development","Cinda","cinda.halsted@example.com"
"Denmark","DK","Uyekawa, Datha","Intuit Inc.","445","Uyekawa","555-379-2055","1273","Business Development","Datha","datha.uyekawa@example.com"
"Mauritania","MR","Luane, Elinor","Diebold Incorporated","262","Luane","555-512-5069","1274","Operations","Elinor","elinor.luane@example.com"
"Montserrat","MS","Halie, Christiano","Ball Corporation","107","Halie","555-213-5570","1275","Insurance","Christiano","christiano.halie@example.com"
"Greece","GR","Jegar, Agneta","Omnicom Group","615","Jegar","555-627-8842","1276","Investing","Agneta","agneta.jegar@example.com"
"Denmark","DK","Marla, Gal","Calpine Corp.","161","Marla","555-701-3940","1277","Sales","Gal","gal.marla@example.com"
"Comoros","KM","Zaneski, Merola","Western Gas Resources Inc","920","Zaneski","555-947-2926","1278","Legal","Merola","merola.zaneski@example.com"
"Sri Lanka","LK","Remy, Osgood","AK Steel Holding Corporation","31","Remy","555-945-8889","1279","Distribution","Osgood","osgood.remy@example.com"
"United Arab Emirates","AE","Argyle, Ram","Cintas Corp.","192","Argyle","555-848-9900","1280","Sales","Ram","ram.argyle@example.com"
"Indonesia","ID","Peterus, Maible","Foamex International Inc","343","Peterus","555-403-2635","1281","Operations","Maible","maible.peterus@example.com"
"Saint Vincent and the Grenadines","VC","Seppala, Bryana","E*Trade Group, Inc.","284","Seppala","555-626-5172","1282","Marketing","Bryana","bryana.seppala@example.com"
"Seychelles","SC","Lindahl, Ralph","M & T Bank Corporation","510","Lindahl","555-364-9861","1283","Licensing","Ralph","ralph.lindahl@example.com"
"Moldova","MD","Mina, Laney","Tellabs Inc.","820","Mina","555-648-2435","1284","Business Development","Laney","laney.mina@example.com"
"Indonesia","ID","Gomez, Talbot","Beverly Enterprises, Inc.","131","Gomez","555-740-7953","1285","Business Development","Talbot","talbot.gomez@example.com"
"Russia","RU","Richela, Quinton","Citizens Communications Co.","196","Richela","555-346-4734","1286","Accounting","Quinton","quinton.richela@example.com"
"Central African Republic","CF","Augustine, Britteny","Puget Energy Inc.","695","Augustine","555-370-9275","1287","Engineering","Britteny","britteny.augustine@example.com"
"Tajikistan","TJ","Pelagia, Celka","R.R. Donnelley & Sons Company","705","Pelagia","555-227-3760","1288","Licensing","Celka","celka.pelagia@example.com"
"United States Minor Outlying Islands","UM","Knox, Zia","Teleflex Incorporated","818","Knox","555-694-9041","1289","Insurance","Zia","zia.knox@example.com"
"Poland","PL","Stearns, Maureen","Stewart & Stevenson Services Inc","797","Stearns","555-969-1280","1290","Engineering","Maureen","maureen.stearns@example.com"
"Kuwait","KW","Adler, Carline","TECO Energy Inc","815","Adler","555-647-9802","1291","Licensing","Carline","carline.adler@example.com"
"Singapore","SG","Pravit, Forbes","TRW Inc","850","Pravit","555-376-7266","1292","Distribution","Forbes","forbes.pravit@example.com"
"Cayman Islands Cayman Islands","KY","Eldridge, Sophronia","Newmont Mining Corporation","583","Eldridge","555-314-2612","1293","Insurance","Sophronia","sophronia.eldridge@example.com"
"Afghanistan","AF","Orville, Aggie","CellStar Corp.","173","Orville","555-448-4443","1294","Operations","Aggie","aggie.orville@example.com"
"Jordan","JO","Elrod, Gayleen","Arrow Electronics, Inc.","89","Elrod","555-479-4427","1295","Business Development","Gayleen","gayleen.elrod@example.com"
"Isle of Man","IM","Xavler, Donica","RPM Inc.","728","Xavler","555-185-7491","1296","Operations","Donica","donica.xavler@example.com"
"Mozambique","MZ","Fuld, Abby","General Mills Inc","364","Fuld","555-332-938","1297","Research and Development","Abby","abby.fuld@example.com"
"United States Minor Outlying Islands","UM","Verene, Marcello","Quest Diagnostics Inc.","700","Verene","555-266-723","1298","Distribution","Marcello","marcello.verene@example.com"
"Italy","IT","Aenneea, Maximo","ChevronTexaco Corp.","185","Aenneea","555-215-5167","1299","Human Resources","Maximo","maximo.aenneea@example.com"
"Fiji","FJ","Jeanne, Novelia","Swift Transportation, Co., Inc","808","Jeanne","555-197-5828","1300","Customer Service","Novelia","novelia.jeanne@example.com"
"Mexico","MX","Dygert, Hedy","Budget Group, Inc.","152","Dygert","555-181-7498","1301","Sales","Hedy","hedy.dygert@example.com"
"Pitcairn Islands","PN","Erna, Sonnie","Pacific Gas & Electric Corp.","654","Erna","555-311-9136","1302","Production","Sonnie","sonnie.erna@example.com"
"Cocos (Keeling) Islands","CC","Des, Mariya","Motorola Inc.","564","Des","555-781-4888","1303","Marketing","Mariya","mariya.des@example.com"
"Samoa","WS","Newcomb, Kellen","Rohm & Haas Co.","726","Newcomb","555-342-1411","1304","Distribution","Kellen","kellen.newcomb@example.com"
"South Korea ","KR","Vtarj, Gav","Occidental Petroleum Corp","604","Vtarj","555-636-8175","1305","Legal","Gav","gav.vtarj@example.com"
"Montenegro","ME","Daune, Hanan","Kellogg Company","462","Daune","555-927-5663","1306","Customer Service","Hanan","hanan.daune@example.com"
"Cuba","CU","Juley, Rodina","Southern Company","773","Juley","555-996-1346","1307","Research and Development","Rodina","rodina.juley@example.com"
"Saint Vincent and the Grenadines","VC","Pegeen, Jarret","Phillips Van Heusen Corp.","660","Pegeen","555-939-4754","1308","Operations","Jarret","jarret.pegeen@example.com"
"Namibia","NA","Seibold, Dicky","Calpine Corp.","161","Seibold","555-764-686","1309","Operations","Dicky","dicky.seibold@example.com"
"Eritrea","ER","Martinelli, Izzy","Potlatch Corp","675","Martinelli","555-694-8240","1310","Engineering","Izzy","izzy.martinelli@example.com"
"Antigua and Barbuda","AG","Gwenn, Bryna","Texas Instruments Incorporated","828","Gwenn","555-797-6078","1311","Legal","Bryna","bryna.gwenn@example.com"
"Kiribati","KI","Monroy, Robinet","Hovnanian Enterprises Inc.","421","Monroy","555-598-994","1312","Customer Service","Robinet","robinet.monroy@example.com"
"Gibraltar","GI","Gyatt, Cristionna","Mellon Financial Corporation","543","Gyatt","555-628-5577","1313","Research and Development","Cristionna","cristionna.gyatt@example.com"
"Vietnam","VN","Nobell, Milka","American Standard Companies Inc.","61","Nobell","555-725-734","1314","Engineering","Milka","milka.nobell@example.com"
"Maldives","MV","Adina, Constantine","RGS Energy Group Inc","718","Adina","555-139-7626","1315","Customer Service","Constantine","constantine.adina@example.com"
"Indonesia","ID","Booth, Hermine","Briggs & Stratton Corporation","144","Booth","555-379-2325","1316","Research and Development","Hermine","hermine.booth@example.com"
"Togo","TG","McClenaghan, Elliot","Veritas Software Corporation","888","McClenaghan","555-622-7357","1317","Engineering","Elliot","elliot.mcclenaghan@example.com"
"Jersey","JE","Bonnie, Maxim","Sysco Corp","811","Bonnie","555-968-3673","1318","Sales","Maxim","maxim.bonnie@example.com"
"Belgium","BE","Moss, Brook","The Black & Decker Corporation","135","Moss","555-879-5901","1319","Distribution","Brook","brook.moss@example.com"
"Germany","DE","Neff, Bartolomeo","Group 1 Automotive Inc.","388","Neff","555-849-1349","1320","Production","Bartolomeo","bartolomeo.neff@example.com"
"Austria","AT","Uke, Thia","Coventry Health Care Inc.","236","Uke","555-889-3093","1321","Distribution","Thia","thia.uke@example.com"
"Cocos (Keeling) Islands","CC","Hole, Ezekiel","Petco Animal Supplies Inc.","650","Hole","555-112-5110","1322","Production","Ezekiel","ezekiel.hole@example.com"
"Ethiopia","ET","Kam, Mathian","Trans World Entertainment Corp.","841","Kam","555-343-7215","1323","IT Support","Mathian","mathian.kam@example.com"
"Hungary","HU","Birkett, Tedd","Sealed Air Corp","749","Birkett","555-259-7932","1324","Accounting","Tedd","tedd.birkett@example.com"
"Bolivia","BO","Kwarteng, Mae","General Electric Company","363","Kwarteng","555-636-9607","1325","Licensing","Mae","mae.kwarteng@example.com"
"Greece","GR","Perdita, Fred","SunTrust Banks Inc","806","Perdita","555-708-8729","1326","Purchasing","Fred","fred.perdita@example.com"
"Antarctica","AQ","Lane, Frasco","Quantum Corp","699","Lane","555-934-5218","1327","Operations","Frasco","frasco.lane@example.com"
"Sudan Sudan","SD","Blus, Maudie","PolyOne Corp","673","Blus","555-959-5422","1328","Production","Maudie","maudie.blus@example.com"
"Madagascar","MG","Godding, Yoko","Caremark Rx Inc.","165","Godding","555-261-5538","1329","Accounting","Yoko","yoko.godding@example.com"
"Western Sahara","EH","Concordia, Zebulon","Fleming Companies Inc.","338","Concordia","555-388-5784","1330","Operations","Zebulon","zebulon.concordia@example.com"
"Sudan Sudan","SD","Ezaria, Cal","Estee Lauder Companies Inc.","313","Ezaria","555-895-3681","1331","Accounting","Cal","cal.ezaria@example.com"
"Romania","RO","Georgette, Vladamir","The Neiman Marcus Group Inc.","579","Georgette","555-362-840","1332","Purchasing","Vladamir","vladamir.georgette@example.com"
"Niue","NU","Tolkan, Cissiee","United Stationers Inc","866","Tolkan","555-274-3100","1333","Research and Development","Cissiee","cissiee.tolkan@example.com"
"Sint Maarten","SX","Tearle, Jody","Amkor Technology, Inc.","66","Tearle","555-879-6548","1334","Production","Jody","jody.tearle@example.com"
"Belgium","BE","Asel, Katine","Hilton Hotels Corp.","413","Asel","555-804-8824","1335","Accounting","Katine","katine.asel@example.com"
"Israel","IL","Selwin, Pavia","Masco Corporation","524","Selwin","555-678-6631","1336","Operations","Pavia","pavia.selwin@example.com"
"Mali","ML","Agee, Zorana","Universal Corporation","870","Agee","555-440-5087","1337","IT Support","Zorana","zorana.agee@example.com"
"Jordan","JO","Doloritas, Dulcia","Bank One Corporation","110","Doloritas","555-159-1471","1338","Production","Dulcia","dulcia.doloritas@example.com"
"Malawi","MW","Miranda, Ruthie","CellStar Corp.","173","Miranda","555-186-3496","1339","Human Resources","Ruthie","ruthie.miranda@example.com"
"Dominican Republic","DO","Weinreb, Grata","Qwest Communications Intl Inc","703","Weinreb","555-330-3504","1340","Production","Grata","grata.weinreb@example.com"
"Portugal","PT","Duke, Appolonia","Trinity Industries Inc","848","Duke","555-504-9419","1341","Sales","Appolonia","appolonia.duke@example.com"
"Eritrea","ER","Magdala, Moritz","Starbucks Corp","791","Magdala","555-617-1009","1342","Business Development","Moritz","moritz.magdala@example.com"
"Falkland Islands","FK","Darda, Gerianne","Medtronic Inc.","542","Darda","555-914-9272","1343","Accounting","Gerianne","gerianne.darda@example.com"
"Brazil","BR","Smiga, Bernarr","North Fork Bancorporation Inc","592","Smiga","555-731-4130","1344","Production","Bernarr","bernarr.smiga@example.com"
"Saint Barthélemy","BL","Schreibman, Arly","Winn Dixie Stores Inc","929","Schreibman","555-905-3330","1345","Production","Arly","arly.schreibman@example.com"
"Mexico","MX","Murray, Kissee","Nortek Inc","591","Murray","555-422-6072","1346","Production","Kissee","kissee.murray@example.com"
"Liberia","LR","Ronen, Kort","ExxonMobil Corporation","318","Ronen","555-347-3741","1347","IT Support","Kort","kort.ronen@example.com"
"Serbia","RS","Barnett, Terrence","Fluor Corp","341","Barnett","555-859-2616","1348","Investing","Terrence","terrence.barnett@example.com"
"Sierra Leone","SL","Ariela, Fonzie","American Water Works Company, Inc.","62","Ariela","555-834-6266","1349","Licensing","Fonzie","fonzie.ariela@example.com"
"Anguilla","AI","Jala, Fern","Carlisle Cos. Inc.","166","Jala","555-408-1490","1350","Customer Service","Fern","fern.jala@example.com"
"Andorra","AD","Robbins, Ninnette","M.D.C. Holdings Inc.","539","Robbins","555-442-52","1351","Strategy","Ninnette","ninnette.robbins@example.com"
"Belgium","BE","Marilin, Leena","SBC Communications Inc","740","Marilin","555-888-4653","1352","Accounting","Leena","leena.marilin@example.com"
"United States Virgin Islands","VI","Gentille, Rhona","Archer Daniels Midland Company","86","Gentille","555-652-9972","1353","Human Resources","Rhona","rhona.gentille@example.com"
"Angola","AO","Hehre, Ezri","H&R Block Inc.","390","Hehre","555-838-4848","1354","Investing","Ezri","ezri.hehre@example.com"
"Switzerland","CH","Cyndia, Luis","Foster Wheeler Ltd.","349","Cyndia","555-763-6529","1355","Sales","Luis","luis.cyndia@example.com"
"Cuba","CU","Costanza, Sylvia","Automatic Data Processing, Inc.","98","Costanza","555-158-6734","1356","Research and Development","Sylvia","sylvia.costanza@example.com"
"Nigeria","NE","Tallbott, Bail","KLA-Tencor Corporation","473","Tallbott","555-253-2330","1357","Insurance","Bail","bail.tallbott@example.com"
"Jordan","JO","Quentin, Devinne","Hasbro Inc.","400","Quentin","555-615-2997","1358","Marketing","Devinne","devinne.quentin@example.com"
"Guyana","GY","Oralee, Salome","RoadwayCorp","721","Oralee","555-890-3089","1359","Distribution","Salome","salome.oralee@example.com"
"Jordan","JO","Lussier, Darsey","URS Corporation","876","Lussier","555-287-121","1360","Business Development","Darsey","darsey.lussier@example.com"
"Vanuatu","VU","Linzy, Vanya","American Power Conversion Corporation","49","Linzy","555-824-5122","1361","Insurance","Vanya","vanya.linzy@example.com"
"China","CN","Adriene, Geneva","Wal-Mart Stores Inc","905","Adriene","555-622-6370","1362","Engineering","Geneva","geneva.adriene@example.com"
"Sweden","SE","Tannenwald, Gayle","Hubbell Inc.","423","Tannenwald","555-928-830","1363","Insurance","Gayle","gayle.tannenwald@example.com"
"Saint Kitts and Nevis","KN","Laughton, Tommie","Worthington Industries Inc","934","Laughton","555-804-623","1364","Production","Tommie","tommie.laughton@example.com"
"Nepal","NP","Arand, Collie","Marsh Supermarkets Inc.","521","Arand","555-922-1071","1365","Strategy","Collie","collie.arand@example.com"
"Cameroon","CM","Goldina, Joaquin","OM Group Inc","613","Goldina","555-795-6934","1366","Investing","Joaquin","joaquin.goldina@example.com"
"United Arab Emirates","AE","Hooker, Cobb","Knight-Ridder Inc.","475","Hooker","555-545-6179","1367","Licensing","Cobb","cobb.hooker@example.com"
"Botswana","BW","Renell, Madelaine","Dana Corporation","248","Renell","555-842-4551","1368","Accounting","Madelaine","madelaine.renell@example.com"
"Aruba","AW","Petigny, Isabel","Citizens Communications Co.","196","Petigny","555-278-5506","1369","Production","Isabel","isabel.petigny@example.com"
"Réunion","RE","Baggett, Dall","Georgia Gulf Corporation","372","Baggett","555-799-9378","1370","Distribution","Dall","dall.baggett@example.com"
"Singapore","SG","Roehm, Judye","Sears Roebuck & Co","750","Roehm","555-841-8086","1371","Strategy","Judye","judye.roehm@example.com"
"Yemen","YE","Manda, Curr","Lennar Corporation","490","Manda","555-965-2980","1372","Customer Service","Curr","curr.manda@example.com"
"Cuba","CU","O'Conner, Jaquelyn","Cardinal Health Inc.","164","O'Conner","555-307-2245","1373","Investing","Jaquelyn","jaquelyn.o'conner@example.com"
"Macau","MO","Lotta, Allina","Wendy's International Inc","916","Lotta","555-943-2159","1374","Strategy","Allina","allina.lotta@example.com"
"Sri Lanka","LK","MacIntosh, Christian","Maytag Corporation","532","MacIntosh","555-284-1014","1375","Licensing","Christian","christian.macintosh@example.com"
"Oman","OM","Yehudi, Benjie","Petco Animal Supplies Inc.","650","Yehudi","555-667-9896","1376","Investing","Benjie","benjie.yehudi@example.com"
"Dominica","DM","Ita, Teddie","Herman Miller Inc.","408","Ita","555-820-9408","1377","Operations","Teddie","teddie.ita@example.com"
"Barbados","BB","Cahra, Martie","MasTec Inc.","526","Cahra","555-270-6647","1378","Research and Development","Martie","martie.cahra@example.com"
"Jamaica","JM","Em, Willabella","U.S. Bancorp","853","Em","555-600-4742","1379","Sales","Willabella","willabella.em@example.com"
"Cape Verde","CV","Witte, Sheridan","Allmerica Financial Corporation","43","Witte","555-640-8494","1380","Legal","Sheridan","sheridan.witte@example.com"
"Micronesia","FM","Aprile, Carlyn","ARAMARK Corporation","84","Aprile","555-341-8878","1381","Business Development","Carlyn","carlyn.aprile@example.com"
"Guinea","GN","Parent, Bentlee","Automatic Data Processing, Inc.","98","Parent","555-230-8161","1382","Production","Bentlee","bentlee.parent@example.com"
"Finland","FI","Desberg, Wilden","Ryder System Inc","730","Desberg","555-960-2627","1383","Insurance","Wilden","wilden.desberg@example.com"
"Iran","IR","Mandel, Eunice","Whirlpool Corporation","924","Mandel","555-350-7346","1384","Strategy","Eunice","eunice.mandel@example.com"
"Suriname","SR","Harcourt, Rosalia","Legg Mason Inc.","487","Harcourt","555-197-4787","1385","Strategy","Rosalia","rosalia.harcourt@example.com"
"Cayman Islands Cayman Islands","KY","Shipman, Ari","CH2M Hill Cos. Ltd.","179","Shipman","555-616-1960","1386","Licensing","Ari","ari.shipman@example.com"
"Macau","MO","Roper, Mile","Hartford Financial Services Group Inc.","399","Roper","555-605-646","1387","Investing","Mile","mile.roper@example.com"
"Saint Martin","MF","Eisler, Martica","Kellwood Company","463","Eisler","555-326-8146","1388","Strategy","Martica","martica.eisler@example.com"
"French Polynesia","PF","Brazee, Ado","Winn Dixie Stores Inc","929","Brazee","555-106-5569","1389","Research and Development","Ado","ado.brazee@example.com"
"Dominican Republic","DO","Ethelind, Ania","PNC Financial Services Group Inc.","669","Ethelind","555-334-7171","1390","Production","Ania","ania.ethelind@example.com"
"Tunisia","TN","Streeter, Ange","Progress Energy Inc","686","Streeter","555-600-7377","1391","Licensing","Ange","ange.streeter@example.com"
"United States Virgin Islands","VI","Tobey, Ambrosi","RoadwayCorp","721","Tobey","555-249-2517","1392","Insurance","Ambrosi","ambrosi.tobey@example.com"
"Benin","BJ","Kylie, Barclay","RGS Energy Group Inc","718","Kylie","555-366-3505","1393","Engineering","Barclay","barclay.kylie@example.com"
"San Marino","SM","Collar, Rory","Hibernia Corp.","411","Collar","555-418-8817","1394","Human Resources","Rory","rory.collar@example.com"
"Sudan Sudan","SD","Volin, Shawna","Transocean Inc","843","Volin","555-131-9687","1395","Distribution","Shawna","shawna.volin@example.com"
"Guernsey","GG","Bronwen, Andie","Cinergy Corp.","191","Bronwen","555-871-2256","1396","Customer Service","Andie","andie.bronwen@example.com"
"Norfolk Island","NF","Shaine, Dino","Pinnacle West Capital Corp","664","Shaine","555-679-1757","1397","Purchasing","Dino","dino.shaine@example.com"
"Solomon Islands","SB","Yorke, Ysabel","Flowers Foods Inc.","339","Yorke","555-898-8913","1398","Customer Service","Ysabel","ysabel.yorke@example.com"
"Austria","AT","Wyndham, Archambault","Penn Traffic Co.","636","Wyndham","555-408-2796","1399","Production","Archambault","archambault.wyndham@example.com"
"Germany","DE","Stclair, Gale","Jones Apparel Group Inc.","460","Stclair","555-689-9347","1400","Operations","Gale","gale.stclair@example.com"
"Saint Kitts and Nevis","KN","Sansbury, Seth","Adobe Systems Incorporated","14","Sansbury","555-591-9510","1401","Insurance","Seth","seth.sansbury@example.com"
"Albania","AL","Beasley, Marnia","Atmel Corporation","94","Beasley","555-835-9777","1402","Strategy","Marnia","marnia.beasley@example.com"
"Benin","BJ","Matazzoni, Meridel","Household International Corp.","420","Matazzoni","555-969-7749","1403","Research and Development","Meridel","meridel.matazzoni@example.com"
"Ethiopia","ET","Brigitte, Clemmy","Zions Bancorporation","946","Brigitte","555-630-1243","1404","Insurance","Clemmy","clemmy.brigitte@example.com"
"Iran","IR","Gavrila, Candy","The MONY Group Inc.","562","Gavrila","555-203-5829","1405","Licensing","Candy","candy.gavrila@example.com"
"Gambia","GM","Yacov, Xylia","AOL Time Warner Inc.","76","Yacov","555-899-1508","1406","Legal","Xylia","xylia.yacov@example.com"
"Saint Barthélemy","BL","Ballman, Xylia","Metaldyne Corporation","548","Ballman","555-423-2600","1407","Licensing","Xylia","xylia.ballman@example.com"
"Macedonia","MK","Mitchiner, Claudius","Constellation Emergy Group Inc.","226","Mitchiner","555-998-3336","1408","Accounting","Claudius","claudius.mitchiner@example.com"
"Ivory Coast ","CI","Rabbi, Mallorie","ExxonMobil Corporation","318","Rabbi","555-165-3498","1409","Business Development","Mallorie","mallorie.rabbi@example.com"
"Moldova","MD","MacNamara, Richardo","Maxxam Inc.","530","MacNamara","555-987-4823","1410","Operations","Richardo","richardo.macnamara@example.com"
"Liberia","LR","Lathrop, Allegra","Great Plains Energy Inc.","384","Lathrop","555-200-4729","1411","Sales","Allegra","allegra.lathrop@example.com"
"Kenya","KE","Abrams, Ondrea","Mercury General Corporation","546","Abrams","555-443-5252","1412","Investing","Ondrea","ondrea.abrams@example.com"
"Turks and Caicos Islands","TC","Lisette, Pepe","UnitedHealth Group Incorporated","868","Lisette","555-347-5758","1413","Engineering","Pepe","pepe.lisette@example.com"
"Andorra","AD","Johnna, Adela","Household International Corp.","420","Johnna","555-289-4728","1414","Legal","Adela","adela.johnna@example.com"
"Tunisia","TN","Bessy, Blinnie","Banta Corporation","112","Bessy","555-221-9856","1415","Accounting","Blinnie","blinnie.bessy@example.com"
"Pitcairn Islands","PN","Anatolio, Goober","General Electric Company","363","Anatolio","555-382-246","1416","Investing","Goober","goober.anatolio@example.com"
"Austria","AT","Lathrope, Almire","Paychex Inc","634","Lathrope","555-231-2400","1417","Sales","Almire","almire.lathrope@example.com"
"East Timor","TL","Hardie, Ulises","National Oilwell Inc","573","Hardie","555-406-4231","1418","Research and Development","Ulises","ulises.hardie@example.com"
"British Indian Ocean Territory","IO","Tades, Cecily","Sara Lee Corp","739","Tades","555-497-4218","1419","Business Development","Cecily","cecily.tades@example.com"
"Belarus","BY","Ondine, Camala","Arkansas Best Corporation","87","Ondine","555-195-4129","1420","Purchasing","Camala","camala.ondine@example.com"
"Jersey","JE","Olga, Hagan","Delphi Corp.","256","Olga","555-595-879","1421","Legal","Hagan","hagan.olga@example.com"
"Uzbekistan","UZ","Vassell, Homere","Ciena Corp.","188","Vassell","555-733-3737","1422","IT Support","Homere","homere.vassell@example.com"
"Japan","JP","Beebe, Joycelin","Stein Mart Inc","796","Beebe","555-274-5068","1423","Strategy","Joycelin","joycelin.beebe@example.com"
"Tokelau","TK","Curkell, Louisa","Barnes & Noble, Inc.","113","Curkell","555-982-5383","1424","Human Resources","Louisa","louisa.curkell@example.com"
"Switzerland","CH","Nasho, Reinhard","SLM Corporation","764","Nasho","555-391-8246","1425","Purchasing","Reinhard","reinhard.nasho@example.com"
"Cameroon","CM","Lorinda, Veronike","Applera Corporation","80","Lorinda","555-724-9908","1426","Human Resources","Veronike","veronike.lorinda@example.com"
"Norway","NO","Haskel, Tildy","Toys 'R' Us Inc","840","Haskel","555-787-6800","1427","IT Support","Tildy","tildy.haskel@example.com"
"Tanzania","TZ","Fairleigh, Ursa","Smithfield Foods Inc","766","Fairleigh","555-671-9222","1428","IT Support","Ursa","ursa.fairleigh@example.com"
"Heard Island and McDonald Islands","HM","Bertine, Tammie","Fairchild Semiconductor International Inc.","319","Bertine","555-977-9201","1429","Business Development","Tammie","tammie.bertine@example.com"
"Afghanistan","AF","Kaine, Osmond","Louisiana-Pacific Corporation","503","Kaine","555-281-4755","1430","Licensing","Osmond","osmond.kaine@example.com"
"Guatemala","GT","Hurlow, Cacilie","Applied Materials, Inc.","82","Hurlow","555-937-3075","1431","Human Resources","Cacilie","cacilie.hurlow@example.com"
"Republic of the Congo","CG","Faxun, Isobel","Scientific-Atlanta Inc","746","Faxun","555-437-1503","1432","Production","Isobel","isobel.faxun@example.com"
"Morocco","MA","Lenhard, Meredith","Lam Research Corporation","481","Lenhard","555-340-5064","1433","Business Development","Meredith","meredith.lenhard@example.com"
"British Indian Ocean Territory","IO","Nerta, Dorris","Atmel Corporation","94","Nerta","555-629-8893","1434","IT Support","Dorris","dorris.nerta@example.com"
"Chile","CL","Cann, Coleman","Magellan Health Services Inc.","511","Cann","555-518-1461","1435","Strategy","Coleman","coleman.cann@example.com"
"Guyana","GY","Spracklen, Kassi","Chubb Corp","187","Spracklen","555-513-5580","1436","Strategy","Kassi","kassi.spracklen@example.com"
"Dominican Republic","DO","Ginder, Addy","Pitney Bowes Inc.","666","Ginder","555-858-8141","1437","Distribution","Addy","addy.ginder@example.com"
"Oman","OM","Marpet, Georgette","Avnet, Inc.","104","Marpet","555-743-7024","1438","Human Resources","Georgette","georgette.marpet@example.com"
"Malawi","MW","Driscoll, Umberto","Costco Wholesale Corp.","234","Driscoll","555-457-7796","1439","Insurance","Umberto","umberto.driscoll@example.com"
"Gambia","GM","Eliza, Ardeen","US Oncology Inc","878","Eliza","555-167-173","1440","Production","Ardeen","ardeen.eliza@example.com"
"Cook Islands","CK","Chancellor, Brunhilde","ServiceMaster Co","754","Chancellor","555-417-1237","1441","Business Development","Brunhilde","brunhilde.chancellor@example.com"
"Saint Martin","MF","Dearborn, Webb","National Commerce Financial Corporation","571","Dearborn","555-208-6568","1442","Insurance","Webb","webb.dearborn@example.com"
"Djibouti","DJ","Himelman, Marlow","North Fork Bancorporation Inc","592","Himelman","555-800-9567","1443","Licensing","Marlow","marlow.himelman@example.com"
"Guernsey","GG","Gainor, Gabbie","Linens 'n Things Inc.","497","Gainor","555-836-6496","1444","Human Resources","Gabbie","gabbie.gainor@example.com"
"United Arab Emirates","AE","Afton, Weber","Dover Corporation, Inc.","270","Afton","555-317-6845","1445","Licensing","Weber","weber.afton@example.com"
"Saint Vincent and the Grenadines","VC","Hymen, Almeria","Marriott International Inc.","519","Hymen","555-312-6700","1446","Sales","Almeria","almeria.hymen@example.com"
"Tanzania","TZ","Sapphira, Moyna","AGCO Corporation","24","Sapphira","555-342-2118","1447","Production","Moyna","moyna.sapphira@example.com"
"Saint Kitts and Nevis","KN","Crofoot, Calley","CellStar Corp.","173","Crofoot","555-979-2505","1448","Licensing","Calley","calley.crofoot@example.com"
"Turkmenistan","TM","Alfonse, Laryssa","Vishay Intertechnology Inc","894","Alfonse","555-375-5630","1449","Customer Service","Laryssa","laryssa.alfonse@example.com"
"Vanuatu","VU","Yonina, Web","Anadarko Petroleum Corporation","70","Yonina","555-896-7318","1450","Human Resources","Web","web.yonina@example.com"
"Luxembourg","LU","Levesque, Josie","Hibernia Corp.","411","Levesque","555-183-297","1451","Purchasing","Josie","josie.levesque@example.com"
"Anguilla","AI","Teahan, Vail","Dollar General Corporation","266","Teahan","555-663-6060","1452","Licensing","Vail","vail.teahan@example.com"
"Qatar","QA","Whang, Shermy","UST Inc","882","Whang","555-614-7919","1453","Business Development","Shermy","shermy.whang@example.com"
"Honduras","HN","Channing, Ally","Safeco Corp","734","Channing","555-462-4529","1454","Engineering","Ally","ally.channing@example.com"
"Mongolia","MN","Leonor, Sissy","Adelphia Communications Corporation","12","Leonor","555-273-4992","1455","Research and Development","Sissy","sissy.leonor@example.com"
"Guam","GU","Steffen, Forrester","Expeditors International of Washington Inc.","316","Steffen","555-755-4342","1456","Business Development","Forrester","forrester.steffen@example.com"
"United Kingdom","GB","Hale, Mina","Johnson & Johnson","458","Hale","555-402-5379","1457","Licensing","Mina","mina.hale@example.com"
"Liberia","LR","Harriot, Sigismondo","Dover Corporation, Inc.","270","Harriot","555-193-6477","1458","Marketing","Sigismondo","sigismondo.harriot@example.com"
"Anguilla","AI","Sabrina, Constancia","Norfolk Southern Corporation","590","Sabrina","555-903-6052","1459","IT Support","Constancia","constancia.sabrina@example.com"
"Angola","AO","Antone, Thornton","CDW Computer Centers Inc.","172","Antone","555-580-1701","1460","Production","Thornton","thornton.antone@example.com"
"Uganda","UG","Philbrook, Kerianne","Banta Corporation","112","Philbrook","555-954-2874","1461","Distribution","Kerianne","kerianne.philbrook@example.com"
"Saint Kitts and Nevis","KN","Hershell, Shalom","America West Holdings Corporation","53","Hershell","555-397-9242","1462","Business Development","Shalom","shalom.hershell@example.com"
"Syria","SY","Haukom, Ansley","Foot Locker Inc","344","Haukom","555-511-4688","1463","Human Resources","Ansley","ansley.haukom@example.com"
"Djibouti","DJ","Darnell, Emlynne","Allegheny Technologies Incorporated","38","Darnell","555-762-2415","1464","Accounting","Emlynne","emlynne.darnell@example.com"
"Mauritius","MU","Caines, Antonina","Sanmina-SCI Inc","738","Caines","555-954-529","1465","Strategy","Antonina","antonina.caines@example.com"
"Sierra Leone","SL","Dunham, Leeanne","General Mills Inc","364","Dunham","555-990-1714","1466","Accounting","Leeanne","leeanne.dunham@example.com"
"Uganda","UG","Maxantia, Lucilia","PepsiAmericas Inc.","644","Maxantia","555-486-4663","1467","Strategy","Lucilia","lucilia.maxantia@example.com"
"Swaziland","SZ","Orola, Waylin","McDonald's Corporation","535","Orola","555-515-1628","1468","IT Support","Waylin","waylin.orola@example.com"
"Zambia","ZM","Pasquale, Letti","Charles Schwab Corp.","181","Pasquale","555-699-2107","1469","Customer Service","Letti","letti.pasquale@example.com"
"Tokelau","TK","Letreece, Dominique","Intel Corporation","438","Letreece","555-445-3922","1470","Research and Development","Dominique","dominique.letreece@example.com"
"Cayman Islands Cayman Islands","KY","Judye, Danette","Micron Technology Inc.","555","Judye","555-690-6808","1471","IT Support","Danette","danette.judye@example.com"
"Nauru","NR","Cindi, Harland","Science Applications Intl. Inc.","745","Cindi","555-945-7358","1472","Marketing","Harland","harland.cindi@example.com"
"Tonga","TO","Christal, Tait","Pride International Inc","681","Christal","555-136-1075","1473","Production","Tait","tait.christal@example.com"
"Mayotte","YT","Hertzog, Dew","Devon Energy Corporation","259","Hertzog","555-203-7697","1474","Purchasing","Dew","dew.hertzog@example.com"
"Sweden","SE","Reba, Crin","Charter One Financial Inc.","184","Reba","555-670-7549","1475","Marketing","Crin","crin.reba@example.com"
"Benin","BJ","Maje, Erina","U.S. Bancorp","853","Maje","555-199-7173","1476","Production","Erina","erina.maje@example.com"
"Swaziland","SZ","Schatz, Pamella","Fleming Companies Inc.","338","Schatz","555-596-2770","1477","Accounting","Pamella","pamella.schatz@example.com"
"Jersey","JE","Keppel, Rufus","Becton, Dickinson and Company","120","Keppel","555-128-6859","1478","Human Resources","Rufus","rufus.keppel@example.com"
"France","FR","Scheck, Shellie","NTL Incorporated","599","Scheck","555-633-4840","1479","Strategy","Shellie","shellie.scheck@example.com"
"Ivory Coast ","CI","Ranitta, Luz","Foot Locker Inc","344","Ranitta","555-277-2364","1480","Human Resources","Luz","luz.ranitta@example.com"
"Brunei Darussalam","BN","Moia, Noby","Oxford Health Plans Inc","624","Moia","555-882-1911","1481","Human Resources","Noby","noby.moia@example.com"
"Nigeria","NE","Imalda, Berny","American Water Works Company, Inc.","62","Imalda","555-745-4895","1482","Insurance","Berny","berny.imalda@example.com"
"Saint Kitts and Nevis","KN","Stacee, Edgar","Veritas Software Corporation","888","Stacee","555-755-4220","1483","Legal","Edgar","edgar.stacee@example.com"
"Bonaire, Saint Eustatius and Saba","BQ","Materi, Renata","DaVita Inc.","251","Materi","555-172-5802","1484","Insurance","Renata","renata.materi@example.com"
"Uganda","UG","Konstance, Ava","Texas Instruments Incorporated","828","Konstance","555-243-3880","1485","Marketing","Ava","ava.konstance@example.com"
"Curaçao","CW","Cand, Paquito","Verizon Communications Inc","889","Cand","555-985-1685","1486","Research and Development","Paquito","paquito.cand@example.com"
"Micronesia","FM","Lancelot, Kristen","Equitable Resources Inc.","310","Lancelot","555-354-5539","1487","Licensing","Kristen","kristen.lancelot@example.com"
"Bermuda","BM","Sion, Hermie","Delphi Corp.","256","Sion","555-263-2183","1488","Purchasing","Hermie","hermie.sion@example.com"
"Armenia","AM","Euphemiah, Florrie","Nacco Industries Inc","568","Euphemiah","555-551-2428","1489","Marketing","Florrie","florrie.euphemiah@example.com"
"East Timor","TL","Lindsy, Clare","Starbucks Corp","791","Lindsy","555-238-3673","1490","Distribution","Clare","clare.lindsy@example.com"
"Ireland","IE","Gunthar, Elroy","Nucor Corp","600","Gunthar","555-944-7489","1491","Legal","Elroy","elroy.gunthar@example.com"
"Cook Islands","CK","Briny, Lefty","Harsco Corp.","398","Briny","555-402-6580","1492","Distribution","Lefty","lefty.briny@example.com"
"Bahamas","BS","Tugman, Tripp","Felcor Lodging Trust Inc.","325","Tugman","555-538-4668","1493","Purchasing","Tripp","tripp.tugman@example.com"
"East Timor","TL","Dieball, Ernst","Goldman Sachs Group Inc.","378","Dieball","555-352-4331","1494","Licensing","Ernst","ernst.dieball@example.com"
"Bonaire, Saint Eustatius and Saba","BQ","Godfrey, Ignazio","Electronic Arts Inc.","295","Godfrey","555-601-8677","1495","Customer Service","Ignazio","ignazio.godfrey@example.com"
"Libya","LY","Segalman, Silvie","Imperial Sugar Company","432","Segalman","555-191-8216","1496","Research and Development","Silvie","silvie.segalman@example.com"
"Liechtenstein","LI","Amelia, Viole","W.W. Grainger Inc","900","Amelia","555-960-8970","1497","Customer Service","Viole","viole.amelia@example.com"
"Ghana","GH","Gatias, Claudelle","Sempra Energy","751","Gatias","555-200-7850","1498","Legal","Claudelle","claudelle.gatias@example.com"
"Ivory Coast ","CI","Curson, Gawain","Delta Air Lines Inc.","257","Curson","555-388-7295","1499","Investing","Gawain","gawain.curson@example.com"
"Austria","AT","Hudnut, Michele","U.S. Bancorp","853","Hudnut","555-575-9047","1500","Operations","Michele","michele.hudnut@example.com"
"Kiribati","KI","Cypro, Meryl","Simon Property Group Inc","763","Cypro","555-968-2739","1501","Engineering","Meryl","meryl.cypro@example.com"
"Nauru","NR","Corella, Lisbeth","Abercrombie & Fitch Co.","5","Corella","555-746-3855","1502","Insurance","Lisbeth","lisbeth.corella@example.com"
"Bouvet Island","BV","Hattie, Rudolfo","Lithia Motors Inc.","498","Hattie","555-698-3340","1503","IT Support","Rudolfo","rudolfo.hattie@example.com"
"Dominican Republic","DO","Hugh, Fawne","Mariner Health Care Inc.","517","Hugh","555-789-7565","1504","Investing","Fawne","fawne.hugh@example.com"
"Honduras","HN","Caryl, Madelin","Briggs & Stratton Corporation","144","Caryl","555-226-3742","1505","Investing","Madelin","madelin.caryl@example.com"
"Curaçao","CW","Audras, Valma","Brinker International, Inc.","146","Audras","555-788-6334","1506","Sales","Valma","valma.audras@example.com"
"Vietnam","VN","Hackett, Gabby","Lehman Brothers Holdings Inc.","489","Hackett","555-333-3061","1507","Insurance","Gabby","gabby.hackett@example.com"
"Iraq","IQ","Codel, Hugh","Marsh & McLennan Companies Inc.","520","Codel","555-161-7977","1508","Human Resources","Hugh","hugh.codel@example.com"
"Laos","LA","Sheedy, Orelie","VF Corporation","890","Sheedy","555-853-2072","1509","Customer Service","Orelie","orelie.sheedy@example.com"
"Guatemala","GT","Osborn, Alden","Alliant Energy Corporation","41","Osborn","555-184-3434","1510","Operations","Alden","alden.osborn@example.com"
"Saint Pierre and Miquelon","PM","Holli, Christina","Eaton Corporation","289","Holli","555-263-1834","1511","Human Resources","Christina","christina.holli@example.com"
"Bolivia","BO","Shaya, Ettore","Banknorth Group, Inc.","111","Shaya","555-710-944","1512","Sales","Ettore","ettore.shaya@example.com"
"Czech Republic","CZ","Petigny, Pincas","Walt Disney Co","906","Petigny","555-447-2897","1513","Investing","Pincas","pincas.petigny@example.com"
"Costa Rica","CR","Havens, Gris","Outback Steakhouse Inc.","620","Havens","555-881-2950","1514","Insurance","Gris","gris.havens@example.com"
"Kuwait","KW","Otte, Jammie","Robert Half International Inc.","722","Otte","555-469-5631","1515","Customer Service","Jammie","jammie.otte@example.com"
"Lithuania","LT","Nichola, Davidde","Millennium Chemicals Inc.","558","Nichola","555-226-5556","1516","Business Development","Davidde","davidde.nichola@example.com"
"Cyprus","CY","Karilynn, Gwendolen","Exide Technologies","315","Karilynn","555-461-3938","1517","Customer Service","Gwendolen","gwendolen.karilynn@example.com"
"Gabon","GA","Dukie, Erin","Shopko Stores Inc","757","Dukie","555-388-4094","1518","Strategy","Erin","erin.dukie@example.com"
"Kuwait","KW","Magnien, Iseabal","International Paper Co.","439","Magnien","555-491-5087","1519","Human Resources","Iseabal","iseabal.magnien@example.com"
"Aruba","AW","Yseulte, Wilhelm","Legg Mason Inc.","487","Yseulte","555-229-7299","1520","Marketing","Wilhelm","wilhelm.yseulte@example.com"
"Greece","GR","Beasley, Delilah","Sovereign Bancorp Inc.","778","Beasley","555-235-4112","1521","Production","Delilah","delilah.beasley@example.com"
"Cape Verde","CV","Golter, Cecile","Apple Computer, Inc.","79","Golter","555-890-1126","1522","Human Resources","Cecile","cecile.golter@example.com"
"Sao Tome and Principe","ST","Wolbrom, Schuyler","IDT Corporation","428","Wolbrom","555-187-8785","1523","Customer Service","Schuyler","schuyler.wolbrom@example.com"
"Anguilla","AI","Perceval, Candis","Affiliated Computer Services, Inc.","22","Perceval","555-885-3727","1524","Marketing","Candis","candis.perceval@example.com"
"Ivory Coast ","CI","Frederigo, Dee Dee","Worthington Industries Inc","934","Frederigo","555-216-4059","1525","Accounting","Dee Dee","dee dee.frederigo@example.com"
"Chad","TD","Tootsie, Hiram","Lear Corporation","486","Tootsie","555-788-9384","1526","Accounting","Hiram","hiram.tootsie@example.com"
"Cambodia","KH","Chansoo, Ax","Harrah's Entertainment Inc.","396","Chansoo","555-602-4725","1527","Marketing","Ax","ax.chansoo@example.com"
"Senegal","SN","Roumell, Clovis","Hon Industries Inc.","416","Roumell","555-258-934","1528","Business Development","Clovis","clovis.roumell@example.com"
"Czech Republic","CZ","Latricia, Jocelyne","W.W. Grainger Inc","900","Latricia","555-911-6544","1529","Purchasing","Jocelyne","jocelyne.latricia@example.com"
"Thailand","TH","Bartel, Ado","Manpower Inc.","515","Bartel","555-964-4339","1530","Investing","Ado","ado.bartel@example.com"
"Laos","LA","Mirisola, Alexandra","Sanmina-SCI Inc","738","Mirisola","555-325-6910","1531","Engineering","Alexandra","alexandra.mirisola@example.com"
"Hong Kong","HK","Adai, Neda","Outback Steakhouse Inc.","620","Adai","555-323-1958","1532","Engineering","Neda","neda.adai@example.com"
"Mozambique","MZ","Leake, Lexie","Providian Financial Corp.","690","Leake","555-662-6458","1533","Legal","Lexie","lexie.leake@example.com"
"Zambia","ZM","Walliw, Weidar","American Electric Power Company, Inc.","56","Walliw","555-623-5530","1534","Engineering","Weidar","weidar.walliw@example.com"
"Algeria","DZ","Westmoreland, Tammie","Georgia Gulf Corporation","372","Westmoreland","555-995-4513","1535","Research and Development","Tammie","tammie.westmoreland@example.com"
"Republic of the Congo","CG","Goddord, Nerta","Furniture Brands International Inc.","354","Goddord","555-799-9534","1536","Purchasing","Nerta","nerta.goddord@example.com"
"Swaziland","SZ","Tisbe, Thibaud","Waste Management Inc","910","Tisbe","555-332-2464","1537","Operations","Thibaud","thibaud.tisbe@example.com"
"San Marino","SM","Macy, Tyne","Harrah's Entertainment Inc.","396","Macy","555-419-745","1538","Customer Service","Tyne","tyne.macy@example.com"
"Chad","TD","Androw, Shermie","URS Corporation","876","Androw","555-320-9309","1539","Legal","Shermie","shermie.androw@example.com"
"Malta","MT","Kata, Lefty","OGE Energy Corp","608","Kata","555-352-4064","1540","IT Support","Lefty","lefty.kata@example.com"
"Saint Lucia","LC","Hardner, Broddie","National City Corp.","570","Hardner","555-195-8315","1541","Research and Development","Broddie","broddie.hardner@example.com"
"Pakistan","PK","Ploch, Berky","LandAmerica Financial Group Inc.","482","Ploch","555-676-1394","1542","Distribution","Berky","berky.ploch@example.com"
"Dominican Republic","DO","Tiny, Amalita","Gannett Co., Inc.","355","Tiny","555-721-189","1543","Distribution","Amalita","amalita.tiny@example.com"
"Jersey","JE","Agle, Noel","DaVita Inc.","251","Agle","555-105-9264","1544","Marketing","Noel","noel.agle@example.com"
"Guyana","GY","Holofernes, Bertha","Goodrich Corporation","379","Holofernes","555-214-6199","1545","Investing","Bertha","bertha.holofernes@example.com"
"Mayotte","YT","Devonne, Jerrie","Symbol Technologies Inc","809","Devonne","555-192-2172","1546","Legal","Jerrie","jerrie.devonne@example.com"
"South Korea ","KR","Steinke, Adda","Pro-Fac Cooperative Inc.","685","Steinke","555-574-906","1547","Research and Development","Adda","adda.steinke@example.com"
"Kuwait","KW","Bury, Andris","Caterpillar Inc.","169","Bury","555-204-2104","1548","Investing","Andris","andris.bury@example.com"
"Paraguay","PY","Lamb, Tomkin","PPG Industries Inc","676","Lamb","555-654-6622","1549","Customer Service","Tomkin","tomkin.lamb@example.com"
"Jamaica","JM","Tsui, Jana","Hawaiian Electric Industries Inc.","401","Tsui","555-584-9065","1550","Sales","Jana","jana.tsui@example.com"
"Grenada","GD","Wane, Jaquenette","Burlington Industries, Inc.","154","Wane","555-837-3859","1551","Marketing","Jaquenette","jaquenette.wane@example.com"
"Colombia","CO","Hildagard, Crysta","Illinois Tool Works Inc.","430","Hildagard","555-449-3906","1552","Operations","Crysta","crysta.hildagard@example.com"
"Paraguay","PY","Thetisa, Rosalia","Encompass Services Corporation","301","Thetisa","555-954-588","1553","Customer Service","Rosalia","rosalia.thetisa@example.com"
"Mongolia","MN","Cody, Florida","Harley-Davidson Inc.","394","Cody","555-710-8845","1554","Legal","Florida","florida.cody@example.com"
"Ecuador","EC","Oberon, Dael","Rockwell Automation Inc","724","Oberon","555-245-7997","1555","Licensing","Dael","dael.oberon@example.com"
"Montserrat","MS","Thorlie, Bord","Hormel Foods Corp.","418","Thorlie","555-163-4571","1556","Engineering","Bord","bord.thorlie@example.com"
"United States","US","Krissy, Gannon","NVR Inc","602","Krissy","555-174-1192","1557","Purchasing","Gannon","gannon.krissy@example.com"
"Malaysia","MY","Phillips, Brear","Swift Transportation, Co., Inc","808","Phillips","555-691-5126","1558","Business Development","Brear","brear.phillips@example.com"
"Mayotte","YT","Manville, Denni","Sierra Pacific Resources","760","Manville","555-598-2374","1559","Distribution","Denni","denni.manville@example.com"
"Andorra","AD","Chilcote, Nancie","Werner Enterprises Inc","917","Chilcote","555-681-5698","1560","Human Resources","Nancie","nancie.chilcote@example.com"
"Venezuela","VE","Kegan, Iorgo","Snap-On Inc","768","Kegan","555-223-6849","1561","Engineering","Iorgo","iorgo.kegan@example.com"
"Canada","CA","Hidie, Athene","Pioneer-Standard Electronics Inc.","665","Hidie","555-376-7687","1562","Production","Athene","athene.hidie@example.com"
"Lesotho","LS","Chu, Clarke","Beckman Coulter, Inc.","119","Chu","555-931-272","1563","Engineering","Clarke","clarke.chu@example.com"
"Uganda","UG","Zel, Emeline","Weatherford International Inc","912","Zel","555-306-9151","1564","Insurance","Emeline","emeline.zel@example.com"
"Macedonia","MK","Sadowski, Paige","United Stationers Inc","866","Sadowski","555-736-4451","1565","Engineering","Paige","paige.sadowski@example.com"
"United States Virgin Islands","VI","Middle, Sandy","ABM Industries Incorporated","6","Middle","555-254-4347","1566","Human Resources","Sandy","sandy.middle@example.com"
"Republic of the Congo","CG","Robinette, Gianina","Hon Industries Inc.","416","Robinette","555-158-4951","1567","Marketing","Gianina","gianina.robinette@example.com"
"Grenada","GD","Farrel, Johna","EOG Resources, Inc.","308","Farrel","555-444-4522","1568","Purchasing","Johna","johna.farrel@example.com"
"Bolivia","BO","Terle, Erik","Manpower Inc.","515","Terle","555-596-6857","1569","Distribution","Erik","erik.terle@example.com"
"Saint Kitts and Nevis","KN","Alvin, Rozalin","Crompton Corp.","239","Alvin","555-838-2311","1570","Engineering","Rozalin","rozalin.alvin@example.com"
"Myanmar","MM","Eachern, Reilly","Pennzoil-Quaker State Company","637","Eachern","555-128-9874","1571","Strategy","Reilly","reilly.eachern@example.com"
"Georgia","GE","Way, Almira","Ingles Market Inc","434","Way","555-291-3059","1572","Business Development","Almira","almira.way@example.com"
"Kyrgyzstan","KG","Cleland, Pancho","Universal Corporation","870","Cleland","555-306-9447","1573","Strategy","Pancho","pancho.cleland@example.com"
"Egypt","EG","Tommy, Elysee","Coventry Health Care Inc.","236","Tommy","555-756-5954","1574","Operations","Elysee","elysee.tommy@example.com"
"Zimbabwe","ZW","Firestone, Yves","Petco Animal Supplies Inc.","650","Firestone","555-816-4445","1575","Investing","Yves","yves.firestone@example.com"
"China","CN","Ignatzia, Zack","Ferro Corp.","326","Ignatzia","555-425-8309","1576","Customer Service","Zack","zack.ignatzia@example.com"
"Ecuador","EC","Eckel, Elke","Costco Wholesale Corp.","234","Eckel","555-464-2173","1577","Sales","Elke","elke.eckel@example.com"
"Solomon Islands","SB","Raynata, Vincenz","Boise Cascade Corporation","139","Raynata","555-688-7653","1578","Human Resources","Vincenz","vincenz.raynata@example.com"
"Guatemala","GT","Gambrill, Gigi","Snap-On Inc","768","Gambrill","555-327-531","1579","Production","Gigi","gigi.gambrill@example.com"
"Saint Kitts and Nevis","KN","Duffie, Dewitt","Temple-Inland Inc","821","Duffie","555-714-2499","1580","Legal","Dewitt","dewitt.duffie@example.com"
"Svalbard and Jan Mayen","SJ","Quint, Davin","Applera Corporation","80","Quint","555-660-2804","1581","Human Resources","Davin","davin.quint@example.com"
"Indonesia","ID","Paske, Modesty","Group 1 Automotive Inc.","388","Paske","555-447-3182","1582","Legal","Modesty","modesty.paske@example.com"
"Antigua and Barbuda","AG","Filler, Fons","Dollar General Corporation","266","Filler","555-850-7928","1583","Human Resources","Fons","fons.filler@example.com"
"Argentina","AR","Adams, Raddie","MeadWestvaco Corporation","541","Adams","555-984-3722","1584","Legal","Raddie","raddie.adams@example.com"
"Andorra","AD","Wendell, Lin","On Semiconductor Corp","616","Wendell","555-304-7306","1585","Distribution","Lin","lin.wendell@example.com"
"Slovakia","SK","Chrotoem, Cross","Gillette Company","374","Chrotoem","555-480-6271","1586","Legal","Cross","cross.chrotoem@example.com"
"Hungary","HU","Hiroko, Dur","H&R Block Inc.","390","Hiroko","555-440-8958","1587","Production","Dur","dur.hiroko@example.com"
"Aruba","AW","Milone, Normand","Applied Industrial Technologies, Inc.","81","Milone","555-737-3783","1588","Production","Normand","normand.milone@example.com"
"Bouvet Island","BV","Ivah, Danice","Farmland Industries Inc.","321","Ivah","555-287-9131","1589","IT Support","Danice","danice.ivah@example.com"
"Zimbabwe","ZW","Biggs, Karyn","J.B. Hunt Transport Services Inc.","449","Biggs","555-183-4173","1590","Accounting","Karyn","karyn.biggs@example.com"
"Tonga","TO","Maller, Joelynn","DTE Energy Co.","277","Maller","555-898-5265","1591","Operations","Joelynn","joelynn.maller@example.com"
"Namibia","NA","Kast, Gypsy","Aquila, Inc.","83","Kast","555-413-4219","1592","Sales","Gypsy","gypsy.kast@example.com"
"Tuvalu","TV","Chon, Aeriel","Consolidated Freightways Corp.","223","Chon","555-299-1007","1593","Research and Development","Aeriel","aeriel.chon@example.com"
"Equatorial Guinea","GQ","Carlynne, Yuma","Qwest Communications Intl Inc","703","Carlynne","555-408-7053","1594","Purchasing","Yuma","yuma.carlynne@example.com"
"Eritrea","ER","Stiles, Stoddard","Primedia Inc","682","Stiles","555-790-9972","1595","Distribution","Stoddard","stoddard.stiles@example.com"
"Estonia","EE","Hurleigh, Stacy","Burlington Coat Factory Warehouse Corporation","153","Hurleigh","555-588-5323","1596","Operations","Stacy","stacy.hurleigh@example.com"
"Croatia","HR","Groh, Reggie","International Multifoods Corporation","444","Groh","555-494-9731","1597","Strategy","Reggie","reggie.groh@example.com"
"South Sudan","SS","MacNamara, Abbe","FPL Group Inc.","350","MacNamara","555-584-2942","1598","Business Development","Abbe","abbe.macnamara@example.com"
"Brazil","BR","Thorin, Mordecai","CSX Corp.","242","Thorin","555-504-2141","1599","Business Development","Mordecai","mordecai.thorin@example.com"
"Iceland","IS","Holmann, Appolonia","XO Communications Inc","941","Holmann","555-627-2258","1600","Human Resources","Appolonia","appolonia.holmann@example.com"
"Maldives","MV","Reinhard, Dottie","Motorola Inc.","564","Reinhard","555-937-2836","1601","Legal","Dottie","dottie.reinhard@example.com"
"Bulgaria","BG","Darryn, Savina","Perot Systems Corp","649","Darryn","555-594-5461","1602","Business Development","Savina","savina.darryn@example.com"
"Turkey","TR","Pappas, Lin","Varco International Inc","886","Pappas","555-173-6152","1603","Purchasing","Lin","lin.pappas@example.com"
"Monaco","MC","Hyo, Lauri","Rockwell Automation Inc","724","Hyo","555-478-487","1604","Business Development","Lauri","lauri.hyo@example.com"
"Iraq","IQ","Rufe, Alano","Chubb Corp","187","Rufe","555-306-704","1605","IT Support","Alano","alano.rufe@example.com"
"Bangladesh","BD","McNeil, Cassey","Amkor Technology, Inc.","66","McNeil","555-678-1297","1606","Customer Service","Cassey","cassey.mcneil@example.com"
"Guyana","GY","Tal, Mathilda","Western Digital Inc","919","Tal","555-652-2327","1607","Insurance","Mathilda","mathilda.tal@example.com"
"Jersey","JE","Giustino, Lanni","La-Z-Boy Inc.","485","Giustino","555-212-9719","1608","Marketing","Lanni","lanni.giustino@example.com"
"Switzerland","CH","Barcroft, Cloe","Rite Aid Corp","719","Barcroft","555-938-722","1609","Insurance","Cloe","cloe.barcroft@example.com"
"Somalia","SO","Judi, Gwendolyn","KPMG Consulting Inc.","477","Judi","555-415-4019","1610","Engineering","Gwendolyn","gwendolyn.judi@example.com"
"Algeria","DZ","Roose, Griswold","IKON Office Solutions Inc.","429","Roose","555-604-4820","1611","Insurance","Griswold","griswold.roose@example.com"
"India","IN","Amyas, Salvidor","Humana Inc.","425","Amyas","555-313-9901","1612","Human Resources","Salvidor","salvidor.amyas@example.com"
"Madagascar","MG","Ellsworth, Janie","Cytec Industries Inc.","245","Ellsworth","555-240-3340","1613","Investing","Janie","janie.ellsworth@example.com"
"Netherlands","NL","Stuart, Royal","Comcast Corp.","207","Stuart","555-830-4698","1614","Human Resources","Royal","royal.stuart@example.com"
"Madagascar","MG","Dov, Jolyn","OGE Energy Corp","608","Dov","555-591-4142","1615","Operations","Jolyn","jolyn.dov@example.com"
"South Korea ","KR","Hofstetter, Maryellen","Consolidated Edison Inc.","224","Hofstetter","555-675-5771","1616","Business Development","Maryellen","maryellen.hofstetter@example.com"
"Cook Islands","CK","Barnaby, Benyamin","NTL Incorporated","599","Barnaby","555-298-560","1617","Customer Service","Benyamin","benyamin.barnaby@example.com"
"Maldives","MV","Scharff, Arluene","Great Lakes Chemical Corporation","383","Scharff","555-489-7388","1618","Accounting","Arluene","arluene.scharff@example.com"
"Mauritania","MR","Beebe, Frazer","Golden State Bancorp Inc.","376","Beebe","555-119-1125","1619","Distribution","Frazer","frazer.beebe@example.com"
"Tuvalu","TV","Eward, Julienne","Ferro Corp.","326","Eward","555-173-5413","1620","Customer Service","Julienne","julienne.eward@example.com"
"Saint Barthélemy","BL","Marden, Wally","Loews Corporation","501","Marden","555-614-6710","1621","Marketing","Wally","wally.marden@example.com"
"Tanzania","TZ","Michele, Bette-Ann","Anadarko Petroleum Corporation","70","Michele","555-133-9524","1622","Insurance","Bette-Ann","bette-ann.michele@example.com"
"Honduras","HN","Velleman, Randie","Unova Inc","874","Velleman","555-239-314","1623","Research and Development","Randie","randie.velleman@example.com"
"Russia","RU","Weatherby, Katherina","Science Applications Intl. Inc.","745","Weatherby","555-582-131","1624","Human Resources","Katherina","katherina.weatherby@example.com"
"Rwanda","RW","Dianthe, Hazel","Avnet, Inc.","104","Dianthe","555-642-6813","1625","Customer Service","Hazel","hazel.dianthe@example.com"
"Turkey","TR","Brodsky, Sheree","Paccar Inc","625","Brodsky","555-550-902","1626","Customer Service","Sheree","sheree.brodsky@example.com"
"Portugal","PT","Far, Alfie","US Oncology Inc","878","Far","555-569-1685","1627","Research and Development","Alfie","alfie.far@example.com"
"Brazil","BR","Gasser, Thurston","Express Scripts Inc.","317","Gasser","555-305-6839","1628","Customer Service","Thurston","thurston.gasser@example.com"
"Tanzania","TZ","Rosenquist, Lauryn","Bethlehem Steel Corporation","130","Rosenquist","555-517-7239","1629","Operations","Lauryn","lauryn.rosenquist@example.com"
"Rwanda","RW","Samson, Packston","AK Steel Holding Corporation","31","Samson","555-295-770","1630","Insurance","Packston","packston.samson@example.com"
"French Guiana","GF","Thistle, Gordie","Diebold Incorporated","262","Thistle","555-940-9115","1631","IT Support","Gordie","gordie.thistle@example.com"
"Bouvet Island","BV","Une, Gawen","Avon Products, Inc.","105","Une","555-656-7768","1632","Accounting","Gawen","gawen.une@example.com"
"Guatemala","GT","Wistrup, Cullin","Gap Inc.","356","Wistrup","555-495-1446","1633","Distribution","Cullin","cullin.wistrup@example.com"
"Singapore","SG","Julita, Marley","Lowe's Companies Inc.","504","Julita","555-396-2240","1634","Operations","Marley","marley.julita@example.com"
"Greece","GR","Finstad, Talyah","URS Corporation","876","Finstad","555-311-8883","1635","Investing","Talyah","talyah.finstad@example.com"
"French Polynesia","PF","Joby, Godfry","Greif Bros. Corporation","386","Joby","555-784-8207","1636","Human Resources","Godfry","godfry.joby@example.com"
"Guernsey","GG","Claresta, Arlen","OfficeMax Inc","607","Claresta","555-562-5021","1637","Strategy","Arlen","arlen.claresta@example.com"
"Republic of the Congo","CG","Salangia, Jermaine","Merck & Co., Inc.","545","Salangia","555-799-9402","1638","Strategy","Jermaine","jermaine.salangia@example.com"
"Iceland","IS","Fife, Rutledge","Trinity Industries Inc","848","Fife","555-121-4995","1639","Sales","Rutledge","rutledge.fife@example.com"
"Martinique","MQ","Cocks, Sheffie","Murphy Oil Corporation","566","Cocks","555-435-7375","1640","Purchasing","Sheffie","sheffie.cocks@example.com"
"Tunisia","TN","Katerine, Shoshanna","FirstEnergy Corp.","333","Katerine","555-803-4750","1641","Insurance","Shoshanna","shoshanna.katerine@example.com"
"Serbia","RS","Archle, Elna","Texas Industries Inc.","827","Archle","555-989-2616","1642","Investing","Elna","elna.archle@example.com"
"Western Sahara","EH","Hermie, Nita","Expeditors International of Washington Inc.","316","Hermie","555-330-1914","1643","Purchasing","Nita","nita.hermie@example.com"
"Cuba","CU","Lanae, Riley","Ocean Energy Inc","605","Lanae","555-198-8769","1644","Strategy","Riley","riley.lanae@example.com"
"Christmas Island","CX","Gilchrist, Matteo","Fleming Companies Inc.","338","Gilchrist","555-849-2420","1645","Research and Development","Matteo","matteo.gilchrist@example.com"
"Turkey","TR","Watt, Munroe","3M Company","2","Watt","555-866-7204","1646","Engineering","Munroe","munroe.watt@example.com"
"Bhutan","BT","Kunkle, Nesta","Interpublic Group of Companies Inc.","440","Kunkle","555-138-7758","1647","Insurance","Nesta","nesta.kunkle@example.com"
"Seychelles","SC","Pasquale, Anya","Integrated Electrical Services Inc.","437","Pasquale","555-417-6561","1648","Research and Development","Anya","anya.pasquale@example.com"
"Sudan Sudan","SD","Thorlie, Kimmie","St. Jude Medical Inc","784","Thorlie","555-189-4144","1649","Research and Development","Kimmie","kimmie.thorlie@example.com"
"San Marino","SM","Leblanc, Zachary","AmerisourceBergen Corporation","63","Leblanc","555-879-1085","1650","Legal","Zachary","zachary.leblanc@example.com"
"Syria","SY","Drisko, Dannie","Foster Wheeler Ltd.","349","Drisko","555-990-994","1651","Accounting","Dannie","dannie.drisko@example.com"
"Cape Verde","CV","Lupita, Natalee","Foamex International Inc","343","Lupita","555-331-6815","1652","Strategy","Natalee","natalee.lupita@example.com"
"Romania","RO","Demmy, Adolph","Praxair Inc","678","Demmy","555-611-533","1653","Accounting","Adolph","adolph.demmy@example.com"
"Saint Pierre and Miquelon","PM","Norvun, Carleton","Corn Products International Inc.","232","Norvun","555-841-9136","1654","Strategy","Carleton","carleton.norvun@example.com"
"Laos","LA","Bannon, Putnem","Pitney Bowes Inc.","666","Bannon","555-116-3574","1655","Strategy","Putnem","putnem.bannon@example.com"
"Kyrgyzstan","KG","Gery, Sonnnie","Bemis Company, Inc.","126","Gery","555-300-4272","1656","Engineering","Sonnnie","sonnnie.gery@example.com"
"Uganda","UG","Zug, Dorothea","Marshall & Ilsley Corporation","522","Zug","555-969-6775","1657","Marketing","Dorothea","dorothea.zug@example.com"
"Pakistan","PK","Goggin, Dorotea","Great Plains Energy Inc.","384","Goggin","555-251-3209","1658","Sales","Dorotea","dorotea.goggin@example.com"
"French Polynesia","PF","Marcela, Osmund","Charter One Financial Inc.","184","Marcela","555-183-3775","1659","Licensing","Osmund","osmund.marcela@example.com"
"Mauritania","MR","Bogoch, Maison","Verizon Communications Inc","889","Bogoch","555-277-2759","1660","Production","Maison","maison.bogoch@example.com"
"Sao Tome and Principe","ST","Amr, Tamar","Duke Energy Corp","279","Amr","555-605-1307","1661","Legal","Tamar","tamar.amr@example.com"
"Kyrgyzstan","KG","Lattimer, Broderick","Lockheed Martin Corporation","500","Lattimer","555-689-1924","1662","Sales","Broderick","broderick.lattimer@example.com"
"Saint Kitts and Nevis","KN","Yael, Zeke","USG Corporation","881","Yael","555-733-2096","1663","Insurance","Zeke","zeke.yael@example.com"
"Falkland Islands","FK","Egwan, Shoshana","Acterna Corp.","9","Egwan","555-707-3462","1664","Investing","Shoshana","shoshana.egwan@example.com"
"Kiribati","KI","Riess, Marris","Harrah's Entertainment Inc.","396","Riess","555-408-8446","1665","Operations","Marris","marris.riess@example.com"
"Costa Rica","CR","Lefkowitz, Troy","PNM Resources Inc","670","Lefkowitz","555-364-5908","1666","Human Resources","Troy","troy.lefkowitz@example.com"
"Turkey","TR","Jaycee, Jojo","Southwest Gas Corp","777","Jaycee","555-941-3482","1667","Accounting","Jojo","jojo.jaycee@example.com"
"Spain","ES","Germana, Dud","Aon Corporation","77","Germana","555-977-3453","1668","Production","Dud","dud.germana@example.com"
"Saint Helena, Ascension and Tristan da Cunha","SH","Bland, Lynelle","Wisconsin Energy Corporation","930","Bland","555-253-6496","1669","Accounting","Lynelle","lynelle.bland@example.com"
"Gabon","GA","Thorrlow, Mitchael","Lyondell Chemical Company","509","Thorrlow","555-624-3026","1670","Sales","Mitchael","mitchael.thorrlow@example.com"
"Poland","PL","Azral, Mordy","Energizer Holdings Inc.","302","Azral","555-322-6793","1671","Human Resources","Mordy","mordy.azral@example.com"
"Mozambique","MZ","Ansel, Shelly","Black Hills Corporation","136","Ansel","555-607-7529","1672","Distribution","Shelly","shelly.ansel@example.com"
"Moldova","MD","Zosima, Erie","Brown Shoe Company, Inc.","149","Zosima","555-550-2057","1673","Licensing","Erie","erie.zosima@example.com"
"Svalbard and Jan Mayen","SJ","Rourke, Nikolos","Tyson Foods Inc","852","Rourke","555-989-8383","1674","Customer Service","Nikolos","nikolos.rourke@example.com"
"Liberia","LR","Selwin, Tanitansy","St. Paul Cos.","785","Selwin","555-903-6771","1675","Purchasing","Tanitansy","tanitansy.selwin@example.com"
"Lebanon","LB","Crotty, Clemmie","Apartment Investment and Management Company","27","Crotty","555-466-3369","1676","Investing","Clemmie","clemmie.crotty@example.com"
"Iceland","IS","Koss, Florina","PolyOne Corp","673","Koss","555-967-585","1677","Engineering","Florina","florina.koss@example.com"
"Taiwan","TW","Viking, Etti","Smithfield Foods Inc","766","Viking","555-614-9589","1678","Investing","Etti","etti.viking@example.com"
"Serbia","RS","Kort, Rudolph","Dynegy Inc.","283","Kort","555-422-3036","1679","Research and Development","Rudolph","rudolph.kort@example.com"
"South Sudan","SS","Almeida, Tasia","Allegheny Energy, Inc.","37","Almeida","555-150-6295","1680","Engineering","Tasia","tasia.almeida@example.com"
"Peru","PE","Danna, Rebeca","LSI Logic Corporation","505","Danna","555-754-4311","1681","Legal","Rebeca","rebeca.danna@example.com"
"Tanzania","TZ","Dressel, Raymond","Trigon Healthcare Inc.","847","Dressel","555-666-9152","1682","Operations","Raymond","raymond.dressel@example.com"
"Liberia","LR","Jeremie, Raffaello","Darden Restaurants Inc.","250","Jeremie","555-704-4291","1683","Production","Raffaello","raffaello.jeremie@example.com"
"Vatican City","VA","Hyacinthe, Byran","Health Net Inc.","404","Hyacinthe","555-162-2850","1684","Engineering","Byran","byran.hyacinthe@example.com"
"Northern Mariana Islands","MP","Pessa, Talya","ARAMARK Corporation","84","Pessa","555-886-2832","1685","Operations","Talya","talya.pessa@example.com"
"Saudi Arabia","SA","McCarthy, Ted","Delphi Corp.","256","McCarthy","555-173-3125","1686","Customer Service","Ted","ted.mccarthy@example.com"
"Uganda","UG","Audras, Colline","Phillips Petroleum Co","659","Audras","555-827-5223","1687","Operations","Colline","colline.audras@example.com"
"New Caledonia","NC","Hunter, Nettie","Leggett & Platt Inc.","488","Hunter","555-127-2348","1688","Investing","Nettie","nettie.hunter@example.com"
"Sri Lanka","LK","Cohbert, Gus","Kellogg Company","462","Cohbert","555-539-5796","1689","Operations","Gus","gus.cohbert@example.com"
"Japan","JP","Elbert, Linnea","AMC Entertainment Inc.","48","Elbert","555-292-2080","1690","Business Development","Linnea","linnea.elbert@example.com"
"Spain","ES","Rickard, Bunny","Big Lots, Inc.","132","Rickard","555-393-9134","1691","Legal","Bunny","bunny.rickard@example.com"
"Bermuda","BM","Marabel, Alice","Dollar General Corporation","266","Marabel","555-711-3486","1692","Sales","Alice","alice.marabel@example.com"
"Bonaire, Saint Eustatius and Saba","BQ","Doria, Austina","Metals USA Inc.","549","Doria","555-945-7739","1693","Marketing","Austina","austina.doria@example.com"
"Saint Vincent and the Grenadines","VC","Delphine, Barbabas","Union Pacific Corporation","858","Delphine","555-639-5727","1694","Investing","Barbabas","barbabas.delphine@example.com"
"Seychelles","SC","Scutt, Webster","Nucor Corp","600","Scutt","555-201-8616","1695","IT Support","Webster","webster.scutt@example.com"
"Saint Kitts and Nevis","KN","Ottavia, Vic","MetLife Inc.","550","Ottavia","555-660-9477","1696","Investing","Vic","vic.ottavia@example.com"
"Ethiopia","ET","Raney, Zorina","Allegheny Energy, Inc.","37","Raney","555-650-2841","1697","Accounting","Zorina","zorina.raney@example.com"
"Marshall Islands","MH","Stortz, Sarajane","McCormick & Company Incorporated","534","Stortz","555-706-1279","1698","Licensing","Sarajane","sarajane.stortz@example.com"
"Cocos (Keeling) Islands","CC","Judus, Dru","Republic Services Inc","716","Judus","555-701-464","1699","Engineering","Dru","dru.judus@example.com"
"Turks and Caicos Islands","TC","Blake, Sheelah","Ford Motor Co","346","Blake","555-953-2386","1700","Human Resources","Sheelah","sheelah.blake@example.com"
"Russia","RU","Margaretta, Angil","WGL Holdings Inc","923","Margaretta","555-141-3434","1701","Customer Service","Angil","angil.margaretta@example.com"
"Hong Kong","HK","Dusa, Liuka","Polaris Industries Inc.","671","Dusa","555-533-6194","1702","Business Development","Liuka","liuka.dusa@example.com"
"Mexico","MX","Kyl, Sindee","Philip Morris Companies Inc.","658","Kyl","555-867-3166","1703","Human Resources","Sindee","sindee.kyl@example.com"
"San Marino","SM","Halimeda, Buckie","The Allstate Corporation","44","Halimeda","555-587-9313","1704","Investing","Buckie","buckie.halimeda@example.com"
"Australia","AU","Karie, Cacilie","NCR Corporation","578","Karie","555-877-694","1705","Research and Development","Cacilie","cacilie.karie@example.com"
"Moldova","MD","Anthia, Harmony","Mail-Well Inc.","512","Anthia","555-195-1871","1706","Customer Service","Harmony","harmony.anthia@example.com"
"Sweden","SE","Stafford, Bride","WGL Holdings Inc","923","Stafford","555-781-4543","1707","Licensing","Bride","bride.stafford@example.com"
"Nauru","NR","Andris, Shem","New Jersey Resources Corporation","580","Andris","555-415-6141","1708","Business Development","Shem","shem.andris@example.com"
"Mongolia","MN","Roux, Carolina","First Tennessee National Corp.","332","Roux","555-773-1928","1709","Customer Service","Carolina","carolina.roux@example.com"
"Micronesia","FM","Barton, Dalton","Goodrich Corporation","379","Barton","555-658-2015","1710","Customer Service","Dalton","dalton.barton@example.com"
"Mexico","MX","Mackenzie, Hilliard","Bowater Incorporated","143","Mackenzie","555-946-1853","1711","Licensing","Hilliard","hilliard.mackenzie@example.com"
"Tonga","TO","Reel, Thibaud","Host Marriott Corp.","419","Reel","555-904-9699","1712","Insurance","Thibaud","thibaud.reel@example.com"
"British Indian Ocean Territory","IO","Sherline, Hilario","Valero Energy Corporation","883","Sherline","555-406-6397","1713","Strategy","Hilario","hilario.sherline@example.com"
"Cuba","CU","Rosalynd, Dominique","Eastman Chemical Company","287","Rosalynd","555-749-2697","1714","Engineering","Dominique","dominique.rosalynd@example.com"
"British Virgin Islands","VG","Jaf, Lisette","Levi Strauss & Co.","493","Jaf","555-456-4486","1715","Customer Service","Lisette","lisette.jaf@example.com"
"Kyrgyzstan","KG","Wyler, Ronnie","Triad Hospitals Inc","845","Wyler","555-762-4707","1716","Research and Development","Ronnie","ronnie.wyler@example.com"
"Central African Republic","CF","Menides, Dale","Jack In The Box Inc.","453","Menides","555-546-3740","1717","Sales","Dale","dale.menides@example.com"
"United Arab Emirates","AE","Marty, Ramsey","Barnes & Noble, Inc.","113","Marty","555-917-2878","1718","Customer Service","Ramsey","ramsey.marty@example.com"
"Puerto Rico","PR","Warila, Gran","IMS Health Inc.","433","Warila","555-383-4456","1719","Distribution","Gran","gran.warila@example.com"
"Saint Lucia","LC","Brocklin, Giordano","Hasbro Inc.","400","Brocklin","555-823-6765","1720","Human Resources","Giordano","giordano.brocklin@example.com"
"Guernsey","GG","Isaak, Susann","Citizens Communications Co.","196","Isaak","555-432-843","1721","Legal","Susann","susann.isaak@example.com"
"Singapore","SG","Felske, Georgie","McCormick & Company Incorporated","534","Felske","555-295-4231","1722","Distribution","Georgie","georgie.felske@example.com"
"Swaziland","SZ","Bailey, Humfrid","NSTAR","598","Bailey","555-662-5194","1723","Operations","Humfrid","humfrid.bailey@example.com"
"Nepal","NP","Carlene, Anallese","Level 3 Communications Inc.","492","Carlene","555-724-8423","1724","Customer Service","Anallese","anallese.carlene@example.com"
"Portugal","PT","Tinaret, Valle","Quanta Services Inc.","698","Tinaret","555-385-6435","1725","Research and Development","Valle","valle.tinaret@example.com"
"Slovakia","SK","Harlamert, Kaine","Cintas Corp.","192","Harlamert","555-681-251","1726","Customer Service","Kaine","kaine.harlamert@example.com"
"Democratic Republic of the Congo","CD","Joub, Stormie","AmSouth Bancorp.","68","Joub","555-489-5854","1727","Investing","Stormie","stormie.joub@example.com"
"Macau","MO","Towbin, Lilith","Enron Corp.","305","Towbin","555-645-2976","1728","Production","Lilith","lilith.towbin@example.com"
"Micronesia","FM","Razid, Ulberto","Public Service Enterprise Group Inc.","693","Razid","555-876-7723","1729","Marketing","Ulberto","ulberto.razid@example.com"
"Croatia","HR","Piper, Iolande","Crane Co.","238","Piper","555-765-9915","1730","Business Development","Iolande","iolande.piper@example.com"
"Kuwait","KW","Nudd, Rhiamon","Barnes & Noble, Inc.","113","Nudd","555-642-8150","1731","Distribution","Rhiamon","rhiamon.nudd@example.com"
"Chad","TD","Pimbley, Yule","ITT Industries Inc.","447","Pimbley","555-795-1155","1732","Accounting","Yule","yule.pimbley@example.com"
"Uganda","UG","Wisnicki, Kalinda","Kohl's Corp.","476","Wisnicki","555-570-3930","1733","Strategy","Kalinda","kalinda.wisnicki@example.com"
"Nepal","NP","Black, Kara-Lynn","Xilinx Inc","940","Black","555-810-7762","1734","Engineering","Kara-Lynn","kara-lynn.black@example.com"
"Nigeria","NE","Puiia, Chrissy","Deluxe Corporation","258","Puiia","555-589-4403","1735","Insurance","Chrissy","chrissy.puiia@example.com"
"Zambia","ZM","Latin, Erda","Adobe Systems Incorporated","14","Latin","555-710-9559","1736","Accounting","Erda","erda.latin@example.com"
"Wallis and Futuna","WF","Garrik, Sherwin","Dow Chemical Company","271","Garrik","555-773-2777","1737","Strategy","Sherwin","sherwin.garrik@example.com"
"Eritrea","ER","Tessler, Iormina","Dun & Bradstreet Inc.","280","Tessler","555-752-3088","1738","Production","Iormina","iormina.tessler@example.com"
"Portugal","PT","Zaller, Doug","Burlington Industries, Inc.","154","Zaller","555-946-6514","1739","Sales","Doug","doug.zaller@example.com"
"Senegal","SN","Curtis, Bea","Federal Express Corp.","324","Curtis","555-546-5714","1740","Business Development","Bea","bea.curtis@example.com"
"Kyrgyzstan","KG","Konopka, Hamid","Williams Companies Inc","927","Konopka","555-751-1471","1741","Human Resources","Hamid","hamid.konopka@example.com"
"Montserrat","MS","Agate, Ethyl","BJ's Wholesale Club, Inc.","134","Agate","555-963-7112","1742","Customer Service","Ethyl","ethyl.agate@example.com"
"Iceland","IS","Kling, Ariadne","United Defense Industries Inc.","863","Kling","555-439-8431","1743","Production","Ariadne","ariadne.kling@example.com"
"Madagascar","MG","Kellina, Kara","Tesoro Petroleum Corp.","826","Kellina","555-506-8088","1744","Business Development","Kara","kara.kellina@example.com"
"Togo","TG","Bara, Ola","Aon Corporation","77","Bara","555-490-6012","1745","Investing","Ola","ola.bara@example.com"
"United Kingdom","GB","Thistle, Elvin","Pinnacle West Capital Corp","664","Thistle","555-590-6190","1746","Insurance","Elvin","elvin.thistle@example.com"
"Colombia","CO","Landrum, Dagmar","TravelCenters of America Inc.","844","Landrum","555-421-5746","1747","Investing","Dagmar","dagmar.landrum@example.com"
"Sao Tome and Principe","ST","Geier, Chas","Verizon Communications Inc","889","Geier","555-930-6357","1748","Research and Development","Chas","chas.geier@example.com"
"Ecuador","EC","Rajewski, Hashim","USA Interactive","879","Rajewski","555-686-8895","1749","Engineering","Hashim","hashim.rajewski@example.com"
"Guinea","GN","Calvano, Kristi","Potomac Electric Power Co.","642","Calvano","555-548-5970","1750","Customer Service","Kristi","kristi.calvano@example.com"
"Spain","ES","Irwin, Estel","The Bank of New York Company, Inc.","109","Irwin","555-990-6600","1751","Business Development","Estel","estel.irwin@example.com"
"Vatican City","VA","Olmsted, Valma","Qualcomm Inc","697","Olmsted","555-100-6096","1752","Production","Valma","valma.olmsted@example.com"
"Burundi","BI","Yasu, Jacky","Ace Hardware Corporation","7","Yasu","555-459-7664","1753","Investing","Jacky","jacky.yasu@example.com"
"Montenegro","ME","Erlin, Betta","DPL Inc.","273","Erlin","555-368-6132","1754","Investing","Betta","betta.erlin@example.com"
"Fiji","FJ","Hurleigh, Sampson","GATX Corporation","358","Hurleigh","555-876-4001","1755","Accounting","Sampson","sampson.hurleigh@example.com"
"Slovakia","SK","Philippa, Alexandr","Sealed Air Corp","749","Philippa","555-483-9667","1756","Legal","Alexandr","alexandr.philippa@example.com"
"India","IN","Therine, Skippie","Delta Air Lines Inc.","257","Therine","555-855-1218","1757","Customer Service","Skippie","skippie.therine@example.com"
"Vietnam","VN","Angi, Abdul","Comverse Technology Inc.","217","Angi","555-680-1259","1758","Investing","Abdul","abdul.angi@example.com"
"Saint Helena, Ascension and Tristan da Cunha","SH","Jansen, Myron","Ryland Group Inc.","732","Jansen","555-460-2113","1759","Research and Development","Myron","myron.jansen@example.com"
"Singapore","SG","Uda, Wilhelmine","W.R. Berkley Corporation","898","Uda","555-275-1455","1760","Insurance","Wilhelmine","wilhelmine.uda@example.com"
"Jamaica","JM","Haag, Bunni","America West Holdings Corporation","53","Haag","555-186-3739","1761","Sales","Bunni","bunni.haag@example.com"
"Greenland","GL","Dibbell, Cordelia","Merck & Co., Inc.","545","Dibbell","555-535-7308","1762","Engineering","Cordelia","cordelia.dibbell@example.com"
"Paraguay","PY","Osbourne, Cornelia","Ames Department Stores, Inc.","64","Osbourne","555-684-1489","1763","Accounting","Cornelia","cornelia.osbourne@example.com"
"Falkland Islands","FK","Valma, Marysa","Viad Corp","892","Valma","555-298-8313","1764","Business Development","Marysa","marysa.valma@example.com"
"British Virgin Islands","VG","Denni, Ford","Dean Foods Company","252","Denni","555-170-3139","1765","Licensing","Ford","ford.denni@example.com"
"Oman","OM","Tomchay, Hillie","Aquila, Inc.","83","Tomchay","555-368-918","1766","Operations","Hillie","hillie.tomchay@example.com"
"Germany","DE","Jen, Nadean","Verizon Communications Inc","889","Jen","555-283-9650","1767","Sales","Nadean","nadean.jen@example.com"
"South Sudan","SS","Serene, George","Value City Department Stores Inc","885","Serene","555-351-1157","1768","Production","George","george.serene@example.com"
"Panama","PA","Barrus, Reade","American Express Company","57","Barrus","555-574-8094","1769","Marketing","Reade","reade.barrus@example.com"
"Bermuda","BM","Fiorenza, Granny","Convergys Corp.","228","Fiorenza","555-480-5772","1770","Legal","Granny","granny.fiorenza@example.com"
"Russia","RU","Ammamaria, Sky","H&R Block Inc.","390","Ammamaria","555-679-2014","1771","Human Resources","Sky","sky.ammamaria@example.com"
"Christmas Island","CX","Aret, Iormina","Foot Locker Inc","344","Aret","555-985-1106","1772","Human Resources","Iormina","iormina.aret@example.com"
"South Sudan","SS","McCoy, Golda","Xerox Corp","939","McCoy","555-196-4072","1773","Sales","Golda","golda.mccoy@example.com"
"Togo","TG","Daughtry, Pearline","Autoliv, Inc.","97","Daughtry","555-564-5101","1774","Strategy","Pearline","pearline.daughtry@example.com"
"Montenegro","ME","Swinton, Malvina","Tecumseh Products Company","816","Swinton","555-691-8371","1775","Legal","Malvina","malvina.swinton@example.com"
"Aruba","AW","Ponton, Silvanus","Noble Energy Inc","588","Ponton","555-346-1340","1776","Operations","Silvanus","silvanus.ponton@example.com"
"Suriname","SR","Fife, Lindsey","La-Z-Boy Inc.","485","Fife","555-665-2473","1777","Legal","Lindsey","lindsey.fife@example.com"
"Bermuda","BM","Carlynne, Roxy","First Tennessee National Corp.","332","Carlynne","555-964-8347","1778","Engineering","Roxy","roxy.carlynne@example.com"
"Fiji","FJ","Valer, Gabriel","Burlington Northern Santa Fe Corporation","155","Valer","555-138-5375","1779","Strategy","Gabriel","gabriel.valer@example.com"
"French Guiana","GF","Bevin, Alan","Marsh Supermarkets Inc.","521","Bevin","555-830-5672","1780","Business Development","Alan","alan.bevin@example.com"
"Poland","PL","Hayes, Dorena","Sabre Holdings Corp","733","Hayes","555-683-9385","1781","Investing","Dorena","dorena.hayes@example.com"
"Saint Martin","MF","Kleper, Pernell","Kindred Healthcare Inc.","472","Kleper","555-379-8737","1782","Business Development","Pernell","pernell.kleper@example.com"
"Gabon","GA","Gwyn, Nickie","Shaw Group Inc","755","Gwyn","555-492-4895","1783","Accounting","Nickie","nickie.gwyn@example.com"
"Antarctica","AQ","Clintock, Mada","Brightpoint, Inc.","145","Clintock","555-464-7142","1784","Marketing","Mada","mada.clintock@example.com"
"Kyrgyzstan","KG","Gage, Ardith","Collins & Aikman Corp.","206","Gage","555-770-6331","1785","Investing","Ardith","ardith.gage@example.com"
"Maldives","MV","Kunkle, Farah","Rite Aid Corp","719","Kunkle","555-630-7275","1786","Sales","Farah","farah.kunkle@example.com"
"Madagascar","MG","Bouldon, Josie","Kohl's Corp.","476","Bouldon","555-310-6815","1787","Insurance","Josie","josie.bouldon@example.com"
"Netherlands","NL","Kaylil, Briny","National Fuel Gas Company","572","Kaylil","555-859-4130","1788","Insurance","Briny","briny.kaylil@example.com"
"Oman","OM","Bergerac, Horatia","Interpublic Group of Companies Inc.","440","Bergerac","555-670-5006","1789","Legal","Horatia","horatia.bergerac@example.com"
"Egypt","EG","Shalne, Deonne","SunGard Data Systems Inc.","804","Shalne","555-719-3577","1790","Business Development","Deonne","deonne.shalne@example.com"
"Bangladesh","BD","Huber, Finn","TJX Companies Inc","834","Huber","555-815-590","1791","Research and Development","Finn","finn.huber@example.com"
"Estonia","EE","Caton, Tamarra","Cooper Tire & Rubber Co.","231","Caton","555-529-6640","1792","Production","Tamarra","tamarra.caton@example.com"
"Svalbard and Jan Mayen","SJ","Etrem, Salli","World Fuel Services Corporation","932","Etrem","555-339-9626","1793","IT Support","Salli","salli.etrem@example.com"
"Saint Lucia","LC","Lauree, Anallise","Alcoa Inc.","35","Lauree","555-945-8579","1794","Insurance","Anallise","anallise.lauree@example.com"
"Bulgaria","BG","Flann, Tymothy","Sovereign Bancorp Inc.","778","Flann","555-847-3152","1795","IT Support","Tymothy","tymothy.flann@example.com"
"North Korea","KP","Kimble, Wilmette","Stewart & Stevenson Services Inc","797","Kimble","555-584-8904","1796","Human Resources","Wilmette","wilmette.kimble@example.com"
"Mozambique","MZ","Lessard, Domini","USFreighways Corporation","880","Lessard","555-916-9915","1797","Business Development","Domini","domini.lessard@example.com"
"Sint Maarten","SX","Sokil, Klarrisa","Tiffany & Co","832","Sokil","555-911-5733","1798","Purchasing","Klarrisa","klarrisa.sokil@example.com"
"Chile","CL","Donahoe, Marven","Saks Inc","737","Donahoe","555-244-1493","1799","Legal","Marven","marven.donahoe@example.com"
"French Guiana","GF","Burwell, Aron","Idacorp Inc.","427","Burwell","555-122-8385","1800","Production","Aron","aron.burwell@example.com"
"Somalia","SO","Vtarj, Myer","Verizon Communications Inc","889","Vtarj","555-339-8251","1801","Investing","Myer","myer.vtarj@example.com"
"Guam","GU","Pradeep, Felicia","Sierra Pacific Resources","760","Pradeep","555-586-813","1802","Human Resources","Felicia","felicia.pradeep@example.com"
"New Zealand","NZ","Lattonia, Walker","On Semiconductor Corp","616","Lattonia","555-990-1304","1803","Investing","Walker","walker.lattonia@example.com"
"Zimbabwe","ZW","Liggett, Deva","Allied Waste Industries, Inc.","42","Liggett","555-608-1836","1804","Licensing","Deva","deva.liggett@example.com"
"Angola","AO","Burnett, Bailey","Staff Leasing Inc.","786","Burnett","555-745-4581","1805","Customer Service","Bailey","bailey.burnett@example.com"
"Trinidad and Tobago","TT","Stelmach, Agnola","Applied Industrial Technologies, Inc.","81","Stelmach","555-433-969","1806","Human Resources","Agnola","agnola.stelmach@example.com"
"Solomon Islands","SB","Livvie, Ileana","American Water Works Company, Inc.","62","Livvie","555-633-9100","1807","IT Support","Ileana","ileana.livvie@example.com"
"Canada","CA","Kenelm, Lorraine","E.W. Scripps Company","285","Kenelm","555-993-5868","1808","Legal","Lorraine","lorraine.kenelm@example.com"
"Serbia","RS","Noak, Lanny","Polaris Industries Inc.","671","Noak","555-102-5721","1809","Marketing","Lanny","lanny.noak@example.com"
"Afghanistan","AF","Rayburn, Pacorro","Casey's General Stores Inc.","168","Rayburn","555-705-7487","1810","Purchasing","Pacorro","pacorro.rayburn@example.com"
"Germany","DE","Reseta, Cathi","Marathon Oil Corporation","516","Reseta","555-914-4376","1811","Operations","Cathi","cathi.reseta@example.com"
"Dominican Republic","DO","Jacie, Adelbert","ADC Telecommunications, Inc.","11","Jacie","555-556-6794","1812","Licensing","Adelbert","adelbert.jacie@example.com"
"Nigeria","NE","Eba, Nelie","UnumProvident Corporation","875","Eba","555-523-6959","1813","Human Resources","Nelie","nelie.eba@example.com"
"Nigeria","NE","Marcell, Kare","Sabre Holdings Corp","733","Marcell","555-118-475","1814","Production","Kare","kare.marcell@example.com"
"Japan","JP","Lovett, Bronny","Martin Marietta Materials Inc.","523","Lovett","555-631-7649","1815","Human Resources","Bronny","bronny.lovett@example.com"
"Colombia","CO","Frye, Aland","Hon Industries Inc.","416","Frye","555-914-8296","1816","Legal","Aland","aland.frye@example.com"
"Cape Verde","CV","Gerald, Cornie","Sequa Corp","752","Gerald","555-728-4337","1817","Distribution","Cornie","cornie.gerald@example.com"
"United States Virgin Islands","VI","Cyd, Jena","Crown Cork & Seal Co. Inc.","240","Cyd","555-530-9604","1818","IT Support","Jena","jena.cyd@example.com"
"Gambia","GM","Stiegler, Easter","Circuit City Stores Inc.","193","Stiegler","555-187-6674","1819","Engineering","Easter","easter.stiegler@example.com"
"Haiti","HT","Labannah, Jessa","Allergan, Inc.","39","Labannah","555-779-9118","1820","Insurance","Jessa","jessa.labannah@example.com"
"Armenia","AM","Phineas, Jori","Publix Super Markets Inc.","694","Phineas","555-596-5815","1821","Production","Jori","jori.phineas@example.com"
"Mongolia","MN","Graaf, Gui","Sears Roebuck & Co","750","Graaf","555-157-980","1822","Investing","Gui","gui.graaf@example.com"
"Puerto Rico","PR","Maryly, Fidole","Administaff, Inc.","13","Maryly","555-681-3637","1823","Marketing","Fidole","fidole.maryly@example.com"
"Macedonia","MK","Nikkie, Berni","Applied Materials, Inc.","82","Nikkie","555-504-7605","1824","IT Support","Berni","berni.nikkie@example.com"
"Senegal","SN","Consuela, Reggie","Ross Stores Inc","727","Consuela","555-499-6940","1825","Accounting","Reggie","reggie.consuela@example.com"
"Senegal","SN","Luanne, Artur","Acterna Corp.","9","Luanne","555-453-7760","1826","IT Support","Artur","artur.luanne@example.com"
"Christmas Island","CX","Cinda, Donica","Polaris Industries Inc.","671","Cinda","555-492-237","1827","Human Resources","Donica","donica.cinda@example.com"
"Laos","LA","Edmonda, William","Dillard's Inc.","263","Edmonda","555-458-5738","1828","Licensing","William","william.edmonda@example.com"
"Ireland","IE","Disraeli, Martguerita","Pulte Homes Inc","696","Disraeli","555-259-9372","1829","Customer Service","Martguerita","martguerita.disraeli@example.com"
"Aruba","AW","Colette, Inga","The Allstate Corporation","44","Colette","555-111-5592","1830","Human Resources","Inga","inga.colette@example.com"
"Croatia","HR","Vernier, Ruben","Benchmark Electronics, Inc.","127","Vernier","555-493-798","1831","Licensing","Ruben","ruben.vernier@example.com"
"Guyana","GY","Addi, Roseanna","Federal Mogul Corp.","322","Addi","555-134-1539","1832","Strategy","Roseanna","roseanna.addi@example.com"
"Cocos (Keeling) Islands","CC","Cristine, Marve","American Eagle Outfitters, Inc.","55","Cristine","555-131-3772","1833","Customer Service","Marve","marve.cristine@example.com"
"Belgium","BE","Weitman, Ansell","Kellogg Company","462","Weitman","555-208-2250","1834","Investing","Ansell","ansell.weitman@example.com"
"Zambia","ZM","Kissee, Jamie","Greif Bros. Corporation","386","Kissee","555-353-9188","1835","Licensing","Jamie","jamie.kissee@example.com"
"Grenada","GD","Cantu, Winni","Omnicare Inc","614","Cantu","555-206-4292","1836","Accounting","Winni","winni.cantu@example.com"
"Puerto Rico","PR","Korns, Osborn","American Eagle Outfitters, Inc.","55","Korns","555-458-5850","1837","Accounting","Osborn","osborn.korns@example.com"
"Mauritius","MU","Dinsdale, Archibold","Merck & Co., Inc.","545","Dinsdale","555-272-8727","1838","Research and Development","Archibold","archibold.dinsdale@example.com"
"Peru","PE","Bruner, Dierdre","Fortune Brands Inc.","348","Bruner","555-655-1973","1839","Sales","Dierdre","dierdre.bruner@example.com"
"Democratic Republic of the Congo","CD","Noami, Nani","Apache Corporation","78","Noami","555-150-3523","1840","Sales","Nani","nani.noami@example.com"
"Aruba","AW","Seema, Molly","Hewlett-Packard Company","410","Seema","555-750-4981","1841","Legal","Molly","molly.seema@example.com"
"Yemen","YE","Adabel, Roobbie","Comfort Systems USA Inc.","210","Adabel","555-611-43","1842","Business Development","Roobbie","roobbie.adabel@example.com"
"Madagascar","MG","Jerald, Jemima","Boston Scientific Corporation","142","Jerald","555-447-8558","1843","Human Resources","Jemima","jemima.jerald@example.com"
"Hungary","HU","Nero, Guthrey","Atmos Energy Corporation","95","Nero","555-362-4068","1844","Investing","Guthrey","guthrey.nero@example.com"
"Cayman Islands Cayman Islands","KY","Georg, Fraser","NiSource Inc","587","Georg","555-247-1632","1845","Purchasing","Fraser","fraser.georg@example.com"
"Saint Kitts and Nevis","KN","Macy, Ingaborg","Washington Mutual Inc","908","Macy","555-153-557","1846","Legal","Ingaborg","ingaborg.macy@example.com"
"Réunion","RE","Jeanie, Elise","J.B. Hunt Transport Services Inc.","449","Jeanie","555-122-7979","1847","Sales","Elise","elise.jeanie@example.com"
"Kyrgyzstan","KG","Sakovich, Emmeline","International Paper Co.","439","Sakovich","555-294-4485","1848","Business Development","Emmeline","emmeline.sakovich@example.com"
"South Sudan","SS","Dunlavy, Carolina","Greif Bros. Corporation","386","Dunlavy","555-512-4333","1849","Operations","Carolina","carolina.dunlavy@example.com"
"Slovenia","SI","Martinelli, Frances","International Multifoods Corporation","444","Martinelli","555-911-6976","1850","IT Support","Frances","frances.martinelli@example.com"
"Portugal","PT","Dibri, Carroll","Marshall & Ilsley Corporation","522","Dibri","555-105-3899","1851","Engineering","Carroll","carroll.dibri@example.com"
"Yemen","YE","Zak, Findley","Mail-Well Inc.","512","Zak","555-936-2660","1852","Marketing","Findley","findley.zak@example.com"
"Barbados","BB","Uthrop, Marje","Comfort Systems USA Inc.","210","Uthrop","555-606-749","1853","Marketing","Marje","marje.uthrop@example.com"
"Western Sahara","EH","Davis, Brooke","MDU Resources Group Inc.","540","Davis","555-234-6991","1854","Insurance","Brooke","brooke.davis@example.com"
"India","IN","Combes, Adriaens","Nextel Communications Inc","584","Combes","555-244-3056","1855","Accounting","Adriaens","adriaens.combes@example.com"
"Belize","BZ","Negris, Sancho","Stewart Information Services Corp","798","Negris","555-164-8191","1856","Human Resources","Sancho","sancho.negris@example.com"
"Ghana","GH","Leesen, Riordan","Value City Department Stores Inc","885","Leesen","555-164-279","1857","Strategy","Riordan","riordan.leesen@example.com"
"Armenia","AM","Thorlay, Hank","Qualcomm Inc","697","Thorlay","555-764-1925","1858","Strategy","Hank","hank.thorlay@example.com"
"Slovakia","SK","Jamnis, Michel","Beverly Enterprises, Inc.","131","Jamnis","555-295-2178","1859","Purchasing","Michel","michel.jamnis@example.com"
"Egypt","EG","Christabel, Ursuline","Dreyer's Grand Ice Cream, Inc.","275","Christabel","555-442-7583","1860","Licensing","Ursuline","ursuline.christabel@example.com"
"Poland","PL","Cyrillus, Shannen","Walt Disney Co","906","Cyrillus","555-824-7412","1861","Strategy","Shannen","shannen.cyrillus@example.com"
"Italy","IT","Matejka, Huberto","Dial Corporation","261","Matejka","555-523-1906","1862","Customer Service","Huberto","huberto.matejka@example.com"
"Réunion","RE","Donahoe, Felicdad","Kellogg Company","462","Donahoe","555-159-3711","1863","Research and Development","Felicdad","felicdad.donahoe@example.com"
"Indonesia","ID","Redman, Min","Cox Communications Inc.","237","Redman","555-759-6947","1864","Operations","Min","min.redman@example.com"
"Libya","LY","Clovis, Deanna","Archer Daniels Midland Company","86","Clovis","555-339-6489","1865","Licensing","Deanna","deanna.clovis@example.com"
"Bouvet Island","BV","Kapoor, Dov","Jabil Circuit Inc.","452","Kapoor","555-876-3446","1866","Engineering","Dov","dov.kapoor@example.com"
"Dominican Republic","DO","Pacien, Laurene","PeopleSoft Inc","640","Pacien","555-688-5370","1867","Accounting","Laurene","laurene.pacien@example.com"
"Israel","IL","Zalea, Newton","Footstar Inc.","345","Zalea","555-634-9763","1868","Research and Development","Newton","newton.zalea@example.com"
"South Georgia and the South Sandwich Island","GS","Shiff, Goran","Frontier Oil Corp","353","Shiff","555-351-3756","1869","Engineering","Goran","goran.shiff@example.com"
"Equatorial Guinea","GQ","Clementis, Francklyn","TRW Inc","850","Clementis","555-476-4583","1870","Legal","Francklyn","francklyn.clementis@example.com"
"Somalia","SO","Garlen, Erma","UnumProvident Corporation","875","Garlen","555-438-4203","1871","Insurance","Erma","erma.garlen@example.com"
"New Caledonia","NC","Rosemary, Trevor","D&K Healthcare Resources, Inc.","246","Rosemary","555-427-4384","1872","Accounting","Trevor","trevor.rosemary@example.com"
"Hong Kong","HK","Odine, Bernardina","Valspar Corporation","884","Odine","555-132-8241","1873","Operations","Bernardina","bernardina.odine@example.com"
"Gabon","GA","Swann, Emilee","TXU Corp","851","Swann","555-501-7228","1874","Engineering","Emilee","emilee.swann@example.com"
"Ukraine","UA","Fishbein, Joby","DURA Automotive Systems Inc.","281","Fishbein","555-215-3034","1875","Production","Joby","joby.fishbein@example.com"
"Iceland","IS","Econah, Siobhan","Shaw Group Inc","755","Econah","555-626-4562","1876","Business Development","Siobhan","siobhan.econah@example.com"
"Costa Rica","CR","Corliss, Mufi","Lincoln National Corporation","496","Corliss","555-991-330","1877","Research and Development","Mufi","mufi.corliss@example.com"
"Chile","CL","Ignacio, Kiersten","American Greetings Corporation","59","Ignacio","555-662-2934","1878","Licensing","Kiersten","kiersten.ignacio@example.com"
"Chad","TD","Locke, Wilt","Ecolab Inc.","291","Locke","555-934-7845","1879","Distribution","Wilt","wilt.locke@example.com"
"Egypt","EG","Gracye, David","Gateway Inc.","357","Gracye","555-874-4426","1880","Operations","David","david.gracye@example.com"
"South Africa","ZA","Hermione, Loria","Lands' End Inc.","483","Hermione","555-170-5193","1881","Licensing","Loria","loria.hermione@example.com"
"Estonia","EE","Wycoff, Sandra","M.D.C. Holdings Inc.","539","Wycoff","555-709-8122","1882","Operations","Sandra","sandra.wycoff@example.com"
"Germany","DE","Willow, Kylie","Silicon Graphics Inc","762","Willow","555-393-1653","1883","Customer Service","Kylie","kylie.willow@example.com"
"Sierra Leone","SL","Heyman, Sonny","Ecolab Inc.","291","Heyman","555-848-5136","1884","Research and Development","Sonny","sonny.heyman@example.com"
"Moldova","MD","Hulbert, Ferguson","Safeguard Scientifics Inc.","735","Hulbert","555-970-8225","1885","Customer Service","Ferguson","ferguson.hulbert@example.com"
"Faroe Islands","FO","Aney, Doralynne","Viad Corp","892","Aney","555-730-6805","1886","Human Resources","Doralynne","doralynne.aney@example.com"
"Saint Pierre and Miquelon","PM","Almond, Darin","Brown Shoe Company, Inc.","149","Almond","555-972-1374","1887","Accounting","Darin","darin.almond@example.com"
"Netherlands","NL","Birck, Isaac","Champion Enterprises Inc.","180","Birck","555-237-4165","1888","Legal","Isaac","isaac.birck@example.com"
"Ivory Coast ","CI","Kathryne, Sibbie","Deluxe Corporation","258","Kathryne","555-590-2198","1889","IT Support","Sibbie","sibbie.kathryne@example.com"
"Poland","PL","Bluefarb, Liz","Tiffany & Co","832","Bluefarb","555-681-5722","1890","Licensing","Liz","liz.bluefarb@example.com"
"Malta","MT","Tiphanie, Nehemiah","National Rural Utilities Cooperative Finance Corporation","574","Tiphanie","555-677-6915","1891","Purchasing","Nehemiah","nehemiah.tiphanie@example.com"
"Mayotte","YT","Hung, Rosmunda","Viacom Inc","891","Hung","555-552-1396","1892","Production","Rosmunda","rosmunda.hung@example.com"
"Cook Islands","CK","Tannen, Tammi","Precision Castparts Corp","679","Tannen","555-991-5414","1893","Business Development","Tammi","tammi.tannen@example.com"
"Isle of Man","IM","Colet, Elinor","Owens Corning","622","Colet","555-854-4284","1894","Distribution","Elinor","elinor.colet@example.com"
"Tokelau","TK","Yokum, Brannon","Brunswick Corporation","151","Yokum","555-494-1021","1895","Engineering","Brannon","brannon.yokum@example.com"
"Bhutan","BT","Merkle, Lianna","Estee Lauder Companies Inc.","313","Merkle","555-781-7361","1896","Business Development","Lianna","lianna.merkle@example.com"
"Norway","NO","Cohleen, Mace","Payless Shoesource Inc","635","Cohleen","555-982-5404","1897","Licensing","Mace","mace.cohleen@example.com"
"Bonaire, Saint Eustatius and Saba","BQ","Ricarda, Alla","Eastman Kodak Company","288","Ricarda","555-546-573","1898","Purchasing","Alla","alla.ricarda@example.com"
"United States Minor Outlying Islands","UM","Shreve, Baryram","Brown Shoe Company, Inc.","149","Shreve","555-593-9236","1899","Licensing","Baryram","baryram.shreve@example.com"
"Faroe Islands","FO","Martyn, Brenden","Prudential Financial Inc.","691","Martyn","555-786-7658","1900","IT Support","Brenden","brenden.martyn@example.com"
"Tonga","TO","Pickett, Simon","First National of Nebraska Inc.","331","Pickett","555-430-4829","1901","Operations","Simon","simon.pickett@example.com"
"Costa Rica","CR","Domingo, Torr","TECO Energy Inc","815","Domingo","555-245-7168","1902","Human Resources","Torr","torr.domingo@example.com"
"Sierra Leone","SL","Belldas, Orsola","CVS Corp.","244","Belldas","555-389-8780","1903","Operations","Orsola","orsola.belldas@example.com"
"Somalia","SO","Winn, Edvard","Constellation Emergy Group Inc.","226","Winn","555-573-5240","1904","Research and Development","Edvard","edvard.winn@example.com"
"Tuvalu","TV","Bak, Way","Jefferson-Pilot Co.","456","Bak","555-403-5060","1905","Strategy","Way","way.bak@example.com"
"South Sudan","SS","Joanne, Nickolas","The Men's Wearhouse Inc.","544","Joanne","555-443-2760","1906","Production","Nickolas","nickolas.joanne@example.com"
"Tajikistan","TJ","Abrams, Luella","DST Systems, Inc.","276","Abrams","555-774-4597","1907","Distribution","Luella","luella.abrams@example.com"
"Equatorial Guinea","GQ","Sanjiv, Basilius","Comdisco Inc.","208","Sanjiv","555-826-2159","1908","Engineering","Basilius","basilius.sanjiv@example.com"
"Somalia","SO","Abramson, Keefe","Scotts Company","747","Abramson","555-807-1082","1909","Research and Development","Keefe","keefe.abramson@example.com"
"Finland","FI","Gino, Margarette","Dreyer's Grand Ice Cream, Inc.","275","Gino","555-258-959","1910","Research and Development","Margarette","margarette.gino@example.com"
"Lithuania","LT","Frisse, Dode","Prudential Financial Inc.","691","Frisse","555-880-8339","1911","Purchasing","Dode","dode.frisse@example.com"
"Tonga","TO","Grace, Carter","ACT Manufacturing Inc.","8","Grace","555-736-1054","1912","Licensing","Carter","carter.grace@example.com"
"San Marino","SM","Ranger, Wynne","Fortune Brands Inc.","348","Ranger","555-637-8783","1913","Insurance","Wynne","wynne.ranger@example.com"
"Morocco","MA","Elsy, Luciano","KB Home","461","Elsy","555-853-2310","1914","Legal","Luciano","luciano.elsy@example.com"
"Croatia","HR","Kort, Arlina","Domino's Pizza LLC","269","Kort","555-978-9188","1915","Engineering","Arlina","arlina.kort@example.com"
"Vietnam","VN","Hurst, Nelli","Kellogg Company","462","Hurst","555-287-6241","1916","Research and Development","Nelli","nelli.hurst@example.com"
"Saint Vincent and the Grenadines","VC","Uzzial, Maxie","Goldman Sachs Group Inc.","378","Uzzial","555-138-1303","1917","Investing","Maxie","maxie.uzzial@example.com"
"Senegal","SN","Jojo, Clim","Progressive Corporation","687","Jojo","555-270-3263","1918","Insurance","Clim","clim.jojo@example.com"
"Bahamas","BS","Fraser, Cam","Enterprise Products Partners L.P.","307","Fraser","555-947-6502","1919","Strategy","Cam","cam.fraser@example.com"
"Seychelles","SC","Adena, Angeline","ALLTEL Corporation","45","Adena","555-200-6259","1920","Research and Development","Angeline","angeline.adena@example.com"
"Bermuda","BM","Keelby, Meade","US Airways Group Inc","877","Keelby","555-710-2619","1921","Sales","Meade","meade.keelby@example.com"
"Syria","SY","Sherrod, Elfrieda","Tenneco Automotive Inc.","823","Sherrod","555-592-773","1922","Purchasing","Elfrieda","elfrieda.sherrod@example.com"
"Indonesia","ID","Theta, Antoinette","OGE Energy Corp","608","Theta","555-125-8775","1923","Engineering","Antoinette","antoinette.theta@example.com"
"Malaysia","MY","Shornick, Alasdair","Hercules Inc.","407","Shornick","555-969-9866","1924","Production","Alasdair","alasdair.shornick@example.com"
"Micronesia","FM","Pathe, Maximo","Fluor Corp","341","Pathe","555-622-3731","1925","Business Development","Maximo","maximo.pathe@example.com"
"Guernsey","GG","Colt, Blakeley","DynCorp","282","Colt","555-553-7934","1926","Marketing","Blakeley","blakeley.colt@example.com"
"Denmark","DK","Meridith, Jourdain","Arrow Electronics, Inc.","89","Meridith","555-985-727","1927","Customer Service","Jourdain","jourdain.meridith@example.com"
"Sri Lanka","LK","Schiro, Jocelyn","Guidant Corporation","389","Schiro","555-219-7742","1928","IT Support","Jocelyn","jocelyn.schiro@example.com"
"Canada","CA","Matejka, Hi","Oglethorpe Power Corp.","609","Matejka","555-101-481","1929","Engineering","Hi","hi.matejka@example.com"
"Uzbekistan","UZ","Gillett, Cynthy","TRW Inc","850","Gillett","555-289-4191","1930","Licensing","Cynthy","cynthy.gillett@example.com"
"Micronesia","FM","Goran, Caye","Public Service Enterprise Group Inc.","693","Goran","555-667-2429","1931","Business Development","Caye","caye.goran@example.com"
"Palau","PW","Latouche, Vida","Louisiana-Pacific Corporation","503","Latouche","555-103-2529","1932","Sales","Vida","vida.latouche@example.com"
"Russia","RU","Bozuwa, Butch","Phillips Van Heusen Corp.","660","Bozuwa","555-990-1965","1933","Human Resources","Butch","butch.bozuwa@example.com"
"Switzerland","CH","Moses, Friederike","Flowers Foods Inc.","339","Moses","555-623-9853","1934","IT Support","Friederike","friederike.moses@example.com"
"United States Minor Outlying Islands","UM","Jacob, Brand","Electronic Arts Inc.","295","Jacob","555-237-2638","1935","Strategy","Brand","brand.jacob@example.com"
"Mayotte","YT","Eustasius, Jacquelin","Crane Co.","238","Eustasius","555-546-7213","1936","Human Resources","Jacquelin","jacquelin.eustasius@example.com"
"Dominican Republic","DO","Aindrea, Ros","Dynegy Inc.","283","Aindrea","555-515-9180","1937","Human Resources","Ros","ros.aindrea@example.com"
"Benin","BJ","Aviva, Madlen","Pharmacia Corp","655","Aviva","555-810-2415","1938","Insurance","Madlen","madlen.aviva@example.com"
"Bosnia and Herzegovina","BA","Dodds, Francine","Fleetwood Enterprises Inc.","337","Dodds","555-693-2806","1939","Distribution","Francine","francine.dodds@example.com"
"French Guiana","GF","Bega, Wilburt","Pall Corp","629","Bega","555-429-2882","1940","Research and Development","Wilburt","wilburt.bega@example.com"
"Vanuatu","VU","Libbna, Mohammed","General Dynamics Corporation","362","Libbna","555-520-1426","1941","Accounting","Mohammed","mohammed.libbna@example.com"
"Georgia","GE","Alisia, Petronia","Outback Steakhouse Inc.","620","Alisia","555-965-2751","1942","IT Support","Petronia","petronia.alisia@example.com"
"Gibraltar","GI","Onofredo, Ernaline","Kimberly-Clark Corporation","471","Onofredo","555-616-1174","1943","Research and Development","Ernaline","ernaline.onofredo@example.com"
"Macedonia","MK","Chiang, Janine","BellSouth Corporation","124","Chiang","555-671-1658","1944","Marketing","Janine","janine.chiang@example.com"
"Sweden","SE","Galatea, Morlee","Revlon Inc","717","Galatea","555-270-2153","1945","Strategy","Morlee","morlee.galatea@example.com"
"Morocco","MA","Mira, Daria","Del Monte Foods Co","254","Mira","555-997-7419","1946","Insurance","Daria","daria.mira@example.com"
"Bahrain","BH","Parrott, Noni","Eastman Chemical Company","287","Parrott","555-307-6735","1947","Marketing","Noni","noni.parrott@example.com"
"Namibia","NA","Monk, Osbourn","Applied Industrial Technologies, Inc.","81","Monk","555-299-575","1948","Distribution","Osbourn","osbourn.monk@example.com"
"Yemen","YE","Queen, Harvey","Chubb Corp","187","Queen","555-416-5054","1949","Customer Service","Harvey","harvey.queen@example.com"
"Sudan Sudan","SD","Mohandis, Bendick","Northrop Grumman Corporation","595","Mohandis","555-192-8714","1950","Business Development","Bendick","bendick.mohandis@example.com"
"Austria","AT","Nett, Sianna","Barnes & Noble, Inc.","113","Nett","555-698-3204","1951","Purchasing","Sianna","sianna.nett@example.com"
"Singapore","SG","Madel, Tiphanie","Vishay Intertechnology Inc","894","Madel","555-516-9283","1952","Marketing","Tiphanie","tiphanie.madel@example.com"
"Moldova","MD","Ogawa, Nevile","Centex Corp.","176","Ogawa","555-732-3427","1953","Research and Development","Nevile","nevile.ogawa@example.com"
"Guinea-Bissau","GW","Starinsky, Dulce","WESCO International Inc","918","Starinsky","555-151-5969","1954","Engineering","Dulce","dulce.starinsky@example.com"
"Norway","NO","Pike, Marlyn","Fortune Brands Inc.","348","Pike","555-902-4620","1955","Operations","Marlyn","marlyn.pike@example.com"
"Somalia","SO","Bathelda, Dynah","North Fork Bancorporation Inc","592","Bathelda","555-148-5670","1956","IT Support","Dynah","dynah.bathelda@example.com"
"Slovakia","SK","Avis, Cacilie","Black Hills Corporation","136","Avis","555-396-4267","1957","Distribution","Cacilie","cacilie.avis@example.com"
"Guinea-Bissau","GW","Jarvis, Vonni","Packaging Corp. of America","627","Jarvis","555-613-7067","1958","Customer Service","Vonni","vonni.jarvis@example.com"
"Oman","OM","Kirimia, Leslie","Charter One Financial Inc.","184","Kirimia","555-193-6658","1959","Investing","Leslie","leslie.kirimia@example.com"
"Rwanda","RW","Nesta, Tami","United Technologies Corporation","867","Nesta","555-174-328","1960","Purchasing","Tami","tami.nesta@example.com"
"Saint Vincent and the Grenadines","VC","Gracia, Galven","American Greetings Corporation","59","Gracia","555-357-929","1961","Engineering","Galven","galven.gracia@example.com"
"Saint Helena, Ascension and Tristan da Cunha","SH","Freudberg, Bing","Kelly Services Inc.","464","Freudberg","555-472-8640","1962","IT Support","Bing","bing.freudberg@example.com"
"Bulgaria","BG","Meaghan, Ronda","Pier 1 Imports Inc.","662","Meaghan","555-907-9508","1963","IT Support","Ronda","ronda.meaghan@example.com"
"Saint Kitts and Nevis","KN","Delmore, Kearney","AOL Time Warner Inc.","76","Delmore","555-443-2051","1964","Accounting","Kearney","kearney.delmore@example.com"
"Botswana","BW","Goulder, Mildrid","U.S. Industries Inc.","854","Goulder","555-747-5334","1965","Investing","Mildrid","mildrid.goulder@example.com"
"Saint Barthélemy","BL","Behah, Merl","St. Paul Cos.","785","Behah","555-143-3803","1966","Production","Merl","merl.behah@example.com"
"Mali","ML","Matteo, Tabbi","Allegheny Energy, Inc.","37","Matteo","555-244-2791","1967","Operations","Tabbi","tabbi.matteo@example.com"
"Italy","IT","Lamb, Sarena","Zions Bancorporation","946","Lamb","555-311-649","1968","Business Development","Sarena","sarena.lamb@example.com"
"Austria","AT","As, Jeri","Genzyme Corporation","371","As","555-987-737","1969","Production","Jeri","jeri.as@example.com"
"British Virgin Islands","VG","Greene, Elinore","Lennar Corporation","490","Greene","555-982-1475","1970","Production","Elinore","elinore.greene@example.com"
"Denmark","DK","Gustafsson, Jorry","Earthlink, Inc.","286","Gustafsson","555-623-8379","1971","IT Support","Jorry","jorry.gustafsson@example.com"
"Hungary","HU","Sisson, Annabela","Republic Services Inc","716","Sisson","555-680-2815","1972","Production","Annabela","annabela.sisson@example.com"
"Vietnam","VN","Ciro, Rocky","Stein Mart Inc","796","Ciro","555-190-6027","1973","Customer Service","Rocky","rocky.ciro@example.com"
"Panama","PA","Pulsifer, Aindrea","Citigroup, Inc","195","Pulsifer","555-157-4740","1974","Engineering","Aindrea","aindrea.pulsifer@example.com"
"Guatemala","GT","Bobina, Marthena","Sun Microsystems Inc.","803","Bobina","555-136-4772","1975","Licensing","Marthena","marthena.bobina@example.com"
"Moldova","MD","Swanhildas, Edd","Union Pacific Corporation","858","Swanhildas","555-642-7457","1976","Business Development","Edd","edd.swanhildas@example.com"
"Bulgaria","BG","Kulda, Anallise","NTL Incorporated","599","Kulda","555-635-5427","1977","Insurance","Anallise","anallise.kulda@example.com"
"Curaçao","CW","Constantina, Scarlet","Broadwing, Inc.","148","Constantina","555-615-3885","1978","Sales","Scarlet","scarlet.constantina@example.com"
"Western Sahara","EH","Hochman, Nell","Systemax Inc.","812","Hochman","555-493-3322","1979","Insurance","Nell","nell.hochman@example.com"
"Guinea-Bissau","GW","Hylton, Gustav","GenCorp Inc.","360","Hylton","555-935-152","1980","Licensing","Gustav","gustav.hylton@example.com"
"Hong Kong","HK","Alveta, Patricia","Carpenter Technology Corp.","167","Alveta","555-259-3462","1981","Sales","Patricia","patricia.alveta@example.com"
"Bosnia and Herzegovina","BA","Hamid, Kerk","Gold Kist Inc.","375","Hamid","555-750-2521","1982","Investing","Kerk","kerk.hamid@example.com"
"Russia","RU","Vachil, Bernete","Lands' End Inc.","483","Vachil","555-270-7939","1983","Investing","Bernete","bernete.vachil@example.com"
"Palau","PW","Telfore, Burg","Sanmina-SCI Inc","738","Telfore","555-401-3377","1984","IT Support","Burg","burg.telfore@example.com"
"Venezuela","VE","Adoree, Ozzie","Hartford Financial Services Group Inc.","399","Adoree","555-194-3319","1985","Operations","Ozzie","ozzie.adoree@example.com"
"East Timor","TL","Eli, Bogart","The May Department Stores Company","531","Eli","555-726-3205","1986","Business Development","Bogart","bogart.eli@example.com"
"Ghana","GH","Bensen, Christoforo","Corning Inc.","233","Bensen","555-115-6441","1987","Licensing","Christoforo","christoforo.bensen@example.com"
"Fiji","FJ","Pani, Abagail","National Commerce Financial Corporation","571","Pani","555-606-1549","1988","Business Development","Abagail","abagail.pani@example.com"
"Benin","BJ","Dewain, Fremont","Western Gas Resources Inc","920","Dewain","555-972-2935","1989","Operations","Fremont","fremont.dewain@example.com"
"Portugal","PT","Rentsch, Ilyse","DTE Energy Co.","277","Rentsch","555-953-8139","1990","Operations","Ilyse","ilyse.rentsch@example.com"
"Kenya","KE","Mohamed, Garold","Quintiles Transnational","702","Mohamed","555-752-8717","1991","Production","Garold","garold.mohamed@example.com"
"State of Palestine","PS","Renard, Garvey","AMERCO","51","Renard","555-517-1437","1992","Strategy","Garvey","garvey.renard@example.com"
"Bangladesh","BD","Margarida, Hillary","Bowater Incorporated","143","Margarida","555-437-409","1993","Operations","Hillary","hillary.margarida@example.com"
"Cyprus","CY","Garold, Cristi","ALLETE, Inc.","40","Garold","555-215-1118","1994","Distribution","Cristi","cristi.garold@example.com"
"Eritrea","ER","Longmire, Mattheus","Sempra Energy","751","Longmire","555-123-8038","1995","Distribution","Mattheus","mattheus.longmire@example.com"
"Pakistan","PK","Lala, Kiersten","PSS World Medical Inc","692","Lala","555-137-5140","1996","Legal","Kiersten","kiersten.lala@example.com"
"Somalia","SO","Caspar, Peter","Hillenbrand Industries Inc.","412","Caspar","555-713-9290","1997","Business Development","Peter","peter.caspar@example.com"
"Guatemala","GT","Damaris, Aldwin","Hewlett-Packard Company","410","Damaris","555-748-2590","1998","Engineering","Aldwin","aldwin.damaris@example.com"
"South Sudan","SS","Keese, Courtnay","Goodrich Corporation","379","Keese","555-189-1249","1999","Legal","Courtnay","courtnay.keese@example.com"
"Svalbard and Jan Mayen","SJ","Klos, Carlyle","OM Group Inc","613","Klos","555-694-9150","2000","Investing","Carlyle","carlyle.klos@example.com"
"Eritrea","ER","Suzanne, Justen","Beckman Coulter, Inc.","119","Suzanne","555-873-4599","2001","IT Support","Justen","justen.suzanne@example.com"
"Antarctica","AQ","Maddox, Emili","Deere & Company","253","Maddox","555-362-6664","2002","Research and Development","Emili","emili.maddox@example.com"
"New Caledonia","NC","Chandler, Filippo","American International Group, Inc.","60","Chandler","555-111-3463","2003","Research and Development","Filippo","filippo.chandler@example.com"
"French Southern and Antarctic Lands","TF","Judi, Winonah","Sprint Corp.","782","Judi","555-127-8328","2004","IT Support","Winonah","winonah.judi@example.com"
"Bahrain","BH","Sirotek, Muffin","Terex Corp","825","Sirotek","555-830-87","2005","Accounting","Muffin","muffin.sirotek@example.com"
"Slovakia","SK","Jamill, Whitney","AutoZone, Inc.","100","Jamill","555-689-3156","2006","Insurance","Whitney","whitney.jamill@example.com"
"Liberia","LR","Pitzer, Gregoire","Sierra Health Services Inc","759","Pitzer","555-781-8970","2007","Production","Gregoire","gregoire.pitzer@example.com"
"Northern Mariana Islands","MP","Mara, Sybille","Conoco Inc","221","Mara","555-250-5039","2008","Business Development","Sybille","sybille.mara@example.com"
"Finland","FI","Tartaglia, Yolane","J.P. Morgan Chase & Co.","451","Tartaglia","555-373-3036","2009","Investing","Yolane","yolane.tartaglia@example.com"
"Djibouti","DJ","Weight, Betta","Golden West Financial Corporation","377","Weight","555-261-5808","2010","Legal","Betta","betta.weight@example.com"
"Jordan","JO","Ivetts, Boyd","Sempra Energy","751","Ivetts","555-486-5738","2011","Licensing","Boyd","boyd.ivetts@example.com"
"Uganda","UG","Gunter, Arlan","NVR Inc","602","Gunter","555-505-6625","2012","Research and Development","Arlan","arlan.gunter@example.com"
"Uzbekistan","UZ","Dempstor, Irene","AMC Entertainment Inc.","48","Dempstor","555-175-2454","2013","Human Resources","Irene","irene.dempstor@example.com"
"Bouvet Island","BV","Barnet, Francyne","McKesson Corporation","537","Barnet","555-880-186","2014","Production","Francyne","francyne.barnet@example.com"
"Albania","AL","Arathorn, Paxon","Coventry Health Care Inc.","236","Arathorn","555-267-1026","2015","Engineering","Paxon","paxon.arathorn@example.com"
"Northern Mariana Islands","MP","Eliza, Philly","Pinnacle West Capital Corp","664","Eliza","555-647-9305","2016","IT Support","Philly","philly.eliza@example.com"
"Bonaire, Saint Eustatius and Saba","BQ","Giovanna, Barbara","Owens Corning","622","Giovanna","555-805-4755","2017","Production","Barbara","barbara.giovanna@example.com"
"Guyana","GY","Crescen, Jamal","Xilinx Inc","940","Crescen","555-950-5026","2018","Legal","Jamal","jamal.crescen@example.com"
"Portugal","PT","Moyna, Jeffry","The Neiman Marcus Group Inc.","579","Moyna","555-907-3816","2019","Production","Jeffry","jeffry.moyna@example.com"
"Turkey","TR","Dunlavy, Parsifal","Bausch & Lomb Incorporated","114","Dunlavy","555-971-6002","2020","Licensing","Parsifal","parsifal.dunlavy@example.com"
"San Marino","SM","Sajovich, Ennis","Grey Global Group Inc.","387","Sajovich","555-150-1208","2021","Human Resources","Ennis","ennis.sajovich@example.com"
"Togo","TG","Carey, Marja","Conoco Inc","221","Carey","555-729-2263","2022","Legal","Marja","marja.carey@example.com"
"Samoa","WS","Huey, Tobe","Universal Health Services Inc","872","Huey","555-365-3917","2023","Legal","Tobe","tobe.huey@example.com"
"Ethiopia","ET","Marilla, Alistair","Berkshire Hathaway Inc.","128","Marilla","555-334-5978","2024","Customer Service","Alistair","alistair.marilla@example.com"
"Suriname","SR","Maxine, Correy","Systemax Inc.","812","Maxine","555-101-5141","2025","Investing","Correy","correy.maxine@example.com"
"Panama","PA","Funda, Gannon","Tiffany & Co","832","Funda","555-719-6464","2026","Production","Gannon","gannon.funda@example.com"
"Kiribati","KI","Ibby, Hewet","Airgas, Inc.","30","Ibby","555-663-6711","2027","Research and Development","Hewet","hewet.ibby@example.com"
"Saint Barthélemy","BL","Ignatia, Vanni","Timken Company","833","Ignatia","555-693-3098","2028","Licensing","Vanni","vanni.ignatia@example.com"
"Romania","RO","Merc, Olia","Sherwin-Williams Company","756","Merc","555-450-9228","2029","IT Support","Olia","olia.merc@example.com"
"Bulgaria","BG","Brown, Al","La-Z-Boy Inc.","485","Brown","555-350-1236","2030","Human Resources","Al","al.brown@example.com"
"Kyrgyzstan","KG","Cavuoto, Pauly","ChevronTexaco Corp.","185","Cavuoto","555-393-8462","2031","Licensing","Pauly","pauly.cavuoto@example.com"
"Bahrain","BH","Almond, Catlaina","Aon Corporation","77","Almond","555-947-4554","2032","Marketing","Catlaina","catlaina.almond@example.com"
"Niue","NU","Meggs, Hattie","American Electric Power Company, Inc.","56","Meggs","555-284-9385","2033","Distribution","Hattie","hattie.meggs@example.com"
"Northern Mariana Islands","MP","Leffen, Maiga","MDU Resources Group Inc.","540","Leffen","555-796-3318","2034","Legal","Maiga","maiga.leffen@example.com"
"Brunei Darussalam","BN","Sussi, Cheri","MBNA Corporation","533","Sussi","555-407-287","2035","Operations","Cheri","cheri.sussi@example.com"
"Albania","AL","Bilicki, Ashby","Pep Boys Manny, Moe & Jack","641","Bilicki","555-455-3646","2036","Purchasing","Ashby","ashby.bilicki@example.com"
"Indonesia","ID","Hecker, Lucia","K-Mart Corp.","474","Hecker","555-575-396","2037","Licensing","Lucia","lucia.hecker@example.com"
"Dominica","DM","Lorrimor, Delmer","Quest Diagnostics Inc.","700","Lorrimor","555-282-6859","2038","Marketing","Delmer","delmer.lorrimor@example.com"
"Egypt","EG","Moureaux, Janenna","Pathmark Stores Inc.","633","Moureaux","555-465-645","2039","Insurance","Janenna","janenna.moureaux@example.com"
"Uganda","UG","Halonna, Panchito","Bank One Corporation","110","Halonna","555-367-9826","2040","Investing","Panchito","panchito.halonna@example.com"
"Djibouti","DJ","Efrem, Bartlett","A.G. Edwards Inc.","3","Efrem","555-747-2732","2041","Production","Bartlett","bartlett.efrem@example.com"
"Northern Mariana Islands","MP","Eleazar, Tad","Parker Hannifin Corp.","632","Eleazar","555-614-1595","2042","Engineering","Tad","tad.eleazar@example.com"
"Taiwan","TW","Waterer, Keeley","Wal-Mart Stores Inc","905","Waterer","555-202-6188","2043","Marketing","Keeley","keeley.waterer@example.com"
"Cuba","CU","Charry, Antonietta","Cablevision Systems Corp","158","Charry","555-637-7754","2044","Marketing","Antonietta","antonietta.charry@example.com"
"Cocos (Keeling) Islands","CC","Portland, Bernadene","National Service Industries Inc","576","Portland","555-883-3530","2045","Business Development","Bernadene","bernadene.portland@example.com"
"Saint Vincent and the Grenadines","VC","Prady, Carleen","Baker Hughes Incorporated","106","Prady","555-713-9212","2046","Human Resources","Carleen","carleen.prady@example.com"
"South Korea ","KR","Renate, Ruthie","Marriott International Inc.","519","Renate","555-511-3758","2047","Distribution","Ruthie","ruthie.renate@example.com"
"Macedonia","MK","Joann, Tadeas","Barnes & Noble, Inc.","113","Joann","555-558-7433","2048","Business Development","Tadeas","tadeas.joann@example.com"
"Ethiopia","ET","Errick, Patrizius","First American Financial Corp.","329","Errick","555-516-5318","2049","Engineering","Patrizius","patrizius.errick@example.com"
"India","IN","Davy, Sidney","Continental Airlines Inc.","227","Davy","555-592-4044","2050","Engineering","Sidney","sidney.davy@example.com"
"United States Virgin Islands","VI","Gussie, Carmelina","Phillips Van Heusen Corp.","660","Gussie","555-297-3313","2051","IT Support","Carmelina","carmelina.gussie@example.com"
"Sweden","SE","Gabbi, Adolpho","Precision Castparts Corp","679","Gabbi","555-685-144","2052","Production","Adolpho","adolpho.gabbi@example.com"
"Estonia","EE","Dallon, Antony","Torchmark Corporation","837","Dallon","555-698-9114","2053","IT Support","Antony","antony.dallon@example.com"
"Republic of the Congo","CG","Oswald, Ashia","Ace Hardware Corporation","7","Oswald","555-805-3265","2054","Production","Ashia","ashia.oswald@example.com"
"Tokelau","TK","Somerset, Adoree","Honeywell International Inc.","417","Somerset","555-396-4293","2055","Insurance","Adoree","adoree.somerset@example.com"
"Guatemala","GT","Cesar, Sindee","OfficeMax Inc","607","Cesar","555-762-8430","2056","Insurance","Sindee","sindee.cesar@example.com"
"Niue","NU","Perri, Benoite","Shopko Stores Inc","757","Perri","555-114-8370","2057","Legal","Benoite","benoite.perri@example.com"
"Jersey","JE","Shanan, Carmine","First Tennessee National Corp.","332","Shanan","555-487-2156","2058","Sales","Carmine","carmine.shanan@example.com"
"Cocos (Keeling) Islands","CC","Thain, Olly","Burlington Northern Santa Fe Corporation","155","Thain","555-221-804","2059","Marketing","Olly","olly.thain@example.com"
"Costa Rica","CR","Tildi, Suzie","John Hancock Financial Services Inc.","457","Tildi","555-867-7241","2060","Marketing","Suzie","suzie.tildi@example.com"
"Sao Tome and Principe","ST","Adolpho, Sindee","Universal Corporation","870","Adolpho","555-497-8100","2061","Licensing","Sindee","sindee.adolpho@example.com"
"Antarctica","AQ","Juetta, Angel","CBRL Group Inc.","170","Juetta","555-350-5221","2062","Engineering","Angel","angel.juetta@example.com"
"Seychelles","SC","Vivyan, Merell","PPG Industries Inc","676","Vivyan","555-240-4972","2063","Legal","Merell","merell.vivyan@example.com"
"Canada","CA","Simmie, Miof Mela","Smurfit-Stone Container Corp","767","Simmie","555-680-3706","2064","Accounting","Miof Mela","miof mela.simmie@example.com"
"Chile","CL","Ruthy, Horst","Belo Corp.","125","Ruthy","555-170-6279","2065","Distribution","Horst","horst.ruthy@example.com"
"Belarus","BY","Northington, Valma","Hovnanian Enterprises Inc.","421","Northington","555-701-203","2066","Human Resources","Valma","valma.northington@example.com"
"Sweden","SE","Puiia, Deck","Target Corp.","813","Puiia","555-968-607","2067","Human Resources","Deck","deck.puiia@example.com"
"Zimbabwe","ZW","Darryn, Tessa","Adolph Coors Company","15","Darryn","555-519-6477","2068","IT Support","Tessa","tessa.darryn@example.com"
"Slovenia","SI","Iey, Rog","Consolidated Freightways Corp.","223","Iey","555-585-4824","2069","Engineering","Rog","rog.iey@example.com"
"Turks and Caicos Islands","TC","Primalia, Kaleena","Gemstar-TV Guide International Inc.","359","Primalia","555-676-2295","2070","Distribution","Kaleena","kaleena.primalia@example.com"
"Anguilla","AI","Crutcher, Carly","Regions Financial Corp.","711","Crutcher","555-208-5795","2071","Insurance","Carly","carly.crutcher@example.com"
"Chad","TD","Phelps, Loni","Scana Corp.","741","Phelps","555-391-6165","2072","Business Development","Loni","loni.phelps@example.com"
"Anguilla","AI","Girardo, Eugine","Affiliated Computer Services, Inc.","22","Girardo","555-392-1107","2073","Accounting","Eugine","eugine.girardo@example.com"
"Liberia","LR","Robinson, Vail","The Alpine Group, Inc.","46","Robinson","555-509-6513","2074","Strategy","Vail","vail.robinson@example.com"
"Niue","NU","Aldus, Heidi","Adolph Coors Company","15","Aldus","555-448-3739","2075","Insurance","Heidi","heidi.aldus@example.com"
"Mongolia","MN","Maibach, Gannie","AFLAC Incorporated","23","Maibach","555-173-5184","2076","Licensing","Gannie","gannie.maibach@example.com"
"Japan","JP","Eckhardt, Ellwood","Mariner Health Care Inc.","517","Eckhardt","555-169-7200","2077","Research and Development","Ellwood","ellwood.eckhardt@example.com"
"Equatorial Guinea","GQ","Erland, Whitney","Aquila, Inc.","83","Erland","555-650-7667","2078","Operations","Whitney","whitney.erland@example.com"
"Chile","CL","Palla, Janeta","Northern Trust Corporation","594","Palla","555-121-2340","2079","Strategy","Janeta","janeta.palla@example.com"
"Iran","IR","Janiuszck, Jillayne","Best Buy Co., Inc.","129","Janiuszck","555-170-3888","2080","Operations","Jillayne","jillayne.janiuszck@example.com"
"Monaco","MC","Barrie, Berti","Unified Western Grocers Inc","857","Barrie","555-151-6440","2081","Licensing","Berti","berti.barrie@example.com"
"United Arab Emirates","AE","Nixon, Pail","Darden Restaurants Inc.","250","Nixon","555-687-5334","2082","Research and Development","Pail","pail.nixon@example.com"
"Haiti","HT","Korry, Rhys","Costco Wholesale Corp.","234","Korry","555-506-2501","2083","Accounting","Rhys","rhys.korry@example.com"
"Finland","FI","Vassar, Walden","Ryder System Inc","730","Vassar","555-286-1173","2084","Purchasing","Walden","walden.vassar@example.com"
"Cape Verde","CV","Aura, Laurice","Ferro Corp.","326","Aura","555-939-6264","2085","Engineering","Laurice","laurice.aura@example.com"
"Heard Island and McDonald Islands","HM","Wrand, Thornton","Devon Energy Corporation","259","Wrand","555-682-9613","2086","IT Support","Thornton","thornton.wrand@example.com"
"Saint Helena, Ascension and Tristan da Cunha","SH","Berey, Ephraim","Performance Food Group Co.","646","Berey","555-555-360","2087","Engineering","Ephraim","ephraim.berey@example.com"
"Switzerland","CH","Capp, Nels","Continental Airlines Inc.","227","Capp","555-632-4693","2088","Purchasing","Nels","nels.capp@example.com"
"Dominican Republic","DO","Odel, Ashby","Maxtor Corporation","529","Odel","555-777-9884","2089","Customer Service","Ashby","ashby.odel@example.com"
"Isle of Man","IM","Junette, Lazarus","Principal Financial Group Inc.","683","Junette","555-171-5330","2090","Human Resources","Lazarus","lazarus.junette@example.com"
"Mongolia","MN","Colene, Bendicty","AmerisourceBergen Corporation","63","Colene","555-112-1997","2091","Legal","Bendicty","bendicty.colene@example.com"
"Malaysia","MY","Hamlin, Harman","Lennox International Inc.","491","Hamlin","555-399-9552","2092","Customer Service","Harman","harman.hamlin@example.com"
"Slovakia","SK","Frederico, Carlyle","Prudential Financial Inc.","691","Frederico","555-153-4472","2093","Customer Service","Carlyle","carlyle.frederico@example.com"
"Antarctica","AQ","Jessika, Fawn","ITT Industries Inc.","447","Jessika","555-699-5507","2094","Engineering","Fawn","fawn.jessika@example.com"
"Luxembourg","LU","Airel, Ermin","W.R. Grace & Co","899","Airel","555-968-1085","2095","Human Resources","Ermin","ermin.airel@example.com"
"Myanmar","MM","Rheba, Holden","Gap Inc.","356","Rheba","555-931-6677","2096","Licensing","Holden","holden.rheba@example.com"
"Fiji","FJ","Rikki, Tressa","Sempra Energy","751","Rikki","555-140-2699","2097","Marketing","Tressa","tressa.rikki@example.com"
"Albania","AL","Blackburn, Rivkah","Parker Hannifin Corp.","632","Blackburn","555-679-5906","2098","IT Support","Rivkah","rivkah.blackburn@example.com"
"Qatar","QA","Charbonnier, Lou","Pulte Homes Inc","696","Charbonnier","555-333-6719","2099","Business Development","Lou","lou.charbonnier@example.com"
"Réunion","RE","Getraer, Nevil","Starbucks Corp","791","Getraer","555-310-2071","2100","IT Support","Nevil","nevil.getraer@example.com"
"Bonaire, Saint Eustatius and Saba","BQ","Palm, Bail","Navistar International Corporation","577","Palm","555-917-5222","2101","Operations","Bail","bail.palm@example.com"
"China","CN","Ilowell, Jarib","Alleghany Corporation","36","Ilowell","555-557-6117","2102","Research and Development","Jarib","jarib.ilowell@example.com"
"Montserrat","MS","Fin, Odille","National Commerce Financial Corporation","571","Fin","555-660-8391","2103","Insurance","Odille","odille.fin@example.com"
"Hong Kong","HK","Ruella, Frederich","MetLife Inc.","550","Ruella","555-969-509","2104","Accounting","Frederich","frederich.ruella@example.com"
"Guyana","GY","Middleton, Arlen","Oglethorpe Power Corp.","609","Middleton","555-182-6900","2105","Strategy","Arlen","arlen.middleton@example.com"
"Liberia","LR","Faubert, Titus","Forest Laboratories Inc.","347","Faubert","555-415-3203","2106","IT Support","Titus","titus.faubert@example.com"
"Marshall Islands","MH","Elberta, Dyna","Dollar Tree Stores, Inc.","267","Elberta","555-117-1301","2107","Marketing","Dyna","dyna.elberta@example.com"
"British Virgin Islands","VG","Aggie, Lianne","Williams Sonoma Inc","928","Aggie","555-830-1209","2108","Investing","Lianne","lianne.aggie@example.com"
"Macau","MO","Docila, Edik","Pfizer Inc","653","Docila","555-837-7022","2109","Human Resources","Edik","edik.docila@example.com"
"Bulgaria","BG","Templer, Earl","Flowers Foods Inc.","339","Templer","555-668-2570","2110","Marketing","Earl","earl.templer@example.com"
"Republic of the Congo","CG","Gilead, Sibylla","Yum Brands Inc.","944","Gilead","555-421-4115","2111","Purchasing","Sibylla","sibylla.gilead@example.com"
"Turkmenistan","TM","Theurich, Jami","Vulcan Materials Company","897","Theurich","555-246-9897","2112","Human Resources","Jami","jami.theurich@example.com"
"Malawi","MW","Raney, Saloma","Delphi Corp.","256","Raney","555-560-2362","2113","Marketing","Saloma","saloma.raney@example.com"
"British Virgin Islands","VG","Flan, Conni","Alberto-Culver Company","33","Flan","555-454-6866","2114","Licensing","Conni","conni.flan@example.com"
"Curaçao","CW","Nikola, Pen","Lands' End Inc.","483","Nikola","555-197-8820","2115","Marketing","Pen","pen.nikola@example.com"
"Liberia","LR","Saleem, Keelby","CVS Corp.","244","Saleem","555-859-1753","2116","Research and Development","Keelby","keelby.saleem@example.com"
"Cape Verde","CV","Neufer, Weber","American Express Company","57","Neufer","555-319-7486","2117","Production","Weber","weber.neufer@example.com"
"American Samoa","AS","Derayne, Cheston","Cadence Design Systems, Inc.","160","Derayne","555-668-7809","2118","Legal","Cheston","cheston.derayne@example.com"
"Thailand","TH","Blodgett, Georgetta","Golden State Bancorp Inc.","376","Blodgett","555-149-9860","2119","Sales","Georgetta","georgetta.blodgett@example.com"
"Guam","GU","An, Stacy","SunGard Data Systems Inc.","804","An","555-192-6679","2120","Distribution","Stacy","stacy.an@example.com"
"Albania","AL","Bryant, Lance","Ingram Micro Inc.","435","Bryant","555-733-8719","2121","Legal","Lance","lance.bryant@example.com"
"Uzbekistan","UZ","Margery, Calli","Corning Inc.","233","Margery","555-685-514","2122","Investing","Calli","calli.margery@example.com"
"Samoa","WS","Dulcine, Hadley","Kelly Services Inc.","464","Dulcine","555-770-2367","2123","Customer Service","Hadley","hadley.dulcine@example.com"
"United States Minor Outlying Islands","UM","Yoshio, Dahlia","Leggett & Platt Inc.","488","Yoshio","555-296-2974","2124","Human Resources","Dahlia","dahlia.yoshio@example.com"
"Dominica","DM","Boni, Felicle","AmerisourceBergen Corporation","63","Boni","555-633-7071","2125","Customer Service","Felicle","felicle.boni@example.com"
"Latvia","LV","Cattier, Katherine","Fluor Corp","341","Cattier","555-127-1439","2126","Strategy","Katherine","katherine.cattier@example.com"
"Netherlands","NL","Hayse, Maddy","Federal Mogul Corp.","322","Hayse","555-167-6337","2127","Research and Development","Maddy","maddy.hayse@example.com"
"Falkland Islands","FK","Erund, Burgess","Reebok International Ltd.","710","Erund","555-740-6794","2128","Production","Burgess","burgess.erund@example.com"
"Belize","BZ","Shotton, Shaw","Avista Corporation","103","Shotton","555-721-4250","2129","Investing","Shaw","shaw.shotton@example.com"
"Czech Republic","CZ","Jeni, Juliette","Honeywell International Inc.","417","Jeni","555-927-4962","2130","Operations","Juliette","juliette.jeni@example.com"
"Kyrgyzstan","KG","Mast, Fax","Unocal Corporation","873","Mast","555-875-1660","2131","Legal","Fax","fax.mast@example.com"
"Australia","AU","Latimore, Pryce","First American Financial Corp.","329","Latimore","555-221-5324","2132","Customer Service","Pryce","pryce.latimore@example.com"
"Cape Verde","CV","Samp, Kimberlyn","AFLAC Incorporated","23","Samp","555-870-1917","2133","Research and Development","Kimberlyn","kimberlyn.samp@example.com"
"Saint Barthélemy","BL","Surovy, Decca","Cadence Design Systems, Inc.","160","Surovy","555-744-5760","2134","Purchasing","Decca","decca.surovy@example.com"
"New Caledonia","NC","Kroo, Angelita","Constellation Emergy Group Inc.","226","Kroo","555-843-1988","2135","IT Support","Angelita","angelita.kroo@example.com"
"Grenada","GD","Pena, Luca","Mercury General Corporation","546","Pena","555-694-3817","2136","Human Resources","Luca","luca.pena@example.com"
"Curaçao","CW","Rustice, Geoffry","Rockwell Collins Inc","725","Rustice","555-957-806","2137","Legal","Geoffry","geoffry.rustice@example.com"
"Falkland Islands","FK","Virginia, Bryn","NorthWestern Corporation","596","Virginia","555-124-929","2138","Legal","Bryn","bryn.virginia@example.com"
"Norway","NO","Cyna, Deny","AK Steel Holding Corporation","31","Cyna","555-486-8491","2139","Production","Deny","deny.cyna@example.com"
"New Caledonia","NC","Uriah, Jeramie","Radio Shack Corporation","706","Uriah","555-233-6842","2140","Insurance","Jeramie","jeramie.uriah@example.com"
"Paraguay","PY","Mazonson, Harri","McDonald's Corporation","535","Mazonson","555-645-3443","2141","Engineering","Harri","harri.mazonson@example.com"
"South Georgia and the South Sandwich Island","GS","Bevan, Cathi","CDI Corp.","171","Bevan","555-597-9971","2142","Legal","Cathi","cathi.bevan@example.com"
"Bosnia and Herzegovina","BA","Gemoets, Kippie","Edison International","292","Gemoets","555-462-8523","2143","Sales","Kippie","kippie.gemoets@example.com"
"Norway","NO","Hallette, Sebastian","Comdisco Inc.","208","Hallette","555-578-5162","2144","Sales","Sebastian","sebastian.hallette@example.com"
"Norfolk Island","NF","Potter, Bevin","Temple-Inland Inc","821","Potter","555-437-3797","2145","Accounting","Bevin","bevin.potter@example.com"
"Tuvalu","TV","Rhoades, Stevy","Atmos Energy Corporation","95","Rhoades","555-456-3503","2146","Insurance","Stevy","stevy.rhoades@example.com"
"Hong Kong","HK","Cointon, Mead","Philip Morris Companies Inc.","658","Cointon","555-247-3569","2147","IT Support","Mead","mead.cointon@example.com"
"Gibraltar","GI","Glogau, Ursuline","Gap Inc.","356","Glogau","555-916-9179","2148","Customer Service","Ursuline","ursuline.glogau@example.com"
"Norway","NO","Valma, Jaquelyn","Republic Services Inc","716","Valma","555-451-722","2149","Operations","Jaquelyn","jaquelyn.valma@example.com"
"Palau","PW","Darb, Marji","Ashland Inc.","91","Darb","555-305-4893","2150","Licensing","Marji","marji.darb@example.com"
"Malta","MT","Catherina, Jacquetta","Caremark Rx Inc.","165","Catherina","555-480-8893","2151","Investing","Jacquetta","jacquetta.catherina@example.com"
"Guatemala","GT","Shaper, Hi","Manor Care Inc.","514","Shaper","555-989-4680","2152","Research and Development","Hi","hi.shaper@example.com"
"Georgia","GE","Kwok, Kira","Best Buy Co., Inc.","129","Kwok","555-100-4600","2153","Business Development","Kira","kira.kwok@example.com"
"Tunisia","TN","Longley, Langsdon","Mellon Financial Corporation","543","Longley","555-496-481","2154","Purchasing","Langsdon","langsdon.longley@example.com"
"French Guiana","GF","Freda, Kylynn","Nucor Corp","600","Freda","555-754-6413","2155","Marketing","Kylynn","kylynn.freda@example.com"
"Syria","SY","Seem, Julienne","ALLETE, Inc.","40","Seem","555-334-3654","2156","Insurance","Julienne","julienne.seem@example.com"
"Cuba","CU","Friedly, Nataline","NiSource Inc","587","Friedly","555-647-369","2157","Operations","Nataline","nataline.friedly@example.com"
"Poland","PL","Zelten, Rivy","Ryland Group Inc.","732","Zelten","555-984-7002","2158","Production","Rivy","rivy.zelten@example.com"
"Georgia","GE","Biamonte, Nicoli","Viad Corp","892","Biamonte","555-257-2245","2159","IT Support","Nicoli","nicoli.biamonte@example.com"
"Spain","ES","Coster, Teddy","TRW Inc","850","Coster","555-816-14","2160","Distribution","Teddy","teddy.coster@example.com"
"Peru","PE","Huskey, Suzann","TRW Inc","850","Huskey","555-867-7285","2161","Legal","Suzann","suzann.huskey@example.com"
"Montserrat","MS","Jeunesse, Amelia","Jefferson-Pilot Co.","456","Jeunesse","555-818-1869","2162","Human Resources","Amelia","amelia.jeunesse@example.com"
"Chile","CL","Madelyn, Mari","Swift Transportation, Co., Inc","808","Madelyn","555-747-5731","2163","Purchasing","Mari","mari.madelyn@example.com"
"Cuba","CU","Holden, Ami","Greif Bros. Corporation","386","Holden","555-733-1830","2164","Legal","Ami","ami.holden@example.com"
"Sint Maarten","SX","Ruella, Anica","Duke Energy Corp","279","Ruella","555-331-3206","2165","Insurance","Anica","anica.ruella@example.com"
"Libya","LY","Horton, Isidor","Georgia Gulf Corporation","372","Horton","555-763-2360","2166","Customer Service","Isidor","isidor.horton@example.com"
"Northern Mariana Islands","MP","Vizzone, Dorthea","Wal-Mart Stores Inc","905","Vizzone","555-611-7540","2167","Distribution","Dorthea","dorthea.vizzone@example.com"
"Afghanistan","AF","Launcelot, Margaretha","Lowe's Companies Inc.","504","Launcelot","555-446-2878","2168","IT Support","Margaretha","margaretha.launcelot@example.com"
"Guam","GU","Varini, Analise","Jack In The Box Inc.","453","Varini","555-279-1487","2169","Investing","Analise","analise.varini@example.com"
"Cyprus","CY","Jarib, Elene","Phoenix Companies Inc","661","Jarib","555-698-9120","2170","Distribution","Elene","elene.jarib@example.com"
"Austria","AT","Alver, Pavel","Consolidated Freightways Corp.","223","Alver","555-175-2687","2171","Production","Pavel","pavel.alver@example.com"
"Honduras","HN","Arlyne, Stanislaw","IMS Health Inc.","433","Arlyne","555-833-5721","2172","Purchasing","Stanislaw","stanislaw.arlyne@example.com"
"Cyprus","CY","Orsini, Shanan","OfficeMax Inc","607","Orsini","555-203-9819","2173","Sales","Shanan","shanan.orsini@example.com"
"Pitcairn Islands","PN","Brainard, Hamil","Southern Union Company","774","Brainard","555-342-4863","2174","Legal","Hamil","hamil.brainard@example.com"
"Antarctica","AQ","Seraphina, Hillyer","Ohio Casualty Corp.","610","Seraphina","555-899-3518","2175","Business Development","Hillyer","hillyer.seraphina@example.com"
"Chile","CL","Rosette, Aviva","Air Products and Chemicals, Inc.","28","Rosette","555-854-2810","2176","Legal","Aviva","aviva.rosette@example.com"
"Dominica","DM","Darleen, Gerhard","Gentek Inc.","367","Darleen","555-480-4991","2177","Distribution","Gerhard","gerhard.darleen@example.com"
"Marshall Islands","MH","Fawnia, Timoteo","Stanley Works","789","Fawnia","555-505-9522","2178","Sales","Timoteo","timoteo.fawnia@example.com"
"Kenya","KE","Adonis, Anthia","Anthem, Inc.","75","Adonis","555-854-3913","2179","Customer Service","Anthia","anthia.adonis@example.com"
"Rwanda","RW","Saunderson, Maddie","Protective Life Corp","688","Saunderson","555-384-2538","2180","Insurance","Maddie","maddie.saunderson@example.com"
"Nauru","NR","Seeto, Dianne","Express Scripts Inc.","317","Seeto","555-894-8464","2181","Accounting","Dianne","dianne.seeto@example.com"
"Netherlands","NL","Laurance, Danyelle","PNC Financial Services Group Inc.","669","Laurance","555-749-336","2182","Sales","Danyelle","danyelle.laurance@example.com"
"Brazil","BR","Rosamond, Lanna","Ciena Corp.","188","Rosamond","555-979-1501","2183","Sales","Lanna","lanna.rosamond@example.com"
"Jamaica","JM","Mulligan, Ali","HCA Inc.","402","Mulligan","555-724-884","2184","Engineering","Ali","ali.mulligan@example.com"
"Indonesia","ID","Norita, Theresa","Trinity Industries Inc","848","Norita","555-663-4650","2185","Legal","Theresa","theresa.norita@example.com"
"France","FR","Melita, Olag","Martin Marietta Materials Inc.","523","Melita","555-464-9379","2186","Investing","Olag","olag.melita@example.com"
"Svalbard and Jan Mayen","SJ","Ancalin, Bibby","Storage Technology Corporation","800","Ancalin","555-335-9908","2187","Licensing","Bibby","bibby.ancalin@example.com"
"French Polynesia","PF","Aman, Georges","Comverse Technology Inc.","217","Aman","555-250-7586","2188","Marketing","Georges","georges.aman@example.com"
"Gibraltar","GI","Mehta, Kissie","Kennametal Inc.","466","Mehta","555-232-1904","2189","Licensing","Kissie","kissie.mehta@example.com"
"Lebanon","LB","Emma, Marga","PNM Resources Inc","670","Emma","555-333-9701","2190","Human Resources","Marga","marga.emma@example.com"
"Bahrain","BH","Croix, Jami","Graybar Electric Company Inc.","382","Croix","555-782-2736","2191","Engineering","Jami","jami.croix@example.com"
"Finland","FI","Joelly, Herman","Cincinnati Financial Corp.","190","Joelly","555-300-8190","2192","IT Support","Herman","herman.joelly@example.com"
"Central African Republic","CF","Sezen, Iosep","Publix Super Markets Inc.","694","Sezen","555-629-7092","2193","Strategy","Iosep","iosep.sezen@example.com"
"Rwanda","RW","Chatterjee, Irving","Progress Energy Inc","686","Chatterjee","555-928-108","2194","Licensing","Irving","irving.chatterjee@example.com"
"Yemen","YE","Ardie, Abey","American Eagle Outfitters, Inc.","55","Ardie","555-497-9052","2195","Production","Abey","abey.ardie@example.com"
"British Indian Ocean Territory","IO","Quent, York","United Technologies Corporation","867","Quent","555-328-4885","2196","Research and Development","York","york.quent@example.com"
"Malawi","MW","Calore, Elfrieda","Nash Finch Company","569","Calore","555-527-1700","2197","Legal","Elfrieda","elfrieda.calore@example.com"
"Lithuania","LT","Darci, Kort","L-3 Communications Holdings Inc.","479","Darci","555-345-1124","2198","Marketing","Kort","kort.darci@example.com"
"Saudi Arabia","SA","Willa, Perkin","McLeodUSA Incorporated","538","Willa","555-694-8235","2199","Business Development","Perkin","perkin.willa@example.com"
"Maldives","MV","Dusa, Shelley","Stewart & Stevenson Services Inc","797","Dusa","555-236-3436","2200","Production","Shelley","shelley.dusa@example.com"
"Swaziland","SZ","Eldon, Anthea","Kimball International Inc.","470","Eldon","555-942-1251","2201","Customer Service","Anthea","anthea.eldon@example.com"
"Cameroon","CM","Hogen, Sibylle","AmerisourceBergen Corporation","63","Hogen","555-297-1743","2202","Marketing","Sibylle","sibylle.hogen@example.com"
"Equatorial Guinea","GQ","Milurd, Kalindi","Southern Union Company","774","Milurd","555-701-133","2203","Human Resources","Kalindi","kalindi.milurd@example.com"
"Northern Mariana Islands","MP","Tindall, Sax","The McGraw-Hill Companies Inc.","536","Tindall","555-326-9300","2204","Investing","Sax","sax.tindall@example.com"
"Poland","PL","Picker, Annis","Alberto-Culver Company","33","Picker","555-199-1414","2205","Customer Service","Annis","annis.picker@example.com"
"China","CN","Peugia, Marchall","Integrated Electrical Services Inc.","437","Peugia","555-743-3283","2206","Distribution","Marchall","marchall.peugia@example.com"
"Botswana","BW","Alroy, Valli","D.R. Horton Inc.","247","Alroy","555-122-4048","2207","Accounting","Valli","valli.alroy@example.com"
"Croatia","HR","Tamanaha, Goldarina","Lands' End Inc.","483","Tamanaha","555-969-3643","2208","Insurance","Goldarina","goldarina.tamanaha@example.com"
"Bolivia","BO","Darby, Burtie","Stein Mart Inc","796","Darby","555-790-5489","2209","Operations","Burtie","burtie.darby@example.com"
"San Marino","SM","Kwang, David","Cummins Inc.","243","Kwang","555-169-9453","2210","Licensing","David","david.kwang@example.com"
"Tunisia","TN","Iden, Kendra","Banta Corporation","112","Iden","555-295-3676","2211","Business Development","Kendra","kendra.iden@example.com"
"Peru","PE","Reyna, Robyn","Ivax Corp.","448","Reyna","555-619-3890","2212","Investing","Robyn","robyn.reyna@example.com"
"Ghana","GH","Rab, Catrina","Enron Corp.","305","Rab","555-161-8801","2213","Engineering","Catrina","catrina.rab@example.com"
"Iran","IR","Graniah, Roslyn","Level 3 Communications Inc.","492","Graniah","555-390-5963","2214","Customer Service","Roslyn","roslyn.graniah@example.com"
"Saint Martin","MF","Rizas, Lauree","Siebel Systems Inc","758","Rizas","555-941-4792","2215","Sales","Lauree","lauree.rizas@example.com"
"Tunisia","TN","Johnna, Martyn","Greif Bros. Corporation","386","Johnna","555-175-94","2216","Research and Development","Martyn","martyn.johnna@example.com"
"Macau","MO","Garrot, Lonnie","Golden State Bancorp Inc.","376","Garrot","555-214-9402","2217","Strategy","Lonnie","lonnie.garrot@example.com"
"Antigua and Barbuda","AG","Barris, Jessey","DynCorp","282","Barris","555-533-3165","2218","Sales","Jessey","jessey.barris@example.com"
"Poland","PL","Urban, Bryn","Applied Materials, Inc.","82","Urban","555-562-7299","2219","Legal","Bryn","bryn.urban@example.com"
"Samoa","WS","Thorpe, Sargent","Hawaiian Electric Industries Inc.","401","Thorpe","555-340-3431","2220","Sales","Sargent","sargent.thorpe@example.com"
"Latvia","LV","Hephzipa, Camel","Vectren Corporation","887","Hephzipa","555-891-6405","2221","Operations","Camel","camel.hephzipa@example.com"
"Saudi Arabia","SA","Saba, Lilla","The Bank of New York Company, Inc.","109","Saba","555-417-7548","2222","IT Support","Lilla","lilla.saba@example.com"
"El Salvador","SV","Jeralee, Javier","Knight-Ridder Inc.","475","Jeralee","555-638-7313","2223","Customer Service","Javier","javier.jeralee@example.com"
"Svalbard and Jan Mayen","SJ","Koeninger, Arley","Aon Corporation","77","Koeninger","555-377-1710","2224","Purchasing","Arley","arley.koeninger@example.com"
"Mexico","MX","Lovato, Perrine","Wendy's International Inc","916","Lovato","555-816-8845","2225","Accounting","Perrine","perrine.lovato@example.com"
"Venezuela","VE","Goodden, Talya","Paccar Inc","625","Goodden","555-501-5882","2226","Investing","Talya","talya.goodden@example.com"
"Micronesia","FM","Herta, Thomas","Hawaiian Electric Industries Inc.","401","Herta","555-898-2015","2227","Investing","Thomas","thomas.herta@example.com"
"Puerto Rico","PR","Torto, Silvio","IMS Health Inc.","433","Torto","555-974-6184","2228","Licensing","Silvio","silvio.torto@example.com"
"Nepal","NP","Bellina, Marvin","Dominion Resources, Inc.","268","Bellina","555-618-3064","2229","Strategy","Marvin","marvin.bellina@example.com"
"Saudi Arabia","SA","Drape, Adolf","Wallace Computer Services Inc","904","Drape","555-268-9866","2230","Marketing","Adolf","adolf.drape@example.com"
"Burundi","BI","George, Arte","R.J. Reynolds Tobacco Company","704","George","555-582-3673","2231","Production","Arte","arte.george@example.com"
"Belgium","BE","Berners, Clemmy","Milacron Inc.","557","Berners","555-856-4400","2232","Business Development","Clemmy","clemmy.berners@example.com"
"Belize","BZ","Cosme, Ashlin","Saks Inc","737","Cosme","555-330-32","2233","Marketing","Ashlin","ashlin.cosme@example.com"
"Gabon","GA","Nahshon, June","PPG Industries Inc","676","Nahshon","555-188-7033","2234","Strategy","June","june.nahshon@example.com"
"Cayman Islands Cayman Islands","KY","Posehn, Ian","Rockwell Automation Inc","724","Posehn","555-606-8978","2235","Purchasing","Ian","ian.posehn@example.com"
"Moldova","MD","Winson, Deloris","Phillips Petroleum Co","659","Winson","555-418-7887","2236","Engineering","Deloris","deloris.winson@example.com"
"Namibia","NA","Bridge, Naoma","Sabre Holdings Corp","733","Bridge","555-194-8657","2237","Distribution","Naoma","naoma.bridge@example.com"
"Australia","AU","Wendy, Kelbee","Applied Industrial Technologies, Inc.","81","Wendy","555-923-575","2238","Strategy","Kelbee","kelbee.wendy@example.com"
"Vatican City","VA","Rosenzweig, Abbye","CBRL Group Inc.","170","Rosenzweig","555-816-5501","2239","Human Resources","Abbye","abbye.rosenzweig@example.com"
"Iceland","IS","Madi, Marna","Quintiles Transnational","702","Madi","555-537-3043","2240","Human Resources","Marna","marna.madi@example.com"
"Belarus","BY","Warring, Priscella","TXU Corp","851","Warring","555-617-48","2241","Insurance","Priscella","priscella.warring@example.com"
"United States Virgin Islands","VI","Riha, Agnesse","RGS Energy Group Inc","718","Riha","555-701-9028","2242","Research and Development","Agnesse","agnesse.riha@example.com"
"Lithuania","LT","Haley, Barrie","Gillette Company","374","Haley","555-772-3244","2243","Human Resources","Barrie","barrie.haley@example.com"
"Yemen","YE","Lorusso, Freida","KeySpan Corp.","469","Lorusso","555-626-3217","2244","Sales","Freida","freida.lorusso@example.com"
"South Africa","ZA","Belva, Bron","Anixter International Inc.","73","Belva","555-532-8472","2245","Marketing","Bron","bron.belva@example.com"
"Sint Maarten","SX","Durkin, Damon","Pharmacia Corp","655","Durkin","555-951-8434","2246","Licensing","Damon","damon.durkin@example.com"
"Malawi","MW","Ade, Osmond","Countrywide Credit Industries Inc.","235","Ade","555-575-9876","2247","Human Resources","Osmond","osmond.ade@example.com"
"Equatorial Guinea","GQ","Cromwell, Charo","Avaya Inc.","101","Cromwell","555-823-2685","2248","Distribution","Charo","charo.cromwell@example.com"
"Barbados","BB","Bina, Eulalie","Reader's Digest Association Inc.","709","Bina","555-327-6172","2249","Strategy","Eulalie","eulalie.bina@example.com"
"Saint Vincent and the Grenadines","VC","Glantz, Auria","Sonoco Products Co.","772","Glantz","555-881-9718","2250","Human Resources","Auria","auria.glantz@example.com"
"Tokelau","TK","Malony, Janot","American Water Works Company, Inc.","62","Malony","555-312-8007","2251","Customer Service","Janot","janot.malony@example.com"
"Anguilla","AI","Philine, Dacy","New York Times Company","581","Philine","555-531-2835","2252","Human Resources","Dacy","dacy.philine@example.com"
"Mauritius","MU","Pachston, Bridget","Burlington Coat Factory Warehouse Corporation","153","Pachston","555-594-6970","2253","Accounting","Bridget","bridget.pachston@example.com"
"New Zealand","NZ","Spracklen, Ashien","Hillenbrand Industries Inc.","412","Spracklen","555-586-5502","2254","Sales","Ashien","ashien.spracklen@example.com"
"British Indian Ocean Territory","IO","Zakaria, Luciana","Foster Wheeler Ltd.","349","Zakaria","555-174-3545","2255","Licensing","Luciana","luciana.zakaria@example.com"
"Eritrea","ER","Mellette, Dasya","Toys 'R' Us Inc","840","Mellette","555-848-7583","2256","Purchasing","Dasya","dasya.mellette@example.com"
"Botswana","BW","Strohben, Cyndie","New York Times Company","581","Strohben","555-899-9430","2257","Engineering","Cyndie","cyndie.strohben@example.com"
"Nigeria","NG","Gernhard, Win","Volt Information Sciences Inc","896","Gernhard","555-402-1096","2258","IT Support","Win","win.gernhard@example.com"
"Svalbard and Jan Mayen","SJ","Chapnick, Tamas","ABM Industries Incorporated","6","Chapnick","555-910-5428","2259","Production","Tamas","tamas.chapnick@example.com"
"Mexico","MX","Selmore, Karlens","Eaton Corporation","289","Selmore","555-294-2986","2260","Customer Service","Karlens","karlens.selmore@example.com"
"India","IN","Francene, Ginnie","Schering-Plough Corp","742","Francene","555-517-9459","2261","Distribution","Ginnie","ginnie.francene@example.com"
"Montserrat","MS","Roybn, Elvera","Brown-Forman Corporation","150","Roybn","555-780-9678","2262","Distribution","Elvera","elvera.roybn@example.com"
"Réunion","RE","Babette, Odie","Shaw Group Inc","755","Babette","555-676-5255","2263","Business Development","Odie","odie.babette@example.com"
"China","CN","Domenech, Yolane","Dominion Resources, Inc.","268","Domenech","555-874-1705","2264","Accounting","Yolane","yolane.domenech@example.com"
"Lesotho","LS","Ryter, Carma","Sun Healthcare Group Inc.","802","Ryter","555-429-4845","2265","Human Resources","Carma","carma.ryter@example.com"
"Palau","PW","Tucker, Carmella","Charter Communications Inc.","183","Tucker","555-601-6988","2266","Strategy","Carmella","carmella.tucker@example.com"
"Sierra Leone","SL","Alikee, Heath","Questar Corp","701","Alikee","555-898-226","2267","Investing","Heath","heath.alikee@example.com"
"Saint Pierre and Miquelon","PM","Huxley, Fania","J.C. Penny Co.","450","Huxley","555-876-7724","2268","Strategy","Fania","fania.huxley@example.com"
"Democratic Republic of the Congo","CD","Verras, Justine","Washington Post Co.","909","Verras","555-766-6548","2269","Sales","Justine","justine.verras@example.com"
"Nigeria","NG","Floro, Hamlin","Pilgrim's Pride Corporation","663","Floro","555-539-1852","2270","Legal","Hamlin","hamlin.floro@example.com"
"Norfolk Island","NF","Kissner, Clerissa","Louisiana-Pacific Corporation","503","Kissner","555-958-795","2271","Research and Development","Clerissa","clerissa.kissner@example.com"
"Aruba","AW","Hyland, Leicester","KeyCorp","468","Hyland","555-972-6089","2272","Research and Development","Leicester","leicester.hyland@example.com"
"Yemen","YE","Gaskill, Laurens","Emerson Electric Co.","300","Gaskill","555-359-84","2273","Human Resources","Laurens","laurens.gaskill@example.com"
"Mozambique","MZ","Krug, Jakob","Sun Healthcare Group Inc.","802","Krug","555-530-8622","2274","Legal","Jakob","jakob.krug@example.com"
"Belgium","BE","Gylys, Royce","McDonald's Corporation","535","Gylys","555-830-8230","2275","Strategy","Royce","royce.gylys@example.com"
"Andorra","AD","Libove, Ree","Becton, Dickinson and Company","120","Libove","555-197-3711","2276","Engineering","Ree","ree.libove@example.com"
"Singapore","SG","Kirven, Claudie","Quantum Corp","699","Kirven","555-701-4963","2277","Operations","Claudie","claudie.kirven@example.com"
"Ecuador","EC","Skricki, Alyce","CH2M Hill Cos. Ltd.","179","Skricki","555-106-2916","2278","Production","Alyce","alyce.skricki@example.com"
"Kuwait","KW","Dimphia, Dannye","Rockwell Automation Inc","724","Dimphia","555-748-5734","2279","Investing","Dannye","dannye.dimphia@example.com"
"El Salvador","SV","Wilde, Brice","IDT Corporation","428","Wilde","555-401-5834","2280","Business Development","Brice","brice.wilde@example.com"
"Mozambique","MZ","Cherlyn, Deina","AK Steel Holding Corporation","31","Cherlyn","555-760-5911","2281","Business Development","Deina","deina.cherlyn@example.com"
"Belgium","BE","Audly, Damon","Farmland Industries Inc.","321","Audly","555-473-441","2282","Human Resources","Damon","damon.audly@example.com"
"Sao Tome and Principe","ST","Burkley, Walden","Graybar Electric Company Inc.","382","Burkley","555-331-1358","2283","Engineering","Walden","walden.burkley@example.com"
"Tonga","TO","Flynn, Brand","Omnicare Inc","614","Flynn","555-989-678","2284","Distribution","Brand","brand.flynn@example.com"
"Bahrain","BH","Hanae, Peta","Greif Bros. Corporation","386","Hanae","555-231-381","2285","Purchasing","Peta","peta.hanae@example.com"
"Poland","PL","Lelia, Tann","Rent A Center Inc","715","Lelia","555-906-6856","2286","Customer Service","Tann","tann.lelia@example.com"
"Falkland Islands","FK","Runstadler, Nial","Graybar Electric Company Inc.","382","Runstadler","555-122-6961","2287","Human Resources","Nial","nial.runstadler@example.com"
"Myanmar","MM","Tilford, Bald","Wal-Mart Stores Inc","905","Tilford","555-610-6398","2288","Research and Development","Bald","bald.tilford@example.com"
"Dominican Republic","DO","Converse, Felicity","Hartford Financial Services Group Inc.","399","Converse","555-738-4634","2289","Investing","Felicity","felicity.converse@example.com"
"Guadeloupe","GP","Northington, Tobey","Encompass Services Corporation","301","Northington","555-462-3655","2290","IT Support","Tobey","tobey.northington@example.com"
"Seychelles","SC","Goldshell, Zola","Safeway Inc","736","Goldshell","555-166-9655","2291","Production","Zola","zola.goldshell@example.com"
"Bangladesh","BD","Johnstone, Maribeth","MDU Resources Group Inc.","540","Johnstone","555-763-9460","2292","Strategy","Maribeth","maribeth.johnstone@example.com"
"Cambodia","KH","Calandra, Orly","Zale Corporation","945","Calandra","555-682-1714","2293","Investing","Orly","orly.calandra@example.com"
"Canada","CA","Orvas, Winny","Bemis Company, Inc.","126","Orvas","555-739-9585","2294","Engineering","Winny","winny.orvas@example.com"
"Sao Tome and Principe","ST","Beetner, Chad","Exelon Corporation","314","Beetner","555-900-5153","2295","Accounting","Chad","chad.beetner@example.com"
"Vietnam","VN","Hooper, Riccardo","LSI Logic Corporation","505","Hooper","555-562-7484","2296","Distribution","Riccardo","riccardo.hooper@example.com"
"Pakistan","PK","Cogan, Tallie","Amkor Technology, Inc.","66","Cogan","555-537-147","2297","Sales","Tallie","tallie.cogan@example.com"
"Montserrat","MS","Gratia, Olympia","Crown Cork & Seal Co. Inc.","240","Gratia","555-717-2217","2298","Distribution","Olympia","olympia.gratia@example.com"
"Japan","JP","Hussey, Vern","Coventry Health Care Inc.","236","Hussey","555-106-587","2299","Insurance","Vern","vern.hussey@example.com"
"Algeria","DZ","Felicidad, Ricki","NSTAR","598","Felicidad","555-618-727","2300","Distribution","Ricki","ricki.felicidad@example.com"
"French Polynesia","PF","Worsham, Chrotoem","E.I. Du Pont de Nemours and Company","278","Worsham","555-644-1486","2301","Human Resources","Chrotoem","chrotoem.worsham@example.com"
"Norway","NO","Singleton, Virgilio","Darden Restaurants Inc.","250","Singleton","555-130-3858","2302","Operations","Virgilio","virgilio.singleton@example.com"
"Saint Pierre and Miquelon","PM","Vina, Pavla","Hubbell Inc.","423","Vina","555-463-7669","2303","Accounting","Pavla","pavla.vina@example.com"
"Guyana","GY","Dressler, Sidonia","Landstar System Inc.","484","Dressler","555-335-3254","2304","Marketing","Sidonia","sidonia.dressler@example.com"
"Western Sahara","EH","Pellegrini, Christina","Shopko Stores Inc","757","Pellegrini","555-594-3780","2305","Production","Christina","christina.pellegrini@example.com"
"Mozambique","MZ","Tiena, Deane","World Fuel Services Corporation","932","Tiena","555-635-8957","2306","Customer Service","Deane","deane.tiena@example.com"
"South Georgia and the South Sandwich Island","GS","Clintock, Tamar","Goldman Sachs Group Inc.","378","Clintock","555-711-1449","2307","Investing","Tamar","tamar.clintock@example.com"
"Ireland","IE","Meingolda, Mariejeanne","McCormick & Company Incorporated","534","Meingolda","555-543-9243","2308","Purchasing","Mariejeanne","mariejeanne.meingolda@example.com"
"Bonaire, Saint Eustatius and Saba","BQ","Zoes, Melli","The Men's Wearhouse Inc.","544","Zoes","555-732-9042","2309","Operations","Melli","melli.zoes@example.com"
"United States Virgin Islands","VI","Deuno, Sidonnie","AmerisourceBergen Corporation","63","Deuno","555-161-893","2310","Insurance","Sidonnie","sidonnie.deuno@example.com"
"United States Minor Outlying Islands","UM","Lashonda, Mallorie","Diebold Incorporated","262","Lashonda","555-960-9403","2311","Strategy","Mallorie","mallorie.lashonda@example.com"
"Austria","AT","Pearson, Ulick","Hilton Hotels Corp.","413","Pearson","555-348-9068","2312","Insurance","Ulick","ulick.pearson@example.com"
"Guernsey","GG","Gabor, Vanya","Pantry Inc","630","Gabor","555-658-9573","2313","Accounting","Vanya","vanya.gabor@example.com"
"Namibia","NA","Ernald, Michele","Foamex International Inc","343","Ernald","555-682-518","2314","IT Support","Michele","michele.ernald@example.com"
"Burkina Faso","BF","Ori, Aubry","FirstEnergy Corp.","333","Ori","555-429-7177","2315","Insurance","Aubry","aubry.ori@example.com"
"Mali","ML","Luanni, Cordie","PacifiCare Health Systems Inc","626","Luanni","555-401-3310","2316","Engineering","Cordie","cordie.luanni@example.com"
"Bonaire, Saint Eustatius and Saba","BQ","McFadden, Brnaby","Administaff, Inc.","13","McFadden","555-143-1569","2317","Purchasing","Brnaby","brnaby.mcfadden@example.com"
"Vanuatu","VU","Goldy, Dominik","Albertson's, Inc.","34","Goldy","555-226-4078","2318","Operations","Dominik","dominik.goldy@example.com"
"Ukraine","UA","Asabi, Karim","Tenet Healthcare Corporation","822","Asabi","555-904-8193","2319","Customer Service","Karim","karim.asabi@example.com"
"Ethiopia","ET","Staffard, Gamaliel","Bank One Corporation","110","Staffard","555-895-500","2320","Human Resources","Gamaliel","gamaliel.staffard@example.com"
"North Korea","KP","Forkey, Bertie","Trigon Healthcare Inc.","847","Forkey","555-876-7772","2321","Legal","Bertie","bertie.forkey@example.com"
"Algeria","DZ","Hama, Hunfredo","Alberto-Culver Company","33","Hama","555-180-6496","2322","Engineering","Hunfredo","hunfredo.hama@example.com"
"Svalbard and Jan Mayen","SJ","Harleigh, Sloan","Commercial Metals Co.","211","Harleigh","555-639-3946","2323","Sales","Sloan","sloan.harleigh@example.com"
"Guernsey","GG","Pinkerton, Bearnard","Sonoco Products Co.","772","Pinkerton","555-200-7748","2324","Production","Bearnard","bearnard.pinkerton@example.com"
"Japan","JP","Salazar, Lorena","Ecolab Inc.","291","Salazar","555-892-7263","2325","Licensing","Lorena","lorena.salazar@example.com"
"Saudi Arabia","SA","Alwin, Dru","A.G. Edwards Inc.","3","Alwin","555-162-5430","2326","Customer Service","Dru","dru.alwin@example.com"
"Rwanda","RW","Shaine, Reina","Delphi Corp.","256","Shaine","555-460-4913","2327","Engineering","Reina","reina.shaine@example.com"
"Nauru","NR","Herwick, Randene","Teleflex Incorporated","818","Herwick","555-599-8908","2328","Legal","Randene","randene.herwick@example.com"
"Slovenia","SI","Sheree, Gilemette","J.C. Penny Co.","450","Sheree","555-203-9993","2329","Investing","Gilemette","gilemette.sheree@example.com"
"American Samoa","AS","Schifra, Trudi","Healthsouth Corp","405","Schifra","555-190-2373","2330","Investing","Trudi","trudi.schifra@example.com"
"Ivory Coast ","CI","Corrianne, Ninon","Novellus Systems Inc","597","Corrianne","555-217-5418","2331","Investing","Ninon","ninon.corrianne@example.com"
"Belgium","BE","Sams, Bronson","CH2M Hill Cos. Ltd.","179","Sams","555-790-7119","2332","Business Development","Bronson","bronson.sams@example.com"
"American Samoa","AS","Bloomer, Sammie","The McGraw-Hill Companies Inc.","536","Bloomer","555-978-4236","2333","Operations","Sammie","sammie.bloomer@example.com"
"Vanuatu","VU","Diley, Hoyt","Pittston Brinks Group","667","Diley","555-870-6956","2334","Marketing","Hoyt","hoyt.diley@example.com"
"Costa Rica","CR","Gaye, Paulie","Phoenix Companies Inc","661","Gaye","555-682-1225","2335","Customer Service","Paulie","paulie.gaye@example.com"
"Nicaragua","NI","Kreager, Jacqui","Conectiv, Inc","220","Kreager","555-922-9552","2336","Strategy","Jacqui","jacqui.kreager@example.com"
"Sweden","SE","Sib, Ethan","Perot Systems Corp","649","Sib","555-764-5130","2337","Licensing","Ethan","ethan.sib@example.com"
"Nicaragua","NI","Rodolphe, Mead","Willamette Industries Inc.","926","Rodolphe","555-185-8221","2338","Production","Mead","mead.rodolphe@example.com"
"Jersey","JE","Cannice, Cynthia","Stewart & Stevenson Services Inc","797","Cannice","555-205-6300","2339","Insurance","Cynthia","cynthia.cannice@example.com"
"Tonga","TO","Dagny, Darryl","Synovus Financial Corp.","810","Dagny","555-183-2193","2340","Business Development","Darryl","darryl.dagny@example.com"
"Serbia","RS","O'Hara, Bamby","Primedia Inc","682","O'Hara","555-153-6886","2341","IT Support","Bamby","bamby.o'hara@example.com"
"Réunion","RE","Amii, Leighton","Tesoro Petroleum Corp.","826","Amii","555-605-1257","2342","Customer Service","Leighton","leighton.amii@example.com"
"Saint Helena, Ascension and Tristan da Cunha","SH","Soo, Tallia","Cenex Harvest States Cooperatives","175","Soo","555-403-2777","2343","Business Development","Tallia","tallia.soo@example.com"
"Latvia","LV","Adriane, Patrizius","IKON Office Solutions Inc.","429","Adriane","555-252-2276","2344","Production","Patrizius","patrizius.adriane@example.com"
"Turks and Caicos Islands","TC","Peterson, Dorry","Verizon Communications Inc","889","Peterson","555-638-43","2345","Business Development","Dorry","dorry.peterson@example.com"
"Macau","MO","Isis, Odele","Foamex International Inc","343","Isis","555-297-3261","2346","Research and Development","Odele","odele.isis@example.com"
"Philippines","PH","Kaitlyn, Stella","LSI Logic Corporation","505","Kaitlyn","555-918-4499","2347","Customer Service","Stella","stella.kaitlyn@example.com"
"Namibia","NA","Halette, Harold","United Auto Group Inc","862","Halette","555-526-8805","2348","Accounting","Harold","harold.halette@example.com"
"Qatar","QA","Denten, Viviyan","Stater Bros. Holdings Inc.","794","Denten","555-342-4872","2349","Customer Service","Viviyan","viviyan.denten@example.com"
"Venezuela","VE","Marx, Debor","Pier 1 Imports Inc.","662","Marx","555-722-7246","2350","Accounting","Debor","debor.marx@example.com"
"Argentina","AR","Olnay, Melony","UGI Corporation","856","Olnay","555-635-2269","2351","Legal","Melony","melony.olnay@example.com"
"French Polynesia","PF","Johannessen, Aluin","Freeport McMoran Copper & Gold Inc.","352","Johannessen","555-355-2608","2352","Production","Aluin","aluin.johannessen@example.com"
"Haiti","HT","Nile, Claybourne","Progressive Corporation","687","Nile","555-973-7357","2353","Purchasing","Claybourne","claybourne.nile@example.com"
"Vatican City","VA","Miner, Leone","Gentiva Health Services Inc.","368","Miner","555-205-8684","2354","Distribution","Leone","leone.miner@example.com"
"Taiwan","TW","Audrye, Rochella","Laboratory Corporation of America Holdings","480","Audrye","555-960-4745","2355","Business Development","Rochella","rochella.audrye@example.com"
"Martinique","MQ","Sprague, Janella","Packaging Corp. of America","627","Sprague","555-420-4713","2356","Sales","Janella","janella.sprague@example.com"
"Italy","IT","Jourdan, Hannie","Seaboard Corp","748","Jourdan","555-404-5748","2357","IT Support","Hannie","hannie.jourdan@example.com"
"Nicaragua","NI","Loftus, Wendell","Owens-Illinois Inc","623","Loftus","555-122-2239","2358","Marketing","Wendell","wendell.loftus@example.com"
"Botswana","BW","Castro, Philomena","Kelly Services Inc.","464","Castro","555-356-8132","2359","Licensing","Philomena","philomena.castro@example.com"
"United Arab Emirates","AE","Rubina, Guenna","Charming Shoppes Inc.","182","Rubina","555-946-8091","2360","Engineering","Guenna","guenna.rubina@example.com"
"Comoros","KM","Dosi, Stella","Shopko Stores Inc","757","Dosi","555-122-5355","2361","Business Development","Stella","stella.dosi@example.com"
"Nepal","NP","Deedee, Caro","FPL Group Inc.","350","Deedee","555-347-8209","2362","Strategy","Caro","caro.deedee@example.com"
"Denmark","DK","Coussoule, Kellyann","Dun & Bradstreet Inc.","280","Coussoule","555-390-2997","2363","Purchasing","Kellyann","kellyann.coussoule@example.com"
"Aruba","AW","Lewan, Winnie","Vishay Intertechnology Inc","894","Lewan","555-973-7562","2364","Licensing","Winnie","winnie.lewan@example.com"
"Iceland","IS","Denby, Melony","Amazon.com, Inc.","47","Denby","555-947-4009","2365","Strategy","Melony","melony.denby@example.com"
"Armenia","AM","Chambers, Brynn","Jacobs Engineering Group Inc.","454","Chambers","555-534-2176","2366","Marketing","Brynn","brynn.chambers@example.com"
"Monaco","MC","Calie, Avigdor","Nucor Corp","600","Calie","555-904-3491","2367","Marketing","Avigdor","avigdor.calie@example.com"
"Grenada","GD","Haldes, Bealle","Agway Inc.","26","Haldes","555-436-7445","2368","Licensing","Bealle","bealle.haldes@example.com"
"Panama","PA","Latashia, Roley","ALLTEL Corporation","45","Latashia","555-910-564","2369","Engineering","Roley","roley.latashia@example.com"
"France","FR","Winifred, Niel","Quantum Corp","699","Winifred","555-768-3536","2370","Distribution","Niel","niel.winifred@example.com"
"Ecuador","EC","Newmann, Ronnie","Edison International","292","Newmann","555-361-1371","2371","Research and Development","Ronnie","ronnie.newmann@example.com"
"Malawi","MW","Allsopp, Miller","Exide Technologies","315","Allsopp","555-594-9762","2372","Legal","Miller","miller.allsopp@example.com"
"Mongolia","MN","Wallace, Antonie","Airborne, Inc.","29","Wallace","555-933-7349","2373","Sales","Antonie","antonie.wallace@example.com"
"Gibraltar","GI","Ephrayim, Emanuele","United Technologies Corporation","867","Ephrayim","555-388-5544","2374","Strategy","Emanuele","emanuele.ephrayim@example.com"
"Laos","LA","Sherye, Jeremy","Tektronix Inc","817","Sherye","555-623-1533","2375","Sales","Jeremy","jeremy.sherye@example.com"
"Barbados","BB","Lombardi, Rachele","Allegheny Technologies Incorporated","38","Lombardi","555-697-8597","2376","Research and Development","Rachele","rachele.lombardi@example.com"
"Chad","TD","Honey, Liz","Computer Associates International Inc.","214","Honey","555-264-7256","2377","Distribution","Liz","liz.honey@example.com"
"Grenada","GD","Isidora, Hillary","GenCorp Inc.","360","Isidora","555-863-7867","2378","Marketing","Hillary","hillary.isidora@example.com"
"North Korea","KP","Domonic, Charlotte","Coventry Health Care Inc.","236","Domonic","555-337-195","2379","Engineering","Charlotte","charlotte.domonic@example.com"
"Réunion","RE","Leander, Henderson","UST Inc","882","Leander","555-610-5788","2380","Insurance","Henderson","henderson.leander@example.com"
"Mongolia","MN","Pros, Elvis","Whole Foods Market Inc","925","Pros","555-283-2865","2381","Legal","Elvis","elvis.pros@example.com"
"Bahamas","BS","Marieann, Dolf","Dover Corporation, Inc.","270","Marieann","555-471-9803","2382","Marketing","Dolf","dolf.marieann@example.com"
"Andorra","AD","Melva, Mel","US Oncology Inc","878","Melva","555-772-5654","2383","Accounting","Mel","mel.melva@example.com"
"Argentina","AR","Takeo, Corabel","Maxxam Inc.","530","Takeo","555-849-6735","2384","Investing","Corabel","corabel.takeo@example.com"
"Sao Tome and Principe","ST","Arnie, Irwin","Viasystems Group Inc","893","Arnie","555-268-5126","2385","Production","Irwin","irwin.arnie@example.com"
"Switzerland","CH","Griffis, Lorrin","Energizer Holdings Inc.","302","Griffis","555-886-2586","2386","Human Resources","Lorrin","lorrin.griffis@example.com"
"Botswana","BW","Tarsuss, Alene","Worthington Industries Inc","934","Tarsuss","555-744-1618","2387","Business Development","Alene","alene.tarsuss@example.com"
"Saint Martin","MF","Eadmund, Ysabel","Safeguard Scientifics Inc.","735","Eadmund","555-923-3660","2388","Customer Service","Ysabel","ysabel.eadmund@example.com"
"South Georgia and the South Sandwich Island","GS","Friederike, Gwendolin","Computer Associates International Inc.","214","Friederike","555-637-388","2389","Business Development","Gwendolin","gwendolin.friederike@example.com"
"Afghanistan","AF","Dasie, Kirby","The Lubrizol Corporation","507","Dasie","555-429-7635","2390","Distribution","Kirby","kirby.dasie@example.com"
"United States Minor Outlying Islands","UM","Heinrick, Abel","Dow Chemical Company","271","Heinrick","555-892-2278","2391","Engineering","Abel","abel.heinrick@example.com"
"Åland Islands","AX","Fini, Francisca","WESCO International Inc","918","Fini","555-834-640","2392","Licensing","Francisca","francisca.fini@example.com"
"Nigeria","NG","Lilyan, Ketty","Waste Management Inc","910","Lilyan","555-849-3156","2393","Distribution","Ketty","ketty.lilyan@example.com"
"Sri Lanka","LK","Yerga, Claudian","USG Corporation","881","Yerga","555-783-1376","2394","Sales","Claudian","claudian.yerga@example.com"
"Iran","IR","Della, Maren","Sara Lee Corp","739","Della","555-643-8864","2395","Marketing","Maren","maren.della@example.com"
"Eritrea","ER","Kenison, Carmencita","Alberto-Culver Company","33","Kenison","555-118-5571","2396","Engineering","Carmencita","carmencita.kenison@example.com"
"Guatemala","GT","Amelita, Renaud","Stryker Corp","801","Amelita","555-559-6574","2397","Customer Service","Renaud","renaud.amelita@example.com"
"British Indian Ocean Territory","IO","Sacken, Mariann","Applied Materials, Inc.","82","Sacken","555-650-8387","2398","Engineering","Mariann","mariann.sacken@example.com"
"Costa Rica","CR","Salesin, Robby","Waste Management Inc","910","Salesin","555-637-9820","2399","Licensing","Robby","robby.salesin@example.com"
"Jersey","JE","Vlada, Milo","Qwest Communications Intl Inc","703","Vlada","555-546-3190","2400","Accounting","Milo","milo.vlada@example.com"
"Turks and Caicos Islands","TC","Beverlee, Garth","Reader's Digest Association Inc.","709","Beverlee","555-347-6094","2401","Accounting","Garth","garth.beverlee@example.com"
"Kyrgyzstan","KG","Jew, Brennen","Airborne, Inc.","29","Jew","555-282-5999","2402","Business Development","Brennen","brennen.jew@example.com"
"Swaziland","SZ","Inglis, Eleni","Administaff, Inc.","13","Inglis","555-328-5889","2403","Sales","Eleni","eleni.inglis@example.com"
"Fiji","FJ","Pelage, Lewiss","Louisiana-Pacific Corporation","503","Pelage","555-639-1168","2404","Legal","Lewiss","lewiss.pelage@example.com"
"Moldova","MD","Atalie, Guthrie","Conseco Inc.","222","Atalie","555-230-3050","2405","Distribution","Guthrie","guthrie.atalie@example.com"
"Papua New Guinea","PG","Barnard, Melva","MGIC Investment Corporation","552","Barnard","555-147-7013","2406","Insurance","Melva","melva.barnard@example.com"
"Northern Mariana Islands","MP","Groark, Felicio","General Electric Company","363","Groark","555-941-8023","2407","Marketing","Felicio","felicio.groark@example.com"
"Maldives","MV","Cathey, Gilberte","Unitrin Inc","869","Cathey","555-862-4529","2408","Accounting","Gilberte","gilberte.cathey@example.com"
"Bahamas","BS","Corabel, Trumaine","K-Mart Corp.","474","Corabel","555-943-5215","2409","Legal","Trumaine","trumaine.corabel@example.com"
"Kenya","KE","Davie, Rica","Tellabs Inc.","820","Davie","555-374-3909","2410","Engineering","Rica","rica.davie@example.com"
"Faroe Islands","FO","Cherye, Terrel","Navistar International Corporation","577","Cherye","555-385-1468","2411","Licensing","Terrel","terrel.cherye@example.com"
"Saint Martin","MF","Ulrikaumeko, Terri","On Semiconductor Corp","616","Ulrikaumeko","555-763-3695","2412","Purchasing","Terri","terri.ulrikaumeko@example.com"
"Finland","FI","Violette, Niki","Brown-Forman Corporation","150","Violette","555-992-5644","2413","Insurance","Niki","niki.violette@example.com"
"Saint Martin","MF","Chilt, Briggs","Dow Chemical Company","271","Chilt","555-493-9299","2414","Sales","Briggs","briggs.chilt@example.com"
"Marshall Islands","MH","Timon, Hazlett","Quintiles Transnational","702","Timon","555-578-6527","2415","Sales","Hazlett","hazlett.timon@example.com"
"Estonia","EE","Calendra, Hanna","Varco International Inc","886","Calendra","555-820-55","2416","Licensing","Hanna","hanna.calendra@example.com"
"Bahamas","BS","Bellis, Vasily","Maxxam Inc.","530","Bellis","555-625-6840","2417","Distribution","Vasily","vasily.bellis@example.com"
"Guadeloupe","GP","Thanos, Selinda","Rent A Center Inc","715","Thanos","555-843-7850","2418","Legal","Selinda","selinda.thanos@example.com"
"Guyana","GY","Sheply, Toby","TECO Energy Inc","815","Sheply","555-411-2087","2419","Licensing","Toby","toby.sheply@example.com"
"Oman","OM","Hinda, Willyt","Archer Daniels Midland Company","86","Hinda","555-994-4980","2420","Sales","Willyt","willyt.hinda@example.com"
"Pitcairn Islands","PN","Daniyal, Kippy","Wm Wrigley Jr Company","931","Daniyal","555-481-4913","2421","Investing","Kippy","kippy.daniyal@example.com"
"French Polynesia","PF","Rollet, Vikki","Fidelity National Financial Inc.","327","Rollet","555-338-2932","2422","Insurance","Vikki","vikki.rollet@example.com"
"Turkey","TR","Louise, Darby","Pepsi Bottling Group Inc.","643","Louise","555-468-6156","2423","Engineering","Darby","darby.louise@example.com"
"Faroe Islands","FO","Teahan, Aleda","Electronic Data Systems Corp.","296","Teahan","555-336-1044","2424","Legal","Aleda","aleda.teahan@example.com"
"Togo","TG","Langill, Alwyn","Administaff, Inc.","13","Langill","555-597-2623","2425","Research and Development","Alwyn","alwyn.langill@example.com"
"Cameroon","CM","Kemble, Franklin","Diebold Incorporated","262","Kemble","555-633-1586","2426","Accounting","Franklin","franklin.kemble@example.com"
"Puerto Rico","PR","Matilde, Osborn","Continental Airlines Inc.","227","Matilde","555-563-8919","2427","Engineering","Osborn","osborn.matilde@example.com"
"Luxembourg","LU","Paolina, Eldin","Occidental Petroleum Corp","604","Paolina","555-456-6777","2428","IT Support","Eldin","eldin.paolina@example.com"
"Liechtenstein","LI","Dulcinea, Maxi","Dun & Bradstreet Inc.","280","Dulcinea","555-557-8743","2429","Insurance","Maxi","maxi.dulcinea@example.com"
"United Kingdom","GB","Bedelia, Meyer","Walter Industries Inc","907","Bedelia","555-541-9292","2430","Business Development","Meyer","meyer.bedelia@example.com"
"Myanmar","MM","Feinstein, Halli","ABM Industries Incorporated","6","Feinstein","555-725-1810","2431","Legal","Halli","halli.feinstein@example.com"
"Bangladesh","BD","Chenee, Dulcia","RGS Energy Group Inc","718","Chenee","555-205-2198","2432","Strategy","Dulcia","dulcia.chenee@example.com"
"Belarus","BY","Trixy, Ulysses","Bank One Corporation","110","Trixy","555-260-5212","2433","Licensing","Ulysses","ulysses.trixy@example.com"
"Ethiopia","ET","Flss, Flynn","Ivax Corp.","448","Flss","555-618-7918","2434","Engineering","Flynn","flynn.flss@example.com"
"Bolivia","BO","Chee, Cameron","Office Depot Inc.","606","Chee","555-329-4295","2435","Sales","Cameron","cameron.chee@example.com"
"Fiji","FJ","Spurgeon, Stafani","Jack In The Box Inc.","453","Spurgeon","555-228-160","2436","Purchasing","Stafani","stafani.spurgeon@example.com"
"Greenland","GL","Sperling, Gavrielle","Aetna Inc.","21","Sperling","555-524-2932","2437","Investing","Gavrielle","gavrielle.sperling@example.com"
"Sao Tome and Principe","ST","Elsworth, Dennis","Textron Inc","829","Elsworth","555-727-2225","2438","Human Resources","Dennis","dennis.elsworth@example.com"
"Bahamas","BS","Durer, Bondy","Capital One Financial Corp.","163","Durer","555-403-9459","2439","IT Support","Bondy","bondy.durer@example.com"
"Kyrgyzstan","KG","Cacilia, Kippie","Allmerica Financial Corporation","43","Cacilia","555-163-3265","2440","Purchasing","Kippie","kippie.cacilia@example.com"
"United States Minor Outlying Islands","UM","Corene, Sandro","BellSouth Corporation","124","Corene","555-391-3761","2441","Legal","Sandro","sandro.corene@example.com"
"Tanzania","TZ","Dyun, Lindi","Owens-Illinois Inc","623","Dyun","555-656-5502","2442","Business Development","Lindi","lindi.dyun@example.com"
"Japan","JP","Idola, Clare","Toys 'R' Us Inc","840","Idola","555-200-4597","2443","Marketing","Clare","clare.idola@example.com"
"Japan","JP","Poore, Atalanta","Progressive Corporation","687","Poore","555-883-1103","2444","Licensing","Atalanta","atalanta.poore@example.com"
"Madagascar","MG","Weinert, Etan","Aon Corporation","77","Weinert","555-312-7689","2445","Sales","Etan","etan.weinert@example.com"
"Yemen","YE","Yasmeen, Marita","Lockheed Martin Corporation","500","Yasmeen","555-822-7031","2446","Operations","Marita","marita.yasmeen@example.com"
"Mongolia","MN","Karilynn, Ginnie","Mirant Corporation","559","Karilynn","555-985-8556","2447","Sales","Ginnie","ginnie.karilynn@example.com"
"United States Minor Outlying Islands","UM","Kremer, Wileen","Qualcomm Inc","697","Kremer","555-462-8644","2448","Accounting","Wileen","wileen.kremer@example.com"
"Western Sahara","EH","Nicolina, Hy","Honeywell International Inc.","417","Nicolina","555-866-6552","2449","Insurance","Hy","hy.nicolina@example.com"
"Kiribati","KI","Theurer, Celle","PeopleSoft Inc","640","Theurer","555-644-9384","2450","Production","Celle","celle.theurer@example.com"
"Malta","MT","Penelopa, Kasper","Bell Microproducts Inc.","123","Penelopa","555-848-4647","2451","Research and Development","Kasper","kasper.penelopa@example.com"
"Northern Mariana Islands","MP","McGannon, Starlene","CVS Corp.","244","McGannon","555-415-8524","2452","Research and Development","Starlene","starlene.mcgannon@example.com"
"Saint Martin","MF","Anderegg, Duncan","Advance Auto Parts, Inc.","16","Anderegg","555-625-6780","2453","Distribution","Duncan","duncan.anderegg@example.com"
"Spain","ES","Aldwon, Benny","Dow Jones & Company, Inc.","272","Aldwon","555-108-582","2454","Insurance","Benny","benny.aldwon@example.com"
"South Sudan","SS","Kyle, Annis","Air Products and Chemicals, Inc.","28","Kyle","555-535-5442","2455","Business Development","Annis","annis.kyle@example.com"
"Croatia","HR","Cohlette, Monika","Compass Bancshares Inc","213","Cohlette","555-706-4614","2456","Customer Service","Monika","monika.cohlette@example.com"
"Liberia","LR","Zoldi, Chrysler","SouthTrust Corp.","775","Zoldi","555-432-4947","2457","Sales","Chrysler","chrysler.zoldi@example.com"
"Myanmar","MM","Joya, Richard","StanCorp Financial Group Inc","787","Joya","555-789-4699","2458","Marketing","Richard","richard.joya@example.com"
"Belgium","BE","Nikos, Bidget","Freeport McMoran Copper & Gold Inc.","352","Nikos","555-134-6760","2459","Investing","Bidget","bidget.nikos@example.com"
"Svalbard and Jan Mayen","SJ","Spielman, Audry","Kindred Healthcare Inc.","472","Spielman","555-663-569","2460","Business Development","Audry","audry.spielman@example.com"
"Martinique","MQ","Gignac, Gunter","American Express Company","57","Gignac","555-340-2145","2461","Production","Gunter","gunter.gignac@example.com"
"Niue","NU","Huskamp, Felicle","Ceridian Corp.","178","Huskamp","555-419-4202","2462","Distribution","Felicle","felicle.huskamp@example.com"
"Austria","AT","Rodie, Jefferey","Anixter International Inc.","73","Rodie","555-884-2804","2463","Research and Development","Jefferey","jefferey.rodie@example.com"
"Aruba","AW","Abad, Dina","Johnson Controls Inc.","459","Abad","555-251-9429","2464","Purchasing","Dina","dina.abad@example.com"
"Jordan","JO","Ester, Tani","Jack In The Box Inc.","453","Ester","555-716-6224","2465","Investing","Tani","tani.ester@example.com"
"Azerbaijan","AZ","Aminta, Othella","ARAMARK Corporation","84","Aminta","555-316-9945","2466","Distribution","Othella","othella.aminta@example.com"
"Haiti","HT","Buerger, Reed","NVR Inc","602","Buerger","555-253-2237","2467","Human Resources","Reed","reed.buerger@example.com"
"Hungary","HU","Esther, Dirk","Charles Schwab Corp.","181","Esther","555-568-560","2468","Strategy","Dirk","dirk.esther@example.com"
"Andorra","AD","Athelstan, Mignonne","Paychex Inc","634","Athelstan","555-567-8084","2469","Production","Mignonne","mignonne.athelstan@example.com"
"Faroe Islands","FO","Prosser, Cloris","Consolidated Edison Inc.","224","Prosser","555-187-7035","2470","Purchasing","Cloris","cloris.prosser@example.com"
"Christmas Island","CX","Carmelina, Cassaundra","Weis Markets Inc.","913","Carmelina","555-914-3219","2471","IT Support","Cassaundra","cassaundra.carmelina@example.com"
"Åland Islands","AX","Felizio, Hazel","NorthWestern Corporation","596","Felizio","555-525-50","2472","Licensing","Hazel","hazel.felizio@example.com"
"Guam","GU","Fairley, Reilly","Conectiv, Inc","220","Fairley","555-691-9093","2473","Accounting","Reilly","reilly.fairley@example.com"
"Algeria","DZ","Hulen, Emmeline","OGE Energy Corp","608","Hulen","555-311-2788","2474","Engineering","Emmeline","emmeline.hulen@example.com"
"Latvia","LV","Ardelia, Lotti","US Airways Group Inc","877","Ardelia","555-442-9637","2475","Investing","Lotti","lotti.ardelia@example.com"
"Suriname","SR","Antons, Gavan","Park Place Entertainment Corp","631","Antons","555-785-5500","2476","Operations","Gavan","gavan.antons@example.com"
"Micronesia","FM","Jacquie, Dalenna","J.P. Morgan Chase & Co.","451","Jacquie","555-964-6255","2477","Sales","Dalenna","dalenna.jacquie@example.com"
"Greece","GR","Melar, Engelbert","Hasbro Inc.","400","Melar","555-157-3699","2478","Distribution","Engelbert","engelbert.melar@example.com"
"French Polynesia","PF","Haldeman, Benn","Applera Corporation","80","Haldeman","555-435-6900","2479","IT Support","Benn","benn.haldeman@example.com"
"Mali","ML","Thay, Colene","United Auto Group Inc","862","Thay","555-675-5769","2480","Accounting","Colene","colene.thay@example.com"
"Gibraltar","GI","Cower, Vitoria","Graybar Electric Company Inc.","382","Cower","555-928-9462","2481","Licensing","Vitoria","vitoria.cower@example.com"
"Myanmar","MM","Alderson, Cchaddie","CKE Restaurants Inc.","197","Alderson","555-314-2635","2482","Research and Development","Cchaddie","cchaddie.alderson@example.com"
"New Caledonia","NC","Wanfried, Janot","Abbott Laboratories","4","Wanfried","555-400-696","2483","Accounting","Janot","janot.wanfried@example.com"
"Bonaire, Saint Eustatius and Saba","BQ","Statis, Octavius","Vulcan Materials Company","897","Statis","555-177-7565","2484","IT Support","Octavius","octavius.statis@example.com"
"Saudi Arabia","SA","Mok, Marcelline","Home Depot Inc.","415","Mok","555-311-2285","2485","IT Support","Marcelline","marcelline.mok@example.com"
"Bahrain","BH","Casia, Luelle","Sierra Pacific Resources","760","Casia","555-537-8216","2486","Strategy","Luelle","luelle.casia@example.com"
"Saint Barthélemy","BL","Rochell, Jolee","Questar Corp","701","Rochell","555-680-8618","2487","Research and Development","Jolee","jolee.rochell@example.com"
"Venezuela","VE","Herries, Perla","US Airways Group Inc","877","Herries","555-743-6262","2488","Business Development","Perla","perla.herries@example.com"
"South Africa","ZA","Malachy, Morrie","Gateway Inc.","357","Malachy","555-776-756","2489","Production","Morrie","morrie.malachy@example.com"
"State of Palestine","PS","Lewin, Amargo","Publix Super Markets Inc.","694","Lewin","555-144-4502","2490","Licensing","Amargo","amargo.lewin@example.com"
"Serbia","RS","Aveline, Kerri","TravelCenters of America Inc.","844","Aveline","555-602-1359","2491","Purchasing","Kerri","kerri.aveline@example.com"
"Poland","PL","Brookhouse, Amberly","Tellabs Inc.","820","Brookhouse","555-515-2811","2492","Sales","Amberly","amberly.brookhouse@example.com"
"Bangladesh","BD","Burgwell, Nathanial","Consolidated Edison Inc.","224","Burgwell","555-940-7603","2493","Distribution","Nathanial","nathanial.burgwell@example.com"
"Qatar","QA","Vinia, Aline","Unified Western Grocers Inc","857","Vinia","555-509-6545","2494","Marketing","Aline","aline.vinia@example.com"
"Finland","FI","Diogenes, Teddy","Triad Hospitals Inc","845","Diogenes","555-286-6261","2495","Production","Teddy","teddy.diogenes@example.com"
"South Sudan","SS","Croft, Walsh","Weatherford International Inc","912","Croft","555-435-6694","2496","Insurance","Walsh","walsh.croft@example.com"
"Cyprus","CY","Wyly, Piggy","Cox Communications Inc.","237","Wyly","555-514-2489","2497","Business Development","Piggy","piggy.wyly@example.com"
"Lesotho","LS","Merry, Jsandye","Scholastic Corp","743","Merry","555-779-3070","2498","Engineering","Jsandye","jsandye.merry@example.com"
"Angola","AO","Gittle, Robinette","Millennium Chemicals Inc.","558","Gittle","555-300-3713","2499","Sales","Robinette","robinette.gittle@example.com"
"Qatar","QA","Prowel, Tannie","Express Scripts Inc.","317","Prowel","555-584-1814","2500","Engineering","Tannie","tannie.prowel@example.com"
"American Samoa","AS","Cleaves, Benji","Public Service Enterprise Group Inc.","693","Cleaves","555-985-95","2501","Research and Development","Benji","benji.cleaves@example.com"
"Burundi","BI","Lathan, Jeanie","Allegheny Energy, Inc.","37","Lathan","555-436-6669","2502","Distribution","Jeanie","jeanie.lathan@example.com"
"Nepal","NP","Chloe, Jedd","ARAMARK Corporation","84","Chloe","555-519-4283","2503","Insurance","Jedd","jedd.chloe@example.com"
"Ethiopia","ET","Alius, Sophey","IT Group Inc.","446","Alius","555-391-6537","2504","Sales","Sophey","sophey.alius@example.com"
"Cape Verde","CV","Selma, Antoni","Allmerica Financial Corporation","43","Selma","555-883-7460","2505","Sales","Antoni","antoni.selma@example.com"
"Moldova","MD","Reviel, Wileen","PNM Resources Inc","670","Reviel","555-457-3594","2506","Research and Development","Wileen","wileen.reviel@example.com"
"Libya","LY","Farro, Hall","J.P. Morgan Chase & Co.","451","Farro","555-178-6117","2507","Strategy","Hall","hall.farro@example.com"
"Honduras","HN","Settera, Kaela","Enterprise Products Partners L.P.","307","Settera","555-553-7953","2508","Purchasing","Kaela","kaela.settera@example.com"
"Myanmar","MM","Graybill, Kary","M & T Bank Corporation","510","Graybill","555-319-4686","2509","Customer Service","Kary","kary.graybill@example.com"
"Jordan","JO","Matthus, Kakalina","Charming Shoppes Inc.","182","Matthus","555-629-1351","2510","Purchasing","Kakalina","kakalina.matthus@example.com"
"Guinea-Bissau","GW","Keely, Hunter","Federal Express Corp.","324","Keely","555-928-1888","2511","Sales","Hunter","hunter.keely@example.com"
"Norfolk Island","NF","Orji, Reba","Raymond James Financial Inc.","707","Orji","555-611-5618","2512","Legal","Reba","reba.orji@example.com"
"Honduras","HN","Audry, Jena","Merrill Lynch & Co. Inc.","547","Audry","555-579-2992","2513","Operations","Jena","jena.audry@example.com"
"Pakistan","PK","Pelagi, Carter","Kemet Corp.","465","Pelagi","555-904-4454","2514","Research and Development","Carter","carter.pelagi@example.com"
"Jordan","JO","Lunetta, Tremain","IT Group Inc.","446","Lunetta","555-602-8313","2515","Production","Tremain","tremain.lunetta@example.com"
"Latvia","LV","Agnella, Kinny","Trinity Industries Inc","848","Agnella","555-659-2408","2516","Accounting","Kinny","kinny.agnella@example.com"
"Sweden","SE","Wendalyn, Deeann","American Water Works Company, Inc.","62","Wendalyn","555-790-1113","2517","Licensing","Deeann","deeann.wendalyn@example.com"
"Saint Pierre and Miquelon","PM","Coster, Rita","Mail-Well Inc.","512","Coster","555-217-4824","2518","Operations","Rita","rita.coster@example.com"
"Burundi","BI","Ulane, Silvio","Tenneco Automotive Inc.","823","Ulane","555-803-8874","2519","Accounting","Silvio","silvio.ulane@example.com"
"France","FR","Muslim, Justus","Qualcomm Inc","697","Muslim","555-212-7914","2520","Insurance","Justus","justus.muslim@example.com"
"Egypt","EG","Bendix, Francisco","MDU Resources Group Inc.","540","Bendix","555-484-7734","2521","Investing","Francisco","francisco.bendix@example.com"
"Jersey","JE","Callan, Jennica","Starbucks Corp","791","Callan","555-349-2739","2522","Sales","Jennica","jennica.callan@example.com"
"Tokelau","TK","Heger, Phillipe","Washington Mutual Inc","908","Heger","555-315-5303","2523","IT Support","Phillipe","phillipe.heger@example.com"
"Burkina Faso","BF","Orbadiah, Miguelita","Comdisco Inc.","208","Orbadiah","555-858-7783","2524","Sales","Miguelita","miguelita.orbadiah@example.com"
"Azerbaijan","AZ","Doll, Aubine","Exide Technologies","315","Doll","555-803-7738","2525","IT Support","Aubine","aubine.doll@example.com"
"Bahamas","BS","Amati, Raddy","Franklin Resources Inc.","351","Amati","555-850-6671","2526","Customer Service","Raddy","raddy.amati@example.com"
"Turks and Caicos Islands","TC","Aleris, Parnell","Barnes & Noble, Inc.","113","Aleris","555-329-6697","2527","Business Development","Parnell","parnell.aleris@example.com"
"Indonesia","ID","Hinman, Ritchie","Northern Trust Corporation","594","Hinman","555-732-8669","2528","Research and Development","Ritchie","ritchie.hinman@example.com"
"Monaco","MC","Veronike, Randal","Brown Shoe Company, Inc.","149","Veronike","555-310-1531","2529","Engineering","Randal","randal.veronike@example.com"
"Réunion","RE","Deborath, Corbin","WPS Resources Corporation","935","Deborath","555-300-9935","2530","IT Support","Corbin","corbin.deborath@example.com"
"Réunion","RE","Johna, Dorotea","Nike Inc","586","Johna","555-551-6535","2531","Strategy","Dorotea","dorotea.johna@example.com"
"Lesotho","LS","Yeo, Christos","E.W. Scripps Company","285","Yeo","555-483-5474","2532","Operations","Christos","christos.yeo@example.com"
"Senegal","SN","Janean, Adorne","Earthlink, Inc.","286","Janean","555-576-6912","2533","Human Resources","Adorne","adorne.janean@example.com"
"Turks and Caicos Islands","TC","Ashbaugh, Robbie","Corning Inc.","233","Ashbaugh","555-528-1229","2534","Legal","Robbie","robbie.ashbaugh@example.com"
"Cameroon","CM","Donnamarie, Skell","Eaton Corporation","289","Donnamarie","555-230-9797","2535","Production","Skell","skell.donnamarie@example.com"
"Eritrea","ER","Acherman, Jennie","Swift Transportation, Co., Inc","808","Acherman","555-898-4510","2536","Investing","Jennie","jennie.acherman@example.com"
"Georgia","GE","Hassi, Joan","Di Giorgio Corporation","260","Hassi","555-204-6008","2537","Distribution","Joan","joan.hassi@example.com"
"Eritrea","ER","Buckler, Barbi","Devon Energy Corporation","259","Buckler","555-424-7150","2538","Licensing","Barbi","barbi.buckler@example.com"
"Moldova","MD","Care, Dionisio","Kennametal Inc.","466","Care","555-491-5763","2539","Investing","Dionisio","dionisio.care@example.com"
"British Indian Ocean Territory","IO","Forland, Aurelea","Citigroup, Inc","195","Forland","555-779-7133","2540","Distribution","Aurelea","aurelea.forland@example.com"
"Mauritania","MR","Darla, Albert","Universal Corporation","870","Darla","555-422-2001","2541","Operations","Albert","albert.darla@example.com"
"Tunisia","TN","Jerry, Robert","SouthTrust Corp.","775","Jerry","555-160-8185","2542","Legal","Robert","robert.jerry@example.com"
"Uganda","UG","Rains, Roosevelt","Idacorp Inc.","427","Rains","555-701-6506","2543","Strategy","Roosevelt","roosevelt.rains@example.com"
"Zimbabwe","ZW","Triny, Ferdinand","Nucor Corp","600","Triny","555-595-4832","2544","Licensing","Ferdinand","ferdinand.triny@example.com"
"Taiwan","TW","Belen, Kort","American Water Works Company, Inc.","62","Belen","555-848-617","2545","Human Resources","Kort","kort.belen@example.com"
"Kazakhstan","KZ","Sancho, Darin","Western Gas Resources Inc","920","Sancho","555-933-6015","2546","Legal","Darin","darin.sancho@example.com"
"Ethiopia","ET","Buyer, Gabbi","Nordstrom Inc","589","Buyer","555-443-9708","2547","Strategy","Gabbi","gabbi.buyer@example.com"
"Sint Maarten","SX","Barty, Gael","McKesson Corporation","537","Barty","555-329-8171","2548","Licensing","Gael","gael.barty@example.com"
"Paraguay","PY","Meri, Cole","Golden West Financial Corporation","377","Meri","555-219-5381","2549","Accounting","Cole","cole.meri@example.com"
"Angola","AO","Deborah, Idalia","St. Paul Cos.","785","Deborah","555-560-408","2550","Sales","Idalia","idalia.deborah@example.com"
"Egypt","EG","Julieta, Ashien","Lyondell Chemical Company","509","Julieta","555-241-90","2551","Marketing","Ashien","ashien.julieta@example.com"
"British Virgin Islands","VG","Jerrie, Jody","Bristol-Myers Squibb Company","147","Jerrie","555-578-5939","2552","Strategy","Jody","jody.jerrie@example.com"
"Egypt","EG","Stephie, Siffre","Aquila, Inc.","83","Stephie","555-534-300","2553","Human Resources","Siffre","siffre.stephie@example.com"
"Iran","IR","Baalman, Carling","North Fork Bancorporation Inc","592","Baalman","555-431-3929","2554","Research and Development","Carling","carling.baalman@example.com"
"Greece","GR","Hashum, Grete","Golden State Bancorp Inc.","376","Hashum","555-106-8640","2555","Marketing","Grete","grete.hashum@example.com"
"Japan","JP","Roche, Fransisco","EMC Corporation","298","Roche","555-109-4867","2556","Investing","Fransisco","fransisco.roche@example.com"
"Madagascar","MG","Ramiah, Emlynne","Golden State Bancorp Inc.","376","Ramiah","555-940-7002","2557","Customer Service","Emlynne","emlynne.ramiah@example.com"
"Brazil","BR","Goebel, Aaren","Ashland Inc.","91","Goebel","555-617-1878","2558","Operations","Aaren","aaren.goebel@example.com"
"Tajikistan","TJ","Durant, Evelyn","KLA-Tencor Corporation","473","Durant","555-951-3487","2559","Production","Evelyn","evelyn.durant@example.com"
"Nigeria","NE","Enrika, Florette","Group 1 Automotive Inc.","388","Enrika","555-563-6327","2560","Operations","Florette","florette.enrika@example.com"
"South Korea ","KR","Girard, Berkeley","Snap-On Inc","768","Girard","555-136-8628","2561","Purchasing","Berkeley","berkeley.girard@example.com"
"Indonesia","ID","Clance, Blancha","Lennar Corporation","490","Clance","555-420-8420","2562","Business Development","Blancha","blancha.clance@example.com"
"El Salvador","SV","Champagne, Marty","DIMON Incorporated","264","Champagne","555-853-2104","2563","Insurance","Marty","marty.champagne@example.com"
"Liberia","LR","Lilah, Lola","Bausch & Lomb Incorporated","114","Lilah","555-685-5941","2564","Engineering","Lola","lola.lilah@example.com"
"Namibia","NA","Elaina, Claus","Questar Corp","701","Elaina","555-923-5928","2565","Operations","Claus","claus.elaina@example.com"
"Wallis and Futuna","WF","Poppo, Abagail","Beckman Coulter, Inc.","119","Poppo","555-395-9004","2566","Human Resources","Abagail","abagail.poppo@example.com"
"Burundi","BI","Baerl, Jonell","Reliant Energy Inc.","714","Baerl","555-659-512","2567","Strategy","Jonell","jonell.baerl@example.com"
"Gambia","GM","Keven, Debbie","Mellon Financial Corporation","543","Keven","555-439-3906","2568","Purchasing","Debbie","debbie.keven@example.com"
"Malawi","MW","Roderic, Michael","Quest Diagnostics Inc.","700","Roderic","555-154-1048","2569","Accounting","Michael","michael.roderic@example.com"
"New Caledonia","NC","Porush, Laurence","The AES Corporation","20","Porush","555-952-3245","2570","Legal","Laurence","laurence.porush@example.com"
"Faroe Islands","FO","Balfour, Rici","Edison International","292","Balfour","555-141-2491","2571","Investing","Rici","rici.balfour@example.com"
"Moldova","MD","Trotta, Zaccaria","Footstar Inc.","345","Trotta","555-941-2406","2572","Operations","Zaccaria","zaccaria.trotta@example.com"
"Palau","PW","Janek, Wendell","Visteon Corporation","895","Janek","555-377-2151","2573","Sales","Wendell","wendell.janek@example.com"
"Malaysia","MY","Goldfinch, Bryan","Diebold Incorporated","262","Goldfinch","555-441-4893","2574","Strategy","Bryan","bryan.goldfinch@example.com"
"Palau","PW","Wolk, Carla","Automatic Data Processing, Inc.","98","Wolk","555-148-1058","2575","Accounting","Carla","carla.wolk@example.com"
"Tuvalu","TV","Pelagia, Raddie","Masco Corporation","524","Pelagia","555-854-9493","2576","Purchasing","Raddie","raddie.pelagia@example.com"
"Åland Islands","AX","Enrico, Verla","Sequa Corp","752","Enrico","555-347-8680","2577","Sales","Verla","verla.enrico@example.com"
"Malta","MT","Pressman, Oliviero","State Street Corp.","793","Pressman","555-106-6562","2578","Insurance","Oliviero","oliviero.pressman@example.com"
"Saint Barthélemy","BL","Polloch, Hermine","Seaboard Corp","748","Polloch","555-746-9433","2579","Investing","Hermine","hermine.polloch@example.com"
"Guinea-Bissau","GW","Waynant, Yvor","Sonoco Products Co.","772","Waynant","555-665-8043","2580","Insurance","Yvor","yvor.waynant@example.com"
"Solomon Islands","SB","Tamarra, Beverley","Maytag Corporation","532","Tamarra","555-169-1866","2581","Purchasing","Beverley","beverley.tamarra@example.com"
"Saint Kitts and Nevis","KN","Shellans, Stevana","Williams Sonoma Inc","928","Shellans","555-553-1945","2582","Marketing","Stevana","stevana.shellans@example.com"
"Thailand","TH","Lello, Donella","Collins & Aikman Corp.","206","Lello","555-114-5615","2583","Strategy","Donella","donella.lello@example.com"
"Mauritania","MR","Harrison, Alexandre","Maxtor Corporation","529","Harrison","555-712-9855","2584","Operations","Alexandre","alexandre.harrison@example.com"
"Fiji","FJ","Maressa, Bethanne","Marsh & McLennan Companies Inc.","520","Maressa","555-102-2018","2585","Insurance","Bethanne","bethanne.maressa@example.com"
"Taiwan","TW","Kiersten, Genny","Becton, Dickinson and Company","120","Kiersten","555-783-1584","2586","Strategy","Genny","genny.kiersten@example.com"
"Christmas Island","CX","Midis, Geno","SouthTrust Corp.","775","Midis","555-913-6437","2587","Sales","Geno","geno.midis@example.com"
"Burkina Faso","BF","Correna, Margalo","Metris Companies Inc","551","Correna","555-941-2363","2588","Legal","Margalo","margalo.correna@example.com"
"Zambia","ZM","Zielsdorf, Johann","D.R. Horton Inc.","247","Zielsdorf","555-891-4177","2589","Engineering","Johann","johann.zielsdorf@example.com"
"Brazil","BR","Hestia, Hynda","Metaldyne Corporation","548","Hestia","555-736-7568","2590","Marketing","Hynda","hynda.hestia@example.com"
"Tajikistan","TJ","Nicks, Nicolas","Radio Shack Corporation","706","Nicks","555-399-7251","2591","IT Support","Nicolas","nicolas.nicks@example.com"
"Nepal","NP","Terrell, Shanna","Rohm & Haas Co.","726","Terrell","555-643-8066","2592","Distribution","Shanna","shanna.terrell@example.com"
"Bermuda","BM","Ely, Nedda","Comdisco Inc.","208","Ely","555-732-8276","2593","Operations","Nedda","nedda.ely@example.com"
"American Samoa","AS","Tildi, Rosemary","Pitney Bowes Inc.","666","Tildi","555-608-6638","2594","Strategy","Rosemary","rosemary.tildi@example.com"
"Guam","GU","Trini, Hyacinthie","Veritas Software Corporation","888","Trini","555-282-6603","2595","Sales","Hyacinthie","hyacinthie.trini@example.com"
"Bangladesh","BD","Neeoma, Yolanda","Constellation Brands Inc.","225","Neeoma","555-135-6810","2596","Sales","Yolanda","yolanda.neeoma@example.com"
"Tanzania","TZ","Latin, Galvin","Harrah's Entertainment Inc.","396","Latin","555-857-7217","2597","Investing","Galvin","galvin.latin@example.com"
"Guyana","GY","Doug, Madison","HCA Inc.","402","Doug","555-983-986","2598","Accounting","Madison","madison.doug@example.com"
"Myanmar","MM","Hennessey, Karina","Delphi Corp.","256","Hennessey","555-327-9848","2599","Strategy","Karina","karina.hennessey@example.com"
"Burkina Faso","BF","Britni, Garnette","Granite Construction Incorporated","381","Britni","555-117-4384","2600","Strategy","Garnette","garnette.britni@example.com"
"Paraguay","PY","Rorry, Clayton","Metaldyne Corporation","548","Rorry","555-745-2905","2601","Investing","Clayton","clayton.rorry@example.com"
"Senegal","SN","Checani, Kelsy","Stater Bros. Holdings Inc.","794","Checani","555-417-1845","2602","Investing","Kelsy","kelsy.checani@example.com"
"Democratic Republic of the Congo","CD","Win, Andres","Wakenhut Corporation","902","Win","555-452-3159","2603","Engineering","Andres","andres.win@example.com"
"Mali","ML","Shelia, Mahala","Raytheon Company","708","Shelia","555-409-5274","2604","Licensing","Mahala","mahala.shelia@example.com"
"Cayman Islands Cayman Islands","KY","Girovard, Noble","Telephone & Data Systems Inc","819","Girovard","555-338-55","2605","Strategy","Noble","noble.girovard@example.com"
"Heard Island and McDonald Islands","HM","Gurney, Vickie","Transocean Inc","843","Gurney","555-890-186","2606","Human Resources","Vickie","vickie.gurney@example.com"
"Burkina Faso","BF","Berrie, Sigmund","Raytheon Company","708","Berrie","555-796-2130","2607","Marketing","Sigmund","sigmund.berrie@example.com"
"Guinea-Bissau","GW","Linneman, Deane","American Electric Power Company, Inc.","56","Linneman","555-741-6223","2608","IT Support","Deane","deane.linneman@example.com"
"Denmark","DK","Hewet, Chaunce","International Business Machines Corp.","442","Hewet","555-518-7025","2609","Insurance","Chaunce","chaunce.hewet@example.com"
"Guadeloupe","GP","Lashondra, Heloise","Earthlink, Inc.","286","Lashondra","555-796-5546","2610","Human Resources","Heloise","heloise.lashondra@example.com"
"New Caledonia","NC","Andrews, Tate","ConAgra Foods Inc.","218","Andrews","555-801-5751","2611","Marketing","Tate","tate.andrews@example.com"
"Afghanistan","AF","Bisset, Quincey","Publix Super Markets Inc.","694","Bisset","555-390-1223","2612","Research and Development","Quincey","quincey.bisset@example.com"
"Tajikistan","TJ","Urba, Maje","Stewart Information Services Corp","798","Urba","555-554-9210","2613","Marketing","Maje","maje.urba@example.com"
"Romania","RO","Phillie, Caterina","JDS Uniphase Corp.","455","Phillie","555-317-8100","2614","Distribution","Caterina","caterina.phillie@example.com"
"French Guiana","GF","Esch, Derk","Systemax Inc.","812","Esch","555-100-2719","2615","Production","Derk","derk.esch@example.com"
"Cocos (Keeling) Islands","CC","Gusba, Obidiah","US Airways Group Inc","877","Gusba","555-189-2079","2616","Engineering","Obidiah","obidiah.gusba@example.com"
"Hong Kong","HK","Lalla, Kristo","GenCorp Inc.","360","Lalla","555-437-7477","2617","IT Support","Kristo","kristo.lalla@example.com"
"Guinea","GN","Celestyna, Jennilee","Dial Corporation","261","Celestyna","555-941-1821","2618","Customer Service","Jennilee","jennilee.celestyna@example.com"
"Cyprus","CY","Windy, Nollie","Airborne, Inc.","29","Windy","555-858-368","2619","Licensing","Nollie","nollie.windy@example.com"
"Croatia","HR","Hernandez, Kane","General Electric Company","363","Hernandez","555-523-1305","2620","Production","Kane","kane.hernandez@example.com"
"Christmas Island","CX","Vassili, Jacqueline","Maxxam Inc.","530","Vassili","555-367-1232","2621","Research and Development","Jacqueline","jacqueline.vassili@example.com"
"State of Palestine","PS","Eadwine, Emlynne","Sequa Corp","752","Eadwine","555-712-2975","2622","Insurance","Emlynne","emlynne.eadwine@example.com"
"Ghana","GH","Ellora, Lethia","GATX Corporation","358","Ellora","555-758-2268","2623","Operations","Lethia","lethia.ellora@example.com"
"Japan","JP","Hartzell, Brannon","CDI Corp.","171","Hartzell","555-330-8763","2624","Licensing","Brannon","brannon.hartzell@example.com"
"Benin","BJ","Beichner, Ola","Adelphia Communications Corporation","12","Beichner","555-266-4800","2625","Research and Development","Ola","ola.beichner@example.com"
"Cyprus","CY","Durer, Ernestine","CH2M Hill Cos. Ltd.","179","Durer","555-792-3864","2626","Customer Service","Ernestine","ernestine.durer@example.com"
"Armenia","AM","Fortunio, Corie","Sanmina-SCI Inc","738","Fortunio","555-188-3407","2627","Accounting","Corie","corie.fortunio@example.com"
"Peru","PE","Cammie, Iolande","Stater Bros. Holdings Inc.","794","Cammie","555-346-5215","2628","Engineering","Iolande","iolande.cammie@example.com"
"Montenegro","ME","Chloe, Geoff","Jefferson-Pilot Co.","456","Chloe","555-599-8751","2629","Licensing","Geoff","geoff.chloe@example.com"
"Uruguay","UY","Bartko, Krista","Charter One Financial Inc.","184","Bartko","555-154-16","2630","Sales","Krista","krista.bartko@example.com"
"Gibraltar","GI","Housen, Antonio","Omnicom Group","615","Housen","555-719-7757","2631","Human Resources","Antonio","antonio.housen@example.com"
"Brazil","BR","Wittenburg, Lesley","Dillard's Inc.","263","Wittenburg","555-703-8047","2632","Customer Service","Lesley","lesley.wittenburg@example.com"
"Bulgaria","BG","Mobley, Bibi","Administaff, Inc.","13","Mobley","555-352-859","2633","Accounting","Bibi","bibi.mobley@example.com"
"United Arab Emirates","AE","Millham, Jen","SPX Corp","783","Millham","555-920-9242","2634","Insurance","Jen","jen.millham@example.com"
"French Southern and Antarctic Lands","TF","Joby, Leeanne","CDW Computer Centers Inc.","172","Joby","555-834-2931","2635","Investing","Leeanne","leeanne.joby@example.com"
"Niue","NU","Estele, Jedd","Stewart & Stevenson Services Inc","797","Estele","555-908-8817","2636","Research and Development","Jedd","jedd.estele@example.com"
"Indonesia","ID","Londoner, Neron","McDonald's Corporation","535","Londoner","555-627-470","2637","Human Resources","Neron","neron.londoner@example.com"
"Kenya","KE","Nicholas, Aubrette","Spartan Stores Inc","779","Nicholas","555-423-6795","2638","Research and Development","Aubrette","aubrette.nicholas@example.com"
"Guatemala","GT","Joiner, Sheryl","Hovnanian Enterprises Inc.","421","Joiner","555-725-8232","2639","Marketing","Sheryl","sheryl.joiner@example.com"
"Nigeria","NG","Welles, Kimbell","Jefferson-Pilot Co.","456","Welles","555-910-7167","2640","Purchasing","Kimbell","kimbell.welles@example.com"
"Taiwan","TW","Uriiah, Dalis","Casey's General Stores Inc.","168","Uriiah","555-891-6280","2641","Business Development","Dalis","dalis.uriiah@example.com"
"Croatia","HR","Yun, Townsend","FMC Corp","342","Yun","555-760-8184","2642","Sales","Townsend","townsend.yun@example.com"
"Qatar","QA","Trubow, Xavier","Advantica Restaurant Group, Inc.","19","Trubow","555-538-3868","2643","IT Support","Xavier","xavier.trubow@example.com"
"Brunei Darussalam","BN","Mulcahy, Dayna","Silgan Holdings Inc.","761","Mulcahy","555-513-1073","2644","Marketing","Dayna","dayna.mulcahy@example.com"
"Poland","PL","Loggins, Paquito","CH2M Hill Cos. Ltd.","179","Loggins","555-677-4090","2645","Investing","Paquito","paquito.loggins@example.com"
"Saint Kitts and Nevis","KN","Sudderth, Kailey","The Allstate Corporation","44","Sudderth","555-459-2897","2646","Legal","Kailey","kailey.sudderth@example.com"
"British Indian Ocean Territory","IO","Cristen, Niki","Motorola Inc.","564","Cristen","555-187-4579","2647","Sales","Niki","niki.cristen@example.com"
"Kyrgyzstan","KG","Aretha, Ignacius","Mercury General Corporation","546","Aretha","555-493-8434","2648","Accounting","Ignacius","ignacius.aretha@example.com"
"Zambia","ZM","Ultima, Abe","On Semiconductor Corp","616","Ultima","555-731-7416","2649","Marketing","Abe","abe.ultima@example.com"
"Bolivia","BO","Chrissy, Adelina","Campbell Soup Co.","162","Chrissy","555-336-1025","2650","Marketing","Adelina","adelina.chrissy@example.com"
"Finland","FI","Keir, Pattin","Spherion Corp","780","Keir","555-183-2438","2651","Strategy","Pattin","pattin.keir@example.com"
"Pakistan","PK","Dwan, Shirl","FirstEnergy Corp.","333","Dwan","555-837-9577","2652","Research and Development","Shirl","shirl.dwan@example.com"
"Saint Helena, Ascension and Tristan da Cunha","SH","Karlens, Janaye","MasTec Inc.","526","Karlens","555-222-4647","2653","Legal","Janaye","janaye.karlens@example.com"
"Nigeria","NG","Wolfgram, Jessamyn","Wm Wrigley Jr Company","931","Wolfgram","555-214-1745","2654","Purchasing","Jessamyn","jessamyn.wolfgram@example.com"
"Costa Rica","CR","Gruber, Jarret","Charles Schwab Corp.","181","Gruber","555-843-381","2655","Investing","Jarret","jarret.gruber@example.com"
"Nauru","NR","Rhoda, Aurora","Maxim Integrated Products Inc.","528","Rhoda","555-110-1774","2656","Insurance","Aurora","aurora.rhoda@example.com"
"Northern Mariana Islands","MP","Leotie, Sal","J.P. Morgan Chase & Co.","451","Leotie","555-623-6663","2657","Human Resources","Sal","sal.leotie@example.com"
"Gambia","GM","Stephania, Melvyn","Hilton Hotels Corp.","413","Stephania","555-244-7122","2658","Engineering","Melvyn","melvyn.stephania@example.com"
"Tajikistan","TJ","Charita, Wendie","Advanced Micro Devices, Inc.","17","Charita","555-201-8996","2659","Production","Wendie","wendie.charita@example.com"
"India","IN","Veda, Shurlock","Nash Finch Company","569","Veda","555-871-4382","2660","Legal","Shurlock","shurlock.veda@example.com"
"Kenya","KE","Harte, Brenna","Payless Shoesource Inc","635","Harte","555-867-697","2661","Purchasing","Brenna","brenna.harte@example.com"
"Ethiopia","ET","Pen, Antonin","Ames Department Stores, Inc.","64","Pen","555-333-5375","2662","Accounting","Antonin","antonin.pen@example.com"
"Egypt","EG","Henig, Libbey","Union Pacific Corporation","858","Henig","555-324-3786","2663","IT Support","Libbey","libbey.henig@example.com"
"Haiti","HT","Kenon, Tabina","Equifax Inc.","309","Kenon","555-967-5188","2664","Human Resources","Tabina","tabina.kenon@example.com"
"Andorra","AD","Kentiga, Tito","DST Systems, Inc.","276","Kentiga","555-635-7810","2665","Licensing","Tito","tito.kentiga@example.com"
"Barbados","BB","Garfinkel, Kellen","Ryder System Inc","730","Garfinkel","555-932-8837","2666","Strategy","Kellen","kellen.garfinkel@example.com"
"Botswana","BW","Plafker, Bobby","Kohl's Corp.","476","Plafker","555-834-6647","2667","Marketing","Bobby","bobby.plafker@example.com"
"Uzbekistan","UZ","Averell, Patricia","DynCorp","282","Averell","555-865-7558","2668","Production","Patricia","patricia.averell@example.com"
"Germany","DE","Lenee, Quentin","Energy East Corporation","303","Lenee","555-157-1552","2669","Marketing","Quentin","quentin.lenee@example.com"
"Libya","LY","Grube, Jonathan","Nacco Industries Inc","568","Grube","555-916-9306","2670","Operations","Jonathan","jonathan.grube@example.com"
"Portugal","PT","Okun, Deina","Mail-Well Inc.","512","Okun","555-992-3928","2671","Accounting","Deina","deina.okun@example.com"
"Djibouti","DJ","Donelle, Tamera","The LTV Corporation","506","Donelle","555-222-4344","2672","Human Resources","Tamera","tamera.donelle@example.com"
"Japan","JP","Panter, Abran","Crane Co.","238","Panter","555-654-6316","2673","Business Development","Abran","abran.panter@example.com"
"French Polynesia","PF","Ki, Marlane","Ruddick Corp","729","Ki","555-741-4721","2674","Production","Marlane","marlane.ki@example.com"
"Iran","IR","Leighton, Jakie","Thomas & Betts Corporation","831","Leighton","555-492-8565","2675","Business Development","Jakie","jakie.leighton@example.com"
"Bonaire, Saint Eustatius and Saba","BQ","Cathe, Alric","Continental Airlines Inc.","227","Cathe","555-807-7960","2676","Business Development","Alric","alric.cathe@example.com"
"Myanmar","MM","Fullerton, Farah","Manpower Inc.","515","Fullerton","555-198-2922","2677","Insurance","Farah","farah.fullerton@example.com"
"Italy","IT","Farwell, Karil","Bank One Corporation","110","Farwell","555-291-1791","2678","Engineering","Karil","karil.farwell@example.com"
"Wallis and Futuna","WF","Sarina, Truman","Dover Corporation, Inc.","270","Sarina","555-874-7937","2679","Business Development","Truman","truman.sarina@example.com"
"Bonaire, Saint Eustatius and Saba","BQ","Giannini, Howie","Hasbro Inc.","400","Giannini","555-181-1293","2680","IT Support","Howie","howie.giannini@example.com"
"Greece","GR","Debora, Ciel","Old Republic International Corp.","611","Debora","555-181-6969","2681","Insurance","Ciel","ciel.debora@example.com"
"Bosnia and Herzegovina","BA","Trillby, Kandy","Commercial Metals Co.","211","Trillby","555-699-3563","2682","Business Development","Kandy","kandy.trillby@example.com"
"Saint Barthélemy","BL","Mata, Temp","Procter & Gamble Co.","684","Mata","555-813-1146","2683","Licensing","Temp","temp.mata@example.com"
"Kuwait","KW","Aekerly, Dru","Amazon.com, Inc.","47","Aekerly","555-332-8119","2684","Accounting","Dru","dru.aekerly@example.com"
"Sudan Sudan","SD","Preciosa, Hakim","Caterpillar Inc.","169","Preciosa","555-447-6260","2685","Legal","Hakim","hakim.preciosa@example.com"
"Romania","RO","Ermey, Hesther","Electronic Data Systems Corp.","296","Ermey","555-849-4436","2686","Distribution","Hesther","hesther.ermey@example.com"
"Antigua and Barbuda","AG","Cleodell, Dollie","C. H. Robinson Worldwide Inc.","157","Cleodell","555-150-2019","2687","Human Resources","Dollie","dollie.cleodell@example.com"
"Paraguay","PY","Elyssa, Raye","Home Depot Inc.","415","Elyssa","555-332-8348","2688","Customer Service","Raye","raye.elyssa@example.com"
"Kuwait","KW","Eisele, Guendolen","United Auto Group Inc","862","Eisele","555-344-9932","2689","IT Support","Guendolen","guendolen.eisele@example.com"
"Haiti","HT","Rauch, Mignonne","Quanta Services Inc.","698","Rauch","555-723-8961","2690","Insurance","Mignonne","mignonne.rauch@example.com"
"Åland Islands","AX","Zirkle, Winnifred","Best Buy Co., Inc.","129","Zirkle","555-360-2174","2691","Human Resources","Winnifred","winnifred.zirkle@example.com"
"Tanzania","TZ","Grissom, Deena","PPL Corp","677","Grissom","555-842-3655","2692","Legal","Deena","deena.grissom@example.com"
"Solomon Islands","SB","Eadmund, De","Weis Markets Inc.","913","Eadmund","555-963-9586","2693","Insurance","De","de.eadmund@example.com"
"Bermuda","BM","Shanie, Winna","Burlington Resources Inc.","156","Shanie","555-409-944","2694","Operations","Winna","winna.shanie@example.com"
"Macedonia","MK","Wynny, Hillier","Insight Enterprises Inc.","436","Wynny","555-591-3865","2695","Research and Development","Hillier","hillier.wynny@example.com"
"Philippines","PH","Nobell, Letizia","Ivax Corp.","448","Nobell","555-308-4350","2696","Legal","Letizia","letizia.nobell@example.com"
"Tonga","TO","Findley, Tess","A.G. Edwards Inc.","3","Findley","555-203-6063","2697","Sales","Tess","tess.findley@example.com"
"Madagascar","MG","Keeton, Kristos","Stilwell Financial Inc","799","Keeton","555-164-7428","2698","Strategy","Kristos","kristos.keeton@example.com"
"Belarus","BY","Gabi, Leonhard","Seaboard Corp","748","Gabi","555-298-2217","2699","Operations","Leonhard","leonhard.gabi@example.com"
"Jersey","JE","Warring, Kareem","Provident Financial Group","689","Warring","555-913-2223","2700","Accounting","Kareem","kareem.warring@example.com"
"Cuba","CU","Esdras, Alvina","Energy East Corporation","303","Esdras","555-589-6505","2701","Strategy","Alvina","alvina.esdras@example.com"
"Kazakhstan","KZ","Giselbert, Jarvis","Acterna Corp.","9","Giselbert","555-596-9301","2702","Customer Service","Jarvis","jarvis.giselbert@example.com"
"Sudan Sudan","SD","Thenna, Emerson","American International Group, Inc.","60","Thenna","555-340-9604","2703","Customer Service","Emerson","emerson.thenna@example.com"
"El Salvador","SV","Vanna, Alica","Harris Corp.","397","Vanna","555-606-4709","2704","Research and Development","Alica","alica.vanna@example.com"
"Oman","OM","Rabah, Haily","Herman Miller Inc.","408","Rabah","555-611-1918","2705","Distribution","Haily","haily.rabah@example.com"
"Antigua and Barbuda","AG","Rosenkrantz, Bendix","Wm Wrigley Jr Company","931","Rosenkrantz","555-431-7297","2706","Insurance","Bendix","bendix.rosenkrantz@example.com"
"South Georgia and the South Sandwich Island","GS","Margit, Thia","E.I. Du Pont de Nemours and Company","278","Margit","555-346-8197","2707","Operations","Thia","thia.margit@example.com"
"Pitcairn Islands","PN","Audsley, Andreas","Emcor Group Inc.","299","Audsley","555-855-4402","2708","Research and Development","Andreas","andreas.audsley@example.com"
"Guinea-Bissau","GW","Standish, Randee","Community Health Systems Inc.","212","Standish","555-735-9367","2709","Business Development","Randee","randee.standish@example.com"
"Ireland","IE","Alvy, Bradney","Compuware Corp.","216","Alvy","555-534-6725","2710","IT Support","Bradney","bradney.alvy@example.com"
"Kuwait","KW","Apollus, Corby","MPS Group Inc.","565","Apollus","555-118-7220","2711","Strategy","Corby","corby.apollus@example.com"
"Yemen","YE","Bunnie, Osmund","J.P. Morgan Chase & Co.","451","Bunnie","555-165-7147","2712","Operations","Osmund","osmund.bunnie@example.com"
"Netherlands","NL","Deming, Arnoldo","Affiliated Computer Services, Inc.","22","Deming","555-146-7746","2713","Investing","Arnoldo","arnoldo.deming@example.com"
"Italy","IT","Vastha, Jeanie","WorldCom Inc","933","Vastha","555-411-4003","2714","Marketing","Jeanie","jeanie.vastha@example.com"
"San Marino","SM","Sayette, Ryan","Dillard's Inc.","263","Sayette","555-486-2448","2715","Accounting","Ryan","ryan.sayette@example.com"
"Azerbaijan","AZ","Coffeng, Peyter","Viacom Inc","891","Coffeng","555-866-8489","2716","Customer Service","Peyter","peyter.coffeng@example.com"
"Oman","OM","Bailar, Sydelle","Beverly Enterprises, Inc.","131","Bailar","555-899-6572","2717","Strategy","Sydelle","sydelle.bailar@example.com"
"Croatia","HR","Fidellas, Celene","Republic Services Inc","716","Fidellas","555-235-6379","2718","Production","Celene","celene.fidellas@example.com"
"Brunei Darussalam","BN","Affer, Malachi","The Neiman Marcus Group Inc.","579","Affer","555-349-8713","2719","Business Development","Malachi","malachi.affer@example.com"
"Pitcairn Islands","PN","Pegg, Jarib","Unisys Corporation","861","Pegg","555-688-2100","2720","Operations","Jarib","jarib.pegg@example.com"
"United Kingdom","GB","Milon, Tildi","Tesoro Petroleum Corp.","826","Milon","555-495-4364","2721","Licensing","Tildi","tildi.milon@example.com"
"Argentina","AR","Hanfurd, Maye","Sierra Health Services Inc","759","Hanfurd","555-680-1388","2722","Legal","Maye","maye.hanfurd@example.com"
"Cayman Islands Cayman Islands","KY","Mllly, Hilde","Aon Corporation","77","Mllly","555-898-4704","2723","Legal","Hilde","hilde.mllly@example.com"
"Montserrat","MS","Fleeta, Janie","AMERCO","51","Fleeta","555-972-6745","2724","Legal","Janie","janie.fleeta@example.com"
"Brunei Darussalam","BN","Janean, Morey","Hormel Foods Corp.","418","Janean","555-306-6838","2725","Insurance","Morey","morey.janean@example.com"
"Indonesia","ID","Rogerio, Sher","JDS Uniphase Corp.","455","Rogerio","555-100-3529","2726","Marketing","Sher","sher.rogerio@example.com"
"French Polynesia","PF","Dianthe, Kennan","Marsh Supermarkets Inc.","521","Dianthe","555-390-8951","2727","Licensing","Kennan","kennan.dianthe@example.com"
"Turkey","TR","Furmark, Emmey","Nicor Inc","585","Furmark","555-330-1183","2728","Business Development","Emmey","emmey.furmark@example.com"
"Lebanon","LB","Irvine, Benedict","Dynegy Inc.","283","Irvine","555-637-8151","2729","Research and Development","Benedict","benedict.irvine@example.com"
"Myanmar","MM","Volding, Demetra","Alberto-Culver Company","33","Volding","555-544-5581","2730","Business Development","Demetra","demetra.volding@example.com"
"Nigeria","NG","Viguerie, Beatrisa","Qualcomm Inc","697","Viguerie","555-242-2614","2731","Insurance","Beatrisa","beatrisa.viguerie@example.com"
"Netherlands","NL","Colfin, Franni","Arch Coal, Inc.","85","Colfin","555-140-4881","2732","IT Support","Franni","franni.colfin@example.com"
"Mali","ML","Skurnik, Antonino","Oglethorpe Power Corp.","609","Skurnik","555-414-8845","2733","Accounting","Antonino","antonino.skurnik@example.com"
"Samoa","WS","Delphine, Ninon","Emerson Electric Co.","300","Delphine","555-991-6009","2734","Purchasing","Ninon","ninon.delphine@example.com"
"Sierra Leone","SL","Bev, Jean","Publix Super Markets Inc.","694","Bev","555-641-8675","2735","Sales","Jean","jean.bev@example.com"
"Tanzania","TZ","Clerissa, Krysta","Tech Data Corporation","814","Clerissa","555-653-406","2736","Customer Service","Krysta","krysta.clerissa@example.com"
"Botswana","BW","Kirsti, Lonnie","Old Republic International Corp.","611","Kirsti","555-615-8549","2737","Human Resources","Lonnie","lonnie.kirsti@example.com"
"Comoros","KM","Ky, Danette","AutoZone, Inc.","100","Ky","555-745-5260","2738","Human Resources","Danette","danette.ky@example.com"
"United States Minor Outlying Islands","UM","Wulfe, Loralie","Sealed Air Corp","749","Wulfe","555-376-9164","2739","Insurance","Loralie","loralie.wulfe@example.com"
"Argentina","AR","Vincents, Delmar","National Service Industries Inc","576","Vincents","555-768-5970","2740","Production","Delmar","delmar.vincents@example.com"
"Bouvet Island","BV","Raffaello, Bryna","Ryerson Tull Inc","731","Raffaello","555-466-9978","2741","Insurance","Bryna","bryna.raffaello@example.com"
"Cambodia","KH","Aveline, Hubey","Lucent Technologies Inc.","508","Aveline","555-325-5170","2742","Insurance","Hubey","hubey.aveline@example.com"
"Switzerland","CH","Lyssa, Andrea","Tecumseh Products Company","816","Lyssa","555-751-160","2743","Production","Andrea","andrea.lyssa@example.com"
"Uruguay","UY","Akers, Sunny","Reader's Digest Association Inc.","709","Akers","555-255-6297","2744","Purchasing","Sunny","sunny.akers@example.com"
"Nigeria","NE","Bucky, Ina","National Oilwell Inc","573","Bucky","555-419-6130","2745","Investing","Ina","ina.bucky@example.com"
"Yemen","YE","Riebling, Odilia","Kennametal Inc.","466","Riebling","555-113-2093","2746","Insurance","Odilia","odilia.riebling@example.com"
"Jamaica","JM","Tanya, Nathanil","United Auto Group Inc","862","Tanya","555-949-7330","2747","IT Support","Nathanil","nathanil.tanya@example.com"
"Tuvalu","TV","Crompton, Rick","Swift Transportation, Co., Inc","808","Crompton","555-105-6211","2748","Accounting","Rick","rick.crompton@example.com"
"Marshall Islands","MH","Finstad, Kenna","Golden State Bancorp Inc.","376","Finstad","555-807-7580","2749","Distribution","Kenna","kenna.finstad@example.com"
"Nigeria","NG","Manno, Alvira","Baxter International Inc.","115","Manno","555-362-1697","2750","Customer Service","Alvira","alvira.manno@example.com"
"Saint Pierre and Miquelon","PM","Nalda, Emmalynne","3M Company","2","Nalda","555-840-3226","2751","Production","Emmalynne","emmalynne.nalda@example.com"
"Tanzania","TZ","Oren, Adena","United Auto Group Inc","862","Oren","555-719-2452","2752","Customer Service","Adena","adena.oren@example.com"
"United States Minor Outlying Islands","UM","Deborath, Beatrice","Owens Corning","622","Deborath","555-200-2877","2753","Accounting","Beatrice","beatrice.deborath@example.com"
"Antigua and Barbuda","AG","Hahn, Jude","DIMON Incorporated","264","Hahn","555-143-484","2754","Investing","Jude","jude.hahn@example.com"
"Vatican City","VA","McMath, Chev","Equity Office Properties Trust","311","McMath","555-909-2082","2755","Business Development","Chev","chev.mcmath@example.com"
"French Guiana","GF","Lynda, Jammal","Tower Automotive Inc.","839","Lynda","555-647-4287","2756","Distribution","Jammal","jammal.lynda@example.com"
"Saint Vincent and the Grenadines","VC","Eliga, Lissi","Bowater Incorporated","143","Eliga","555-683-313","2757","Investing","Lissi","lissi.eliga@example.com"
"Seychelles","SC","Grantley, Vic","Caremark Rx Inc.","165","Grantley","555-354-6867","2758","Production","Vic","vic.grantley@example.com"
"Somalia","SO","Stockmon, Farica","Lexmark International Inc.","494","Stockmon","555-782-2657","2759","Strategy","Farica","farica.stockmon@example.com"
"Syria","SY","Snodgrass, Erie","ArvinMeritor, Inc.","90","Snodgrass","555-213-7937","2760","Research and Development","Erie","erie.snodgrass@example.com"
"French Southern and Antarctic Lands","TF","Luby, Brod","Scana Corp.","741","Luby","555-207-4536","2761","Investing","Brod","brod.luby@example.com"
"Kyrgyzstan","KG","Marlowe, Pierce","Darden Restaurants Inc.","250","Marlowe","555-833-2993","2762","Licensing","Pierce","pierce.marlowe@example.com"
"Gabon","GA","Neona, Jeniffer","Jabil Circuit Inc.","452","Neona","555-932-7801","2763","IT Support","Jeniffer","jeniffer.neona@example.com"
"Malta","MT","Clements, Alanna","Robert Half International Inc.","722","Clements","555-857-3212","2764","Legal","Alanna","alanna.clements@example.com"
"Bolivia","BO","Corvin, Homere","Principal Financial Group Inc.","683","Corvin","555-644-3156","2765","Distribution","Homere","homere.corvin@example.com"
"Finland","FI","Dale, Hallsy","Systemax Inc.","812","Dale","555-931-7433","2766","Sales","Hallsy","hallsy.dale@example.com"
"South Sudan","SS","Andeee, Jan","OGE Energy Corp","608","Andeee","555-339-7262","2767","Distribution","Jan","jan.andeee@example.com"
"Monaco","MC","Dorice, Xena","Di Giorgio Corporation","260","Dorice","555-947-2340","2768","Production","Xena","xena.dorice@example.com"
"Svalbard and Jan Mayen","SJ","Rodolfo, Renee","Ciena Corp.","188","Rodolfo","555-835-597","2769","Licensing","Renee","renee.rodolfo@example.com"
"Turkmenistan","TM","Knight, Mariejeanne","BMC Software, Inc.","137","Knight","555-934-8588","2770","Strategy","Mariejeanne","mariejeanne.knight@example.com"
"Tonga","TO","Bellina, Carley","Pactiv Corp","628","Bellina","555-759-4345","2771","Strategy","Carley","carley.bellina@example.com"
"Equatorial Guinea","GQ","Jack, Goldie","Berkshire Hathaway Inc.","128","Jack","555-359-4499","2772","Insurance","Goldie","goldie.jack@example.com"
"Nauru","NR","Otte, Klement","Ingles Market Inc","434","Otte","555-162-7782","2773","Strategy","Klement","klement.otte@example.com"
"Senegal","SN","Maidie, Callida","American Electric Power Company, Inc.","56","Maidie","555-108-3378","2774","Legal","Callida","callida.maidie@example.com"
"Peru","PE","Valentia, Danya","A.G. Edwards Inc.","3","Valentia","555-483-7205","2775","Insurance","Danya","danya.valentia@example.com"
"South Sudan","SS","Powe, Niven","Goodrich Corporation","379","Powe","555-521-7490","2776","Investing","Niven","niven.powe@example.com"
"Hungary","HU","Kaia, Dru","The Neiman Marcus Group Inc.","579","Kaia","555-855-5969","2777","Purchasing","Dru","dru.kaia@example.com"
"Afghanistan","AF","Vicki, Carlyn","Metris Companies Inc","551","Vicki","555-824-6427","2778","Engineering","Carlyn","carlyn.vicki@example.com"
"Christmas Island","CX","Hodgkinson, Jill","Maxim Integrated Products Inc.","528","Hodgkinson","555-462-1024","2779","IT Support","Jill","jill.hodgkinson@example.com"
"Honduras","HN","Dorry, Fanechka","Coca-Cola Co.","203","Dorry","555-494-3889","2780","Research and Development","Fanechka","fanechka.dorry@example.com"
"Ireland","IE","Phipps, Janelle","TransMontaigne Inc","842","Phipps","555-857-6495","2781","Research and Development","Janelle","janelle.phipps@example.com"
"Barbados","BB","Olaf, Shelli","Viasystems Group Inc","893","Olaf","555-983-7426","2782","Customer Service","Shelli","shelli.olaf@example.com"
"Kenya","KE","Jere, Avrit","GreenPoint Financial Corp.","385","Jere","555-705-5414","2783","Investing","Avrit","avrit.jere@example.com"
"Cocos (Keeling) Islands","CC","Royall, Hildy","Harrah's Entertainment Inc.","396","Royall","555-581-2632","2784","IT Support","Hildy","hildy.royall@example.com"
"Falkland Islands","FK","Cadmann, Cory","Amkor Technology, Inc.","66","Cadmann","555-993-7832","2785","Production","Cory","cory.cadmann@example.com"
"Brunei Darussalam","BN","Edgard, Sheelah","Di Giorgio Corporation","260","Edgard","555-318-8763","2786","Strategy","Sheelah","sheelah.edgard@example.com"
"Australia","AU","Heinrick, Deny","Capital One Financial Corp.","163","Heinrick","555-109-475","2787","Distribution","Deny","deny.heinrick@example.com"
"Algeria","DZ","Gove, Gaston","BorgWarner Inc.","141","Gove","555-826-9861","2788","Distribution","Gaston","gaston.gove@example.com"
"Tokelau","TK","Wahl, Regina","Worthington Industries Inc","934","Wahl","555-500-1796","2789","Accounting","Regina","regina.wahl@example.com"
"Germany","DE","Sarine, Janel","Reader's Digest Association Inc.","709","Sarine","555-592-6873","2790","Production","Janel","janel.sarine@example.com"
"Singapore","SG","Cuthbert, Lars","The McGraw-Hill Companies Inc.","536","Cuthbert","555-801-2814","2791","Business Development","Lars","lars.cuthbert@example.com"
"Switzerland","CH","Kyle, Luella","Bethlehem Steel Corporation","130","Kyle","555-640-8082","2792","Human Resources","Luella","luella.kyle@example.com"
"Cameroon","CM","Halfon, Nicky","McLeodUSA Incorporated","538","Halfon","555-905-4764","2793","Business Development","Nicky","nicky.halfon@example.com"
"Latvia","LV","Darb, Wynn","Lam Research Corporation","481","Darb","555-692-3752","2794","Insurance","Wynn","wynn.darb@example.com"
"French Southern and Antarctic Lands","TF","Fabron, Tildy","Alleghany Corporation","36","Fabron","555-346-8424","2795","IT Support","Tildy","tildy.fabron@example.com"
"Mauritius","MU","Rakia, Zach","Potomac Electric Power Co.","642","Rakia","555-547-4636","2796","Purchasing","Zach","zach.rakia@example.com"
"Slovakia","SK","Harli, Vanna","Werner Enterprises Inc","917","Harli","555-707-9965","2797","Engineering","Vanna","vanna.harli@example.com"
"American Samoa","AS","Donough, Pippy","BJ Services Company","133","Donough","555-986-4890","2798","Business Development","Pippy","pippy.donough@example.com"
"Japan","JP","Antoni, Virgie","Allied Waste Industries, Inc.","42","Antoni","555-696-3943","2799","Customer Service","Virgie","virgie.antoni@example.com"
"State of Palestine","PS","Lattie, Herman","StanCorp Financial Group Inc","787","Lattie","555-721-9996","2800","Research and Development","Herman","herman.lattie@example.com"
"Romania","RO","Romy, Yancy","Xerox Corp","939","Romy","555-871-3932","2801","Purchasing","Yancy","yancy.romy@example.com"
"Argentina","AR","Edwards, Jerrilyn","Weatherford International Inc","912","Edwards","555-800-2424","2802","Business Development","Jerrilyn","jerrilyn.edwards@example.com"
"Poland","PL","Millburn, Hall","Honeywell International Inc.","417","Millburn","555-581-6253","2803","Business Development","Hall","hall.millburn@example.com"
"Laos","LA","Thorin, Sarette","Capital One Financial Corp.","163","Thorin","555-691-1234","2804","Marketing","Sarette","sarette.thorin@example.com"
"Saint Martin","MF","Bron, Ronni","Maxxam Inc.","530","Bron","555-232-1357","2805","IT Support","Ronni","ronni.bron@example.com"
"Guinea-Bissau","GW","Cathee, Thorpe","W.R. Grace & Co","899","Cathee","555-580-3131","2806","Human Resources","Thorpe","thorpe.cathee@example.com"
"Portugal","PT","Gunar, Yard","Rohm & Haas Co.","726","Gunar","555-578-8771","2807","Research and Development","Yard","yard.gunar@example.com"
"Venezuela","VE","Shalom, Bernardine","DIMON Incorporated","264","Shalom","555-918-4665","2808","Licensing","Bernardine","bernardine.shalom@example.com"
"Hong Kong","HK","Adoree, Lilyan","Chiquita Brands International Inc.","186","Adoree","555-134-4328","2809","Distribution","Lilyan","lilyan.adoree@example.com"
"Seychelles","SC","Etam, Filia","Sysco Corp","811","Etam","555-642-1886","2810","Distribution","Filia","filia.etam@example.com"
"Bouvet Island","BV","Ellene, Kenon","Sysco Corp","811","Ellene","555-743-8887","2811","Investing","Kenon","kenon.ellene@example.com"
"Uganda","UG","Kroll, Bel","MasTec Inc.","526","Kroll","555-460-8005","2812","Investing","Bel","bel.kroll@example.com"
"Argentina","AR","Lacy, Dorthea","Harley-Davidson Inc.","394","Lacy","555-142-2139","2813","Investing","Dorthea","dorthea.lacy@example.com"
"Åland Islands","AX","Amsden, Libbie","Trans World Entertainment Corp.","841","Amsden","555-981-70","2814","Research and Development","Libbie","libbie.amsden@example.com"
"Maldives","MV","Stickney, Brigitte","Champion Enterprises Inc.","180","Stickney","555-543-9892","2815","Accounting","Brigitte","brigitte.stickney@example.com"
"Cocos (Keeling) Islands","CC","Crispen, Whit","Supervalu Inc","807","Crispen","555-590-839","2816","Business Development","Whit","whit.crispen@example.com"
"Sweden","SE","Susann, Berthe","MBNA Corporation","533","Susann","555-847-9690","2817","Customer Service","Berthe","berthe.susann@example.com"
"Bangladesh","BD","Snow, Charyl","Peoples Energy Corp.","639","Snow","555-192-7147","2818","Investing","Charyl","charyl.snow@example.com"
"United States Virgin Islands","VI","Piwowar, Ulrick","Schering-Plough Corp","742","Piwowar","555-288-4301","2819","Business Development","Ulrick","ulrick.piwowar@example.com"
"Finland","FI","Gasparo, Phillipe","Toro Company","838","Gasparo","555-381-2995","2820","Business Development","Phillipe","phillipe.gasparo@example.com"
"Andorra","AD","Candless, Berta","Intuit Inc.","445","Candless","555-782-4351","2821","Operations","Berta","berta.candless@example.com"
"Serbia","RS","Irmgard, Edouard","IMS Health Inc.","433","Irmgard","555-750-2546","2822","Purchasing","Edouard","edouard.irmgard@example.com"
"Cocos (Keeling) Islands","CC","Pain, Ricki","UnitedHealth Group Incorporated","868","Pain","555-328-7850","2823","IT Support","Ricki","ricki.pain@example.com"
"Equatorial Guinea","GQ","Duquette, Zeke","TruServ Corporation","849","Duquette","555-620-6819","2824","Investing","Zeke","zeke.duquette@example.com"
"Luxembourg","LU","Latta, Lily","Regions Financial Corp.","711","Latta","555-470-5498","2825","Production","Lily","lily.latta@example.com"
"Papua New Guinea","PG","Clabo, Herrick","Tecumseh Products Company","816","Clabo","555-123-214","2826","Customer Service","Herrick","herrick.clabo@example.com"
"Monaco","MC","Kono, Arthur","Williams Companies Inc","927","Kono","555-209-1523","2827","Business Development","Arthur","arthur.kono@example.com"
"Samoa","WS","Runkel, Raine","Banta Corporation","112","Runkel","555-573-5849","2828","Investing","Raine","raine.runkel@example.com"
"Vanuatu","VU","Khosrow, Meryl","Federal Express Corp.","324","Khosrow","555-231-7698","2829","Business Development","Meryl","meryl.khosrow@example.com"
"Azerbaijan","AZ","Yvette, Audi","Grey Global Group Inc.","387","Yvette","555-104-2208","2830","Investing","Audi","audi.yvette@example.com"
"South Georgia and the South Sandwich Island","GS","Hooke, Raychel","The May Department Stores Company","531","Hooke","555-437-9345","2831","Sales","Raychel","raychel.hooke@example.com"
"Romania","RO","Gavan, Sari","Frontier Oil Corp","353","Gavan","555-495-9848","2832","Strategy","Sari","sari.gavan@example.com"
"Guam","GU","Olli, Georgie","Flowserv Corp","340","Olli","555-424-6214","2833","Strategy","Georgie","georgie.olli@example.com"
"Algeria","DZ","Aramanta, Ingrim","Pier 1 Imports Inc.","662","Aramanta","555-473-1292","2834","Distribution","Ingrim","ingrim.aramanta@example.com"
"Indonesia","ID","Leisha, Daveta","First American Financial Corp.","329","Leisha","555-188-7805","2835","IT Support","Daveta","daveta.leisha@example.com"
"Kyrgyzstan","KG","Rinna, Flint","TravelCenters of America Inc.","844","Rinna","555-389-8108","2836","Production","Flint","flint.rinna@example.com"
"Sao Tome and Principe","ST","Wrennie, Tessa","Computer Associates International Inc.","214","Wrennie","555-210-5003","2837","Business Development","Tessa","tessa.wrennie@example.com"
"Burundi","BI","Margette, Leon","Exelon Corporation","314","Margette","555-440-4792","2838","Licensing","Leon","leon.margette@example.com"
"Guatemala","GT","Parrott, Lurette","Autoliv, Inc.","97","Parrott","555-605-6283","2839","Licensing","Lurette","lurette.parrott@example.com"
"Italy","IT","Newman, Olympia","A.G. Edwards Inc.","3","Newman","555-621-9729","2840","IT Support","Olympia","olympia.newman@example.com"
"Cameroon","CM","Tita, Eli","Varco International Inc","886","Tita","555-979-565","2841","Purchasing","Eli","eli.tita@example.com"
"South Sudan","SS","Leighland, Imogen","Millennium Chemicals Inc.","558","Leighland","555-851-574","2842","Insurance","Imogen","imogen.leighland@example.com"
"Somalia","SO","Prince, Mirelle","Caremark Rx Inc.","165","Prince","555-582-709","2843","Licensing","Mirelle","mirelle.prince@example.com"
"Singapore","SG","Chalmers, Jermayne","Healthsouth Corp","405","Chalmers","555-343-760","2844","Strategy","Jermayne","jermayne.chalmers@example.com"
"Dominica","DM","Patricio, Lucho","Volt Information Sciences Inc","896","Patricio","555-377-650","2845","Accounting","Lucho","lucho.patricio@example.com"
"Puerto Rico","PR","Tad, Evelyn","McLeodUSA Incorporated","538","Tad","555-763-1240","2846","Purchasing","Evelyn","evelyn.tad@example.com"
"Curaçao","CW","Emmit, Huberto","Foamex International Inc","343","Emmit","555-338-7342","2847","Marketing","Huberto","huberto.emmit@example.com"
"Angola","AO","Salim, Gusella","Kellwood Company","463","Salim","555-815-7018","2848","Licensing","Gusella","gusella.salim@example.com"
"Ukraine","UA","Mosley, Lucian","Group 1 Automotive Inc.","388","Mosley","555-225-5053","2849","Strategy","Lucian","lucian.mosley@example.com"
"Burundi","BI","Nalda, Cory","Ingles Market Inc","434","Nalda","555-673-485","2850","Human Resources","Cory","cory.nalda@example.com"
"Madagascar","MG","Eachelle, Christan","Teradyne Inc","824","Eachelle","555-293-1061","2851","Insurance","Christan","christan.eachelle@example.com"
"New Zealand","NZ","Deanne, Syd","Collins & Aikman Corp.","206","Deanne","555-323-4544","2852","Production","Syd","syd.deanne@example.com"
"Gibraltar","GI","Dorry, Adolpho","Philip Morris Companies Inc.","658","Dorry","555-372-865","2853","Customer Service","Adolpho","adolpho.dorry@example.com"
"Chad","TD","Pip, Patric","Bowater Incorporated","143","Pip","555-299-2312","2854","Investing","Patric","patric.pip@example.com"
"Morocco","MA","Valentino, Reynard","Viacom Inc","891","Valentino","555-699-6031","2855","Customer Service","Reynard","reynard.valentino@example.com"
"Tunisia","TN","Thissa, Zahara","OfficeMax Inc","607","Thissa","555-923-3544","2856","Accounting","Zahara","zahara.thissa@example.com"
"Bouvet Island","BV","Sophey, Justino","Quanta Services Inc.","698","Sophey","555-284-4672","2857","Insurance","Justino","justino.sophey@example.com"
"Christmas Island","CX","Lorette, Waylan","Apple Computer, Inc.","79","Lorette","555-290-9988","2858","Production","Waylan","waylan.lorette@example.com"
"Seychelles","SC","Maxwell, Edythe","Sprint Corp.","782","Maxwell","555-810-9596","2859","Insurance","Edythe","edythe.maxwell@example.com"
"Monaco","MC","Daisy, Gerhard","3Com Corp","1","Daisy","555-748-6463","2860","Operations","Gerhard","gerhard.daisy@example.com"
"British Virgin Islands","VG","Vincelette, Niko","Alleghany Corporation","36","Vincelette","555-634-334","2861","Strategy","Niko","niko.vincelette@example.com"
"Tunisia","TN","Abate, Silvain","Maxtor Corporation","529","Abate","555-420-2570","2862","Research and Development","Silvain","silvain.abate@example.com"
"Bolivia","BO","Schild, Ginger","United Technologies Corporation","867","Schild","555-630-3708","2863","Business Development","Ginger","ginger.schild@example.com"
"Nicaragua","NI","Thorlay, Nalani","Valero Energy Corporation","883","Thorlay","555-475-6841","2864","Human Resources","Nalani","nalani.thorlay@example.com"
"Armenia","AM","Tacye, Francois","Phar Mor Inc.","656","Tacye","555-192-5696","2865","Purchasing","Francois","francois.tacye@example.com"
"Liberia","LR","Hulton, Tymothy","Massey Energy Company","525","Hulton","555-181-1770","2866","Accounting","Tymothy","tymothy.hulton@example.com"
"Guinea","GN","Rorrys, Rhiamon","Pacific Gas & Electric Corp.","654","Rorrys","555-390-9921","2867","Production","Rhiamon","rhiamon.rorrys@example.com"
"Belgium","BE","Dart, Sadye","Gillette Company","374","Dart","555-290-8955","2868","Investing","Sadye","sadye.dart@example.com"
"Zimbabwe","ZW","Clute, Coriss","Universal Health Services Inc","872","Clute","555-227-2836","2869","Engineering","Coriss","coriss.clute@example.com"
"Wallis and Futuna","WF","Latouche, Maud","Engelhard Corporation","304","Latouche","555-770-2266","2870","Marketing","Maud","maud.latouche@example.com"
"Bulgaria","BG","Susette, Andres","Ryland Group Inc.","732","Susette","555-226-6296","2871","Purchasing","Andres","andres.susette@example.com"
"Serbia","RS","Varney, Nolly","Worthington Industries Inc","934","Varney","555-827-4781","2872","Purchasing","Nolly","nolly.varney@example.com"
"Peru","PE","Karlan, Ange","Southwest Gas Corp","777","Karlan","555-433-1113","2873","Research and Development","Ange","ange.karlan@example.com"
"Lebanon","LB","Pogue, Willdon","R.J. Reynolds Tobacco Company","704","Pogue","555-521-1211","2874","Customer Service","Willdon","willdon.pogue@example.com"
"Saint Barthélemy","BL","Raeann, Mayne","DST Systems, Inc.","276","Raeann","555-926-9585","2875","Distribution","Mayne","mayne.raeann@example.com"
"Anguilla","AI","Lauro, Malva","Prudential Financial Inc.","691","Lauro","555-593-4498","2876","IT Support","Malva","malva.lauro@example.com"
"Czech Republic","CZ","Kenward, Odelle","Performance Food Group Co.","646","Kenward","555-985-9121","2877","Licensing","Odelle","odelle.kenward@example.com"
"Guatemala","GT","Margit, Lyndsie","PPL Corp","677","Margit","555-813-472","2878","Legal","Lyndsie","lyndsie.margit@example.com"
"Mauritania","MR","Veronica, Norine","Spartan Stores Inc","779","Veronica","555-236-770","2879","Operations","Norine","norine.veronica@example.com"
"Croatia","HR","Cosmo, Cory","E.I. Du Pont de Nemours and Company","278","Cosmo","555-786-5976","2880","Operations","Cory","cory.cosmo@example.com"
"Slovenia","SI","Merrie, Franny","Cooper Tire & Rubber Co.","231","Merrie","555-596-6597","2881","Business Development","Franny","franny.merrie@example.com"
"Oman","OM","Wileen, Heidi","Knight-Ridder Inc.","475","Wileen","555-292-40","2882","Research and Development","Heidi","heidi.wileen@example.com"
"Bolivia","BO","Brine, Atlante","BJ Services Company","133","Brine","555-784-3631","2883","Strategy","Atlante","atlante.brine@example.com"
"Christmas Island","CX","Morganica, Hedwig","Progressive Corporation","687","Morganica","555-755-3804","2884","Legal","Hedwig","hedwig.morganica@example.com"
"Pitcairn Islands","PN","Garner, Kerry","Maxtor Corporation","529","Garner","555-467-1940","2885","Customer Service","Kerry","kerry.garner@example.com"
"Georgia","GE","Timmy, Melinde","Ferro Corp.","326","Timmy","555-691-5011","2886","Insurance","Melinde","melinde.timmy@example.com"
"Belize","BZ","Isherwood, Alastair","Werner Enterprises Inc","917","Isherwood","555-993-7918","2887","Customer Service","Alastair","alastair.isherwood@example.com"
"Bouvet Island","BV","Lanctot, Berget","Exide Technologies","315","Lanctot","555-177-1800","2888","IT Support","Berget","berget.lanctot@example.com"
"American Samoa","AS","Warner, Kalle","Polo Ralph Lauren Corp","672","Warner","555-291-9850","2889","Research and Development","Kalle","kalle.warner@example.com"
"Uzbekistan","UZ","Remsen, Orsola","Reliant Energy Inc.","714","Remsen","555-508-472","2890","Business Development","Orsola","orsola.remsen@example.com"
"United States","US","Delle, Nannie","Big Lots, Inc.","132","Delle","555-648-2757","2891","Customer Service","Nannie","nannie.delle@example.com"
"Anguilla","AI","Waite, Bernhard","XO Communications Inc","941","Waite","555-765-9114","2892","Licensing","Bernhard","bernhard.waite@example.com"
"Armenia","AM","Koch, Siffre","Pioneer-Standard Electronics Inc.","665","Koch","555-156-5805","2893","Purchasing","Siffre","siffre.koch@example.com"
"Chad","TD","Fujio, Kleon","Airborne, Inc.","29","Fujio","555-103-8447","2894","Investing","Kleon","kleon.fujio@example.com"
"Portugal","PT","Meris, Tabby","Wakenhut Corporation","902","Meris","555-848-2703","2895","Production","Tabby","tabby.meris@example.com"
"Saint Martin","MF","Robinet, Trent","Beazer Homes USA, Inc.","118","Robinet","555-204-7113","2896","Strategy","Trent","trent.robinet@example.com"
"Guatemala","GT","Cecilia, Simonette","Caterpillar Inc.","169","Cecilia","555-621-1997","2897","Engineering","Simonette","simonette.cecilia@example.com"
"Luxembourg","LU","Othe, Bethena","Snap-On Inc","768","Othe","555-677-1185","2898","Production","Bethena","bethena.othe@example.com"
"Micronesia","FM","Thessa, Rey","Ohio Casualty Corp.","610","Thessa","555-478-4134","2899","Human Resources","Rey","rey.thessa@example.com"
"Chad","TD","Wulfe, Rolfe","Silgan Holdings Inc.","761","Wulfe","555-394-9350","2900","Sales","Rolfe","rolfe.wulfe@example.com"
"Guernsey","GG","Parlin, Eran","Washington Mutual Inc","908","Parlin","555-434-7129","2901","Licensing","Eran","eran.parlin@example.com"
"Cambodia","KH","Hogen, Bradford","Calpine Corp.","161","Hogen","555-189-5333","2902","Purchasing","Bradford","bradford.hogen@example.com"
"New Zealand","NZ","Farmer, Reinwald","Transocean Inc","843","Farmer","555-454-4756","2903","Investing","Reinwald","reinwald.farmer@example.com"
"Benin","BJ","Udela, Mahalia","Calpine Corp.","161","Udela","555-974-8278","2904","Operations","Mahalia","mahalia.udela@example.com"
"United States Minor Outlying Islands","UM","Dorkas, Riva","Delta Air Lines Inc.","257","Dorkas","555-741-4431","2905","Business Development","Riva","riva.dorkas@example.com"
"French Southern and Antarctic Lands","TF","Pentheam, Etan","Sara Lee Corp","739","Pentheam","555-755-5188","2906","Investing","Etan","etan.pentheam@example.com"
"Romania","RO","Elfie, Marvin","Kindred Healthcare Inc.","472","Elfie","555-928-6624","2907","Production","Marvin","marvin.elfie@example.com"
"Japan","JP","Shaughnessy, Garvin","Baker Hughes Incorporated","106","Shaughnessy","555-355-1758","2908","Production","Garvin","garvin.shaughnessy@example.com"
"Cameroon","CM","Addis, Carolynn","Kroger Co.","478","Addis","555-473-132","2909","Business Development","Carolynn","carolynn.addis@example.com"
"United States Virgin Islands","VI","Harmonia, Taddeo","CBRL Group Inc.","170","Harmonia","555-213-8145","2910","Investing","Taddeo","taddeo.harmonia@example.com"
"Ecuador","EC","Lorilee, Emalia","Jefferson-Pilot Co.","456","Lorilee","555-387-5424","2911","Human Resources","Emalia","emalia.lorilee@example.com"
"Estonia","EE","Bremen, Giordano","Mattel Inc.","527","Bremen","555-338-7119","2912","Strategy","Giordano","giordano.bremen@example.com"
"Dominican Republic","DO","Corsiglia, Edsel","Adobe Systems Incorporated","14","Corsiglia","555-653-2382","2913","IT Support","Edsel","edsel.corsiglia@example.com"
"Tokelau","TK","Graig, York","Mellon Financial Corporation","543","Graig","555-476-6370","2914","Production","York","york.graig@example.com"
"Denmark","DK","Jarlen, Iain","La-Z-Boy Inc.","485","Jarlen","555-484-8740","2915","Sales","Iain","iain.jarlen@example.com"
"Equatorial Guinea","GQ","Toscano, Zack","Polo Ralph Lauren Corp","672","Toscano","555-555-1167","2916","Production","Zack","zack.toscano@example.com"
"Saint Vincent and the Grenadines","VC","Arad, Jenine","Federated Department Stores Inc.","323","Arad","555-350-3408","2917","Engineering","Jenine","jenine.arad@example.com"
"Saint Lucia","LC","Warfourd, Jabez","Texas Industries Inc.","827","Warfourd","555-102-6827","2918","Distribution","Jabez","jabez.warfourd@example.com"
"Colombia","CO","Morty, Deny","Synovus Financial Corp.","810","Morty","555-154-9615","2919","Distribution","Deny","deny.morty@example.com"
"Solomon Islands","SB","Durante, Dionis","Wakenhut Corporation","902","Durante","555-180-9086","2920","IT Support","Dionis","dionis.durante@example.com"
"El Salvador","SV","Theona, Tann","Lowe's Companies Inc.","504","Theona","555-806-4302","2921","Marketing","Tann","tann.theona@example.com"
"Chad","TD","Essy, Reginauld","Weis Markets Inc.","913","Essy","555-252-8581","2922","Insurance","Reginauld","reginauld.essy@example.com"
"Norfolk Island","NF","Jard, Milly","Massey Energy Company","525","Jard","555-350-8422","2923","IT Support","Milly","milly.jard@example.com"
"Rwanda","RW","Felipa, Tommie","Wallace Computer Services Inc","904","Felipa","555-224-8369","2924","Human Resources","Tommie","tommie.felipa@example.com"
"Macedonia","MK","Gathers, Georgie","W.R. Grace & Co","899","Gathers","555-817-9600","2925","Customer Service","Georgie","georgie.gathers@example.com"
"Mongolia","MN","Stich, Malvina","Phelps Dodge Corp.","657","Stich","555-573-4927","2926","Distribution","Malvina","malvina.stich@example.com"
"Mauritius","MU","Iene, Neille","Johnson & Johnson","458","Iene","555-560-6485","2927","Business Development","Neille","neille.iene@example.com"
"Chad","TD","Campball, Krissie","Beckman Coulter, Inc.","119","Campball","555-836-7996","2928","Customer Service","Krissie","krissie.campball@example.com"
"Cayman Islands Cayman Islands","KY","Oria, Staci","Kimball International Inc.","470","Oria","555-217-1204","2929","Strategy","Staci","staci.oria@example.com"
"Nepal","NP","Haggi, Elisabeth","American Standard Companies Inc.","61","Haggi","555-753-1583","2930","Licensing","Elisabeth","elisabeth.haggi@example.com"
"Cuba","CU","Hujsak, Helena","Shaw Group Inc","755","Hujsak","555-661-2530","2931","Licensing","Helena","helena.hujsak@example.com"
"Thailand","TH","Glimp, Arlene","First National of Nebraska Inc.","331","Glimp","555-753-2730","2932","Operations","Arlene","arlene.glimp@example.com"
"Senegal","SN","Nipha, Agustin","Charter Communications Inc.","183","Nipha","555-232-8994","2933","Sales","Agustin","agustin.nipha@example.com"
"Kyrgyzstan","KG","Rox, Kathye","Progress Energy Inc","686","Rox","555-805-9661","2934","Customer Service","Kathye","kathye.rox@example.com"
"Portugal","PT","Devland, Margette","SLM Corporation","764","Devland","555-485-1165","2935","Distribution","Margette","margette.devland@example.com"
"Latvia","LV","Raquela, Johannah","Maxtor Corporation","529","Raquela","555-510-645","2936","Marketing","Johannah","johannah.raquela@example.com"
"North Korea","KP","Selmner, Nana","Brunswick Corporation","151","Selmner","555-520-9000","2937","Marketing","Nana","nana.selmner@example.com"
"British Virgin Islands","VG","Nicolau, Tony","Dynegy Inc.","283","Nicolau","555-131-6903","2938","Customer Service","Tony","tony.nicolau@example.com"
"Uzbekistan","UZ","Conant, Cameron","SCI Systems Onc.","744","Conant","555-456-6488","2939","Engineering","Cameron","cameron.conant@example.com"
"Suriname","SR","Sholeen, Sam","Solutia Inc","770","Sholeen","555-103-1585","2940","IT Support","Sam","sam.sholeen@example.com"
"British Virgin Islands","VG","Kwok, Blondell","Ryder System Inc","730","Kwok","555-360-6859","2941","Operations","Blondell","blondell.kwok@example.com"
"Central African Republic","CF","Vogeley, Gonzalo","Family Dollar Stores Inc.","320","Vogeley","555-279-5074","2942","Strategy","Gonzalo","gonzalo.vogeley@example.com"
"Saint Pierre and Miquelon","PM","Janeva, Adelle","Leggett & Platt Inc.","488","Janeva","555-288-9424","2943","Investing","Adelle","adelle.janeva@example.com"
"Laos","LA","Hey, Bancroft","Staples Inc","790","Hey","555-848-1103","2944","Business Development","Bancroft","bancroft.hey@example.com"
"Venezuela","VE","Mariann, Samuele","OGE Energy Corp","608","Mariann","555-647-5969","2945","IT Support","Samuele","samuele.mariann@example.com"
"Turkey","TR","Angelis, Maurice","Viacom Inc","891","Angelis","555-590-9728","2946","Marketing","Maurice","maurice.angelis@example.com"
"Central African Republic","CF","Gayel, Joelle","PeopleSoft Inc","640","Gayel","555-171-7152","2947","Business Development","Joelle","joelle.gayel@example.com"
"Lithuania","LT","Kinsley, Lindsey","The Boeing Company","138","Kinsley","555-725-6684","2948","Marketing","Lindsey","lindsey.kinsley@example.com"
"Guernsey","GG","Waal, Candide","CVS Corp.","244","Waal","555-272-6860","2949","Legal","Candide","candide.waal@example.com"
"Portugal","PT","Emelun, Townsend","American Greetings Corporation","59","Emelun","555-358-1273","2950","Licensing","Townsend","townsend.emelun@example.com"
"Azerbaijan","AZ","Caton, Adore","Mellon Financial Corporation","543","Caton","555-991-2897","2951","Insurance","Adore","adore.caton@example.com"
"Kiribati","KI","Kelton, Nicko","Wendy's International Inc","916","Kelton","555-462-9913","2952","Licensing","Nicko","nicko.kelton@example.com"
"Australia","AU","Vachil, Ced","Express Scripts Inc.","317","Vachil","555-707-8856","2953","Operations","Ced","ced.vachil@example.com"
"Anguilla","AI","Nevada, Laurella","Mercury General Corporation","546","Nevada","555-662-9105","2954","Legal","Laurella","laurella.nevada@example.com"
"Brazil","BR","Blaine, Carlita","Phelps Dodge Corp.","657","Blaine","555-319-8832","2955","Research and Development","Carlita","carlita.blaine@example.com"
"Hungary","HU","Daniel, Euphemia","Cigna Corp","189","Daniel","555-970-1929","2956","Customer Service","Euphemia","euphemia.daniel@example.com"
"Puerto Rico","PR","Areta, Allister","Laboratory Corporation of America Holdings","480","Areta","555-863-5938","2957","Engineering","Allister","allister.areta@example.com"
"Faroe Islands","FO","Abram, Denice","Hershey Foods Corp.","409","Abram","555-562-5114","2958","Licensing","Denice","denice.abram@example.com"
"Azerbaijan","AZ","Hasen, Adelina","Sara Lee Corp","739","Hasen","555-699-164","2959","Marketing","Adelina","adelina.hasen@example.com"
"Iran","IR","Peacock, Iorgos","Freeport McMoran Copper & Gold Inc.","352","Peacock","555-432-7136","2960","Human Resources","Iorgos","iorgos.peacock@example.com"
"Rwanda","RW","Jourdain, Valencia","Longs Drug Stores Corporation","502","Jourdain","555-763-6558","2961","IT Support","Valencia","valencia.jourdain@example.com"
"Dominican Republic","DO","Allene, Damian","Foot Locker Inc","344","Allene","555-430-2386","2962","Strategy","Damian","damian.allene@example.com"
"North Korea","KP","Angle, Warde","Plains All American Pipeline LP","668","Angle","555-283-4799","2963","Legal","Warde","warde.angle@example.com"
"Gabon","GA","Maxantia, Quintus","Continental Airlines Inc.","227","Maxantia","555-151-7224","2964","IT Support","Quintus","quintus.maxantia@example.com"
"Tokelau","TK","Dimitri, Margot","Harris Corp.","397","Dimitri","555-133-154","2965","Investing","Margot","margot.dimitri@example.com"
"Portugal","PT","McKnight, Abbey","Revlon Inc","717","McKnight","555-808-5259","2966","Distribution","Abbey","abbey.mcknight@example.com"
"Saint Kitts and Nevis","KN","Crocker, Marsh","Electronic Arts Inc.","295","Crocker","555-924-1301","2967","Strategy","Marsh","marsh.crocker@example.com"
"Democratic Republic of the Congo","CD","Kirst, Juliann","Ace Hardware Corporation","7","Kirst","555-607-4340","2968","Marketing","Juliann","juliann.kirst@example.com"
"Sri Lanka","LK","Hildagarde, Lyndell","Saks Inc","737","Hildagarde","555-750-2056","2969","Engineering","Lyndell","lyndell.hildagarde@example.com"
"Greenland","GL","Omidyar, Woodman","Ingles Market Inc","434","Omidyar","555-634-8603","2970","Sales","Woodman","woodman.omidyar@example.com"
"Macau","MO","Israel, Sean","Mohawk Industries Inc.","560","Israel","555-570-7750","2971","Research and Development","Sean","sean.israel@example.com"
"Austria","AT","Brynne, Doroteya","Nike Inc","586","Brynne","555-403-2460","2972","Licensing","Doroteya","doroteya.brynne@example.com"
"Swaziland","SZ","Merv, Ketti","American International Group, Inc.","60","Merv","555-159-4855","2973","Licensing","Ketti","ketti.merv@example.com"
"Italy","IT","Atiana, Marie","Hershey Foods Corp.","409","Atiana","555-497-5360","2974","Accounting","Marie","marie.atiana@example.com"
"Latvia","LV","Hera, Shepherd","Saks Inc","737","Hera","555-404-8608","2975","Human Resources","Shepherd","shepherd.hera@example.com"
"New Zealand","NZ","Fechter, Arabella","H.J. Heinz Company","392","Fechter","555-613-8350","2976","Accounting","Arabella","arabella.fechter@example.com"
"Jersey","JE","Piefer, Dag","General Motors Corporation","365","Piefer","555-304-4919","2977","Engineering","Dag","dag.piefer@example.com"
"French Guiana","GF","Uriia, Jade","Granite Construction Incorporated","381","Uriia","555-177-287","2978","Distribution","Jade","jade.uriia@example.com"
"Montenegro","ME","Maury, Cleve","Hartford Financial Services Group Inc.","399","Maury","555-904-6861","2979","IT Support","Cleve","cleve.maury@example.com"
"Democratic Republic of the Congo","CD","Mathias, Gena","Torchmark Corporation","837","Mathias","555-521-2653","2980","Marketing","Gena","gena.mathias@example.com"
"Kyrgyzstan","KG","Jennings, Georgie","Avista Corporation","103","Jennings","555-924-1373","2981","Sales","Georgie","georgie.jennings@example.com"
"Namibia","NA","Brion, Ellsworth","Unocal Corporation","873","Brion","555-989-8288","2982","Marketing","Ellsworth","ellsworth.brion@example.com"
"Costa Rica","CR","Viviana, Delaney","Textron Inc","829","Viviana","555-320-5619","2983","Legal","Delaney","delaney.viviana@example.com"
"Equatorial Guinea","GQ","Friede, Lila","Sanmina-SCI Inc","738","Friede","555-893-2954","2984","Human Resources","Lila","lila.friede@example.com"
"Bangladesh","BD","Opal, Mariellen","Premcor Inc.","680","Opal","555-439-3059","2985","Production","Mariellen","mariellen.opal@example.com"
"Saint Martin","MF","Marquez, Gris","MeadWestvaco Corporation","541","Marquez","555-399-3516","2986","Strategy","Gris","gris.marquez@example.com"
"El Salvador","SV","Drain, Curcio","Centex Corp.","176","Drain","555-541-7191","2987","Human Resources","Curcio","curcio.drain@example.com"
"Moldova","MD","Terra, Kipp","SouthTrust Corp.","775","Terra","555-132-5357","2988","Legal","Kipp","kipp.terra@example.com"
"Slovakia","SK","Ferree, Tam","La-Z-Boy Inc.","485","Ferree","555-176-2567","2989","Insurance","Tam","tam.ferree@example.com"
"Burkina Faso","BF","Kitti, Jeannine","Thomas & Betts Corporation","831","Kitti","555-919-9446","2990","Investing","Jeannine","jeannine.kitti@example.com"
"Russia","RU","Davie, Isadora","State Street Corp.","793","Davie","555-182-3828","2991","Human Resources","Isadora","isadora.davie@example.com"
"Belarus","BY","Padegs, Jard","Public Service Enterprise Group Inc.","693","Padegs","555-533-5237","2992","Business Development","Jard","jard.padegs@example.com"
"Brunei Darussalam","BN","Southard, Dulce","PepsiCo Inc.","645","Southard","555-729-5616","2993","Operations","Dulce","dulce.southard@example.com"
"Macau","MO","Martz, Marwin","Jack In The Box Inc.","453","Martz","555-725-4091","2994","Production","Marwin","marwin.martz@example.com"
"New Caledonia","NC","Krause, Abramo","ChevronTexaco Corp.","185","Krause","555-421-8437","2995","Research and Development","Abramo","abramo.krause@example.com"
"Aruba","AW","Gilpin, Clayborn","Silgan Holdings Inc.","761","Gilpin","555-895-4583","2996","Engineering","Clayborn","clayborn.gilpin@example.com"
"Greece","GR","Tesler, Bancroft","Edison International","292","Tesler","555-412-6542","2997","Strategy","Bancroft","bancroft.tesler@example.com"
"Saint Martin","MF","Cynthea, Elias","Qualcomm Inc","697","Cynthea","555-718-9448","2998","Accounting","Elias","elias.cynthea@example.com"
"Tuvalu","TV","Akim, Carmelita","Cooper Industries Ltd.","230","Akim","555-965-8264","2999","Customer Service","Carmelita","carmelita.akim@example.com"
"Kenya","KE","Bernt, Shaina","Longs Drug Stores Corporation","502","Bernt","555-398-1271","3000","Licensing","Shaina","shaina.bernt@example.com"
"Sweden","SE","Kerek, Farley","KeyCorp","468","Kerek","555-619-5036","3001","Marketing","Farley","farley.kerek@example.com"
"Western Sahara","EH","Roter, Morna","CMGI Inc.","200","Roter","555-110-5329","3002","Customer Service","Morna","morna.roter@example.com"
"Martinique","MQ","Celestyna, Leandra","First American Financial Corp.","329","Celestyna","555-190-1442","3003","Business Development","Leandra","leandra.celestyna@example.com"
"Haiti","HT","Isle, Devora","NiSource Inc","587","Isle","555-232-9991","3004","Licensing","Devora","devora.isle@example.com"
"France","FR","Seafowl, Say","Weis Markets Inc.","913","Seafowl","555-872-2818","3005","Marketing","Say","say.seafowl@example.com"
"Bulgaria","BG","Blair, Allister","Air Products and Chemicals, Inc.","28","Blair","555-659-5916","3006","Distribution","Allister","allister.blair@example.com"
"Falkland Islands","FK","Nicolle, Pamelina","Wal-Mart Stores Inc","905","Nicolle","555-931-7850","3007","Marketing","Pamelina","pamelina.nicolle@example.com"
"Micronesia","FM","Rask, Odessa","Scientific-Atlanta Inc","746","Rask","555-269-3416","3008","IT Support","Odessa","odessa.rask@example.com"
"Bhutan","BT","Celle, Olivia","Staples Inc","790","Celle","555-609-5840","3009","Distribution","Olivia","olivia.celle@example.com"
"Serbia","RS","Corson, Keriann","Beverly Enterprises, Inc.","131","Corson","555-951-7474","3010","Licensing","Keriann","keriann.corson@example.com"
"Aruba","AW","Chesnut, Tomaso","Home Depot Inc.","415","Chesnut","555-107-1663","3011","Operations","Tomaso","tomaso.chesnut@example.com"
"Tajikistan","TJ","Sauveur, Olva","U.S. Bancorp","853","Sauveur","555-331-468","3012","Insurance","Olva","olva.sauveur@example.com"
"Northern Mariana Islands","MP","Pietro, Blinnie","Bowater Incorporated","143","Pietro","555-464-7758","3013","Accounting","Blinnie","blinnie.pietro@example.com"
"United Kingdom","GB","Phox, Zsazsa","Corn Products International Inc.","232","Phox","555-176-1139","3014","Investing","Zsazsa","zsazsa.phox@example.com"
"Dominican Republic","DO","Coopersmith, Pernell","Equity Office Properties Trust","311","Coopersmith","555-392-28","3015","Marketing","Pernell","pernell.coopersmith@example.com"
"Hungary","HU","Elihu, Brendin","Thomas & Betts Corporation","831","Elihu","555-619-8788","3016","Sales","Brendin","brendin.elihu@example.com"
"Isle of Man","IM","Zampino, Oralia","Triad Hospitals Inc","845","Zampino","555-882-19","3017","Engineering","Oralia","oralia.zampino@example.com"
"Saint Kitts and Nevis","KN","Meadows, Chickie","Equitable Resources Inc.","310","Meadows","555-854-5802","3018","Engineering","Chickie","chickie.meadows@example.com"
"Anguilla","AI","Vicky, Hertha","Union Pacific Corporation","858","Vicky","555-940-4224","3019","Business Development","Hertha","hertha.vicky@example.com"
"Montenegro","ME","Aholah, Tana","Darden Restaurants Inc.","250","Aholah","555-615-1721","3020","Customer Service","Tana","tana.aholah@example.com"
"Belize","BZ","Morly, Clare","Allied Waste Industries, Inc.","42","Morly","555-456-3647","3021","Customer Service","Clare","clare.morly@example.com"
"Costa Rica","CR","Jeminah, Veradis","Adams Resources & Energy, Inc.","10","Jeminah","555-270-3911","3022","Engineering","Veradis","veradis.jeminah@example.com"
"Moldova","MD","Bower, Thaddeus","GenCorp Inc.","360","Bower","555-278-6085","3023","Research and Development","Thaddeus","thaddeus.bower@example.com"
"Guernsey","GG","Tiedeman, Garvey","Atmos Energy Corporation","95","Tiedeman","555-551-2105","3024","Marketing","Garvey","garvey.tiedeman@example.com"
"French Polynesia","PF","Crescint, Zerk","Valspar Corporation","884","Crescint","555-702-2479","3025","Human Resources","Zerk","zerk.crescint@example.com"
"Sweden","SE","Stefanie, Shelbi","Equitable Resources Inc.","310","Stefanie","555-894-9063","3026","Legal","Shelbi","shelbi.stefanie@example.com"
"Chile","CL","Karilynn, Lorilee","Applied Materials, Inc.","82","Karilynn","555-931-8139","3027","Research and Development","Lorilee","lorilee.karilynn@example.com"
"Namibia","NA","Talbot, Niven","WGL Holdings Inc","923","Talbot","555-852-330","3028","IT Support","Niven","niven.talbot@example.com"
"Dominica","DM","Cavan, Alyosha","CMGI Inc.","200","Cavan","555-722-8760","3029","Distribution","Alyosha","alyosha.cavan@example.com"
"Bonaire, Saint Eustatius and Saba","BQ","Sakovich, Audre","Intel Corporation","438","Sakovich","555-950-1948","3030","Production","Audre","audre.sakovich@example.com"
"Nigeria","NG","Grant, Anatole","PepsiCo Inc.","645","Grant","555-927-3157","3031","Investing","Anatole","anatole.grant@example.com"
"Ireland","IE","Pail, Ashley","Jabil Circuit Inc.","452","Pail","555-360-9414","3032","Accounting","Ashley","ashley.pail@example.com"
"Belarus","BY","Luby, Pam","Nicor Inc","585","Luby","555-707-785","3033","Investing","Pam","pam.luby@example.com"
"Dominica","DM","Archambault, Natale","Comdisco Inc.","208","Archambault","555-782-1211","3034","Human Resources","Natale","natale.archambault@example.com"
"United Kingdom","GB","Thorfinn, Teodora","Principal Financial Group Inc.","683","Thorfinn","555-480-7558","3035","Production","Teodora","teodora.thorfinn@example.com"
"Argentina","AR","Herschel, Marve","Watsco Inc","911","Herschel","555-842-8560","3036","Accounting","Marve","marve.herschel@example.com"
"United States Virgin Islands","VI","Vasili, Blair","Boise Cascade Corporation","139","Vasili","555-533-2680","3037","Human Resources","Blair","blair.vasili@example.com"
"Grenada","GD","Allin, Valencia","Domino's Pizza LLC","269","Allin","555-503-1353","3038","IT Support","Valencia","valencia.allin@example.com"
"Japan","JP","Beaston, Ernaline","Herman Miller Inc.","408","Beaston","555-754-1354","3039","Engineering","Ernaline","ernaline.beaston@example.com"
"Peru","PE","Nahshon, Sheree","Lear Corporation","486","Nahshon","555-788-7033","3040","Legal","Sheree","sheree.nahshon@example.com"
"State of Palestine","PS","Rodgers, Alfons","Polo Ralph Lauren Corp","672","Rodgers","555-344-9404","3041","Legal","Alfons","alfons.rodgers@example.com"
"Ethiopia","ET","Maidie, Clarke","Cytec Industries Inc.","245","Maidie","555-381-8120","3042","Production","Clarke","clarke.maidie@example.com"
"Nigeria","NE","Base, Maximilianus","Amerada Hess Corporation","50","Base","555-522-656","3043","Insurance","Maximilianus","maximilianus.base@example.com"
"Myanmar","MM","Roderic, Rafaela","Reliance Steel & Aluminum Co.","713","Roderic","555-315-5226","3044","Human Resources","Rafaela","rafaela.roderic@example.com"
"Kiribati","KI","Abba, Karl","Ocean Energy Inc","605","Abba","555-235-2919","3045","Legal","Karl","karl.abba@example.com"
"Malaysia","MY","Read, Crystal","Northeast Utilities System","593","Read","555-382-7684","3046","Legal","Crystal","crystal.read@example.com"
"Antigua and Barbuda","AG","Francesca, Cyrillus","Equitable Resources Inc.","310","Francesca","555-216-3500","3047","Customer Service","Cyrillus","cyrillus.francesca@example.com"
"Nepal","NP","Meill, Mead","Ruddick Corp","729","Meill","555-134-2822","3048","Strategy","Mead","mead.meill@example.com"
"Vatican City","VA","MacIntyre, Willis","Molex Incorporated","561","MacIntyre","555-968-493","3049","Marketing","Willis","willis.macintyre@example.com"
"Thailand","TH","Arlena, Genia","Charter Communications Inc.","183","Arlena","555-411-3531","3050","Sales","Genia","genia.arlena@example.com"
"Marshall Islands","MH","Queridas, Kacey","MasTec Inc.","526","Queridas","555-989-9181","3051","IT Support","Kacey","kacey.queridas@example.com"
"Kuwait","KW","Luzader, Breanne","SBC Communications Inc","740","Luzader","555-268-7407","3052","Distribution","Breanne","breanne.luzader@example.com"
"Monaco","MC","Mirabelle, Garrek","Amgen Inc.","65","Mirabelle","555-568-6812","3053","Sales","Garrek","garrek.mirabelle@example.com"
"Morocco","MA","Bull, Jo-Anne","Systemax Inc.","812","Bull","555-848-86","3054","Engineering","Jo-Anne","jo-anne.bull@example.com"
"Afghanistan","AF","Pride, Benn","Kroger Co.","478","Pride","555-765-3993","3055","Customer Service","Benn","benn.pride@example.com"
"France","FR","Damita, Mallorie","Textron Inc","829","Damita","555-602-7375","3056","Strategy","Mallorie","mallorie.damita@example.com"
"Burundi","BI","Neurath, Dell","Borders Group, Inc.","140","Neurath","555-651-6448","3057","Distribution","Dell","dell.neurath@example.com"
"Eritrea","ER","Kylila, Bennie","Walter Industries Inc","907","Kylila","555-353-2364","3058","Production","Bennie","bennie.kylila@example.com"
"Peru","PE","Aisha, Gearard","Philip Morris Companies Inc.","658","Aisha","555-264-5182","3059","Insurance","Gearard","gearard.aisha@example.com"
"Saint Martin","MF","Anton, Nyssa","Expeditors International of Washington Inc.","316","Anton","555-962-1763","3060","Investing","Nyssa","nyssa.anton@example.com"
"American Samoa","AS","Lucio, Annamaria","Oglethorpe Power Corp.","609","Lucio","555-901-3850","3061","Accounting","Annamaria","annamaria.lucio@example.com"
"Italy","IT","Pucida, Adah","PPL Corp","677","Pucida","555-202-5546","3062","Production","Adah","adah.pucida@example.com"
"Iceland","IS","Kerrison, Glennis","W.R. Berkley Corporation","898","Kerrison","555-357-4586","3063","Customer Service","Glennis","glennis.kerrison@example.com"
"French Guiana","GF","Kenzi, Mariska","CellStar Corp.","173","Kenzi","555-639-2041","3064","Accounting","Mariska","mariska.kenzi@example.com"
"Brunei Darussalam","BN","Corwin, Giacomo","Hormel Foods Corp.","418","Corwin","555-618-5946","3065","Production","Giacomo","giacomo.corwin@example.com"
"Réunion","RE","Charpentier, Elsie","Harris Corp.","397","Charpentier","555-933-6363","3066","Insurance","Elsie","elsie.charpentier@example.com"
"Burundi","BI","Marietta, Marthena","Marshall & Ilsley Corporation","522","Marietta","555-545-9266","3067","Business Development","Marthena","marthena.marietta@example.com"
"Bulgaria","BG","Leacock, Amelia","Primedia Inc","682","Leacock","555-705-8222","3068","Marketing","Amelia","amelia.leacock@example.com"
"Portugal","PT","Pattison, Elizabet","Tesoro Petroleum Corp.","826","Pattison","555-489-790","3069","Distribution","Elizabet","elizabet.pattison@example.com"
"Czech Republic","CZ","Capriola, Karmen","Puget Energy Inc.","695","Capriola","555-448-5014","3070","Investing","Karmen","karmen.capriola@example.com"
"El Salvador","SV","Remmer, Teddie","Hon Industries Inc.","416","Remmer","555-401-2577","3071","Licensing","Teddie","teddie.remmer@example.com"
"United Arab Emirates","AE","Angelia, Bryana","Cigna Corp","189","Angelia","555-919-9769","3072","Engineering","Bryana","bryana.angelia@example.com"
"Azerbaijan","AZ","Tewfik, Riki","Analog Devices, Inc.","71","Tewfik","555-764-8257","3073","Insurance","Riki","riki.tewfik@example.com"
"Venezuela","VE","Asia, Dru","Metris Companies Inc","551","Asia","555-255-1555","3074","Human Resources","Dru","dru.asia@example.com"
"North Korea","KP","Finbar, Wally","Tellabs Inc.","820","Finbar","555-183-8369","3075","Business Development","Wally","wally.finbar@example.com"
"Micronesia","FM","Orgel, Susana","PepsiCo Inc.","645","Orgel","555-538-6691","3076","Research and Development","Susana","susana.orgel@example.com"
"State of Palestine","PS","Kathye, Blondell","Johnson & Johnson","458","Kathye","555-713-3574","3077","Customer Service","Blondell","blondell.kathye@example.com"
"Vatican City","VA","Tewell, Agosto","Volt Information Sciences Inc","896","Tewell","555-898-8366","3078","Marketing","Agosto","agosto.tewell@example.com"
"Aruba","AW","Darleen, Jilly","Universal Corporation","870","Darleen","555-736-4523","3079","Accounting","Jilly","jilly.darleen@example.com"
"Latvia","LV","Roybn, Gardie","Gentek Inc.","367","Roybn","555-917-878","3080","Strategy","Gardie","gardie.roybn@example.com"
"Hong Kong","HK","Kinnie, Casey","Amtran, Inc.","69","Kinnie","555-537-1802","3081","Strategy","Casey","casey.kinnie@example.com"
"Zambia","ZM","Tut, Marney","Cenex Harvest States Cooperatives","175","Tut","555-606-4332","3082","Business Development","Marney","marney.tut@example.com"
"Aruba","AW","Heman, Natala","Alcoa Inc.","35","Heman","555-449-8599","3083","Research and Development","Natala","natala.heman@example.com"
"Portugal","PT","Koerlin, Lisette","Scholastic Corp","743","Koerlin","555-783-6009","3084","Business Development","Lisette","lisette.koerlin@example.com"
"United Kingdom","GB","Resa, Enrique","First Data Corp.","330","Resa","555-570-8839","3085","Sales","Enrique","enrique.resa@example.com"
"Tuvalu","TV","Willner, Brianna","Compass Bancshares Inc","213","Willner","555-133-4080","3086","Licensing","Brianna","brianna.willner@example.com"
"Fiji","FJ","Dimphia, Ashil","Jack In The Box Inc.","453","Dimphia","555-611-4407","3087","Engineering","Ashil","ashil.dimphia@example.com"
"Germany","DE","Illyes, Juliet","Milacron Inc.","557","Illyes","555-761-6143","3088","Distribution","Juliet","juliet.illyes@example.com"
"Lithuania","LT","Adelric, Phaedra","Toys 'R' Us Inc","840","Adelric","555-555-7391","3089","IT Support","Phaedra","phaedra.adelric@example.com"
"Eritrea","ER","Konstanze, Bea","Darden Restaurants Inc.","250","Konstanze","555-252-683","3090","Production","Bea","bea.konstanze@example.com"
"China","CN","Tamah, Nerti","Brown Shoe Company, Inc.","149","Tamah","555-249-751","3091","Business Development","Nerti","nerti.tamah@example.com"
"French Southern and Antarctic Lands","TF","Aksel, Brian","Continental Airlines Inc.","227","Aksel","555-183-421","3092","Accounting","Brian","brian.aksel@example.com"
"Guyana","GY","Chuch, Bondy","USG Corporation","881","Chuch","555-290-8665","3093","Licensing","Bondy","bondy.chuch@example.com"
"Russia","RU","Rianna, Alvera","Unocal Corporation","873","Rianna","555-513-985","3094","Marketing","Alvera","alvera.rianna@example.com"
"Faroe Islands","FO","Jessamine, Stace","Genuine Parts Company","369","Jessamine","555-961-3065","3095","Sales","Stace","stace.jessamine@example.com"
"India","IN","Dail, Ernesto","Noble Energy Inc","588","Dail","555-933-5062","3096","Marketing","Ernesto","ernesto.dail@example.com"
"Albania","AL","Kowalski, Gan","Briggs & Stratton Corporation","144","Kowalski","555-974-9291","3097","Engineering","Gan","gan.kowalski@example.com"
"South Georgia and the South Sandwich Island","GS","Mindi, Pattin","WGL Holdings Inc","923","Mindi","555-902-9373","3098","Purchasing","Pattin","pattin.mindi@example.com"
"North Korea","KP","Armillia, Torr","Martin Marietta Materials Inc.","523","Armillia","555-284-6079","3099","Legal","Torr","torr.armillia@example.com"
"Cambodia","KH","Witte, Cherish","Principal Financial Group Inc.","683","Witte","555-217-9822","3100","Distribution","Cherish","cherish.witte@example.com"
"Antarctica","AQ","Mayor, Anny","United Technologies Corporation","867","Mayor","555-320-3652","3101","Operations","Anny","anny.mayor@example.com"
"Liechtenstein","LI","Atalanti, Gayleen","Franklin Resources Inc.","351","Atalanti","555-638-4306","3102","Engineering","Gayleen","gayleen.atalanti@example.com"
"Bolivia","BO","Mezoff, Jeane","Cooper Cameron Corp.","229","Mezoff","555-422-3631","3103","Legal","Jeane","jeane.mezoff@example.com"
"Uruguay","UY","Brosine, Richmound","Coca-Cola Enterprises Inc.","204","Brosine","555-605-6025","3104","Licensing","Richmound","richmound.brosine@example.com"
"Cameroon","CM","Pul, Cornela","M & T Bank Corporation","510","Pul","555-618-126","3105","Production","Cornela","cornela.pul@example.com"
"Haiti","HT","Poland, Lynea","Halliburton Co.","393","Poland","555-503-9851","3106","Customer Service","Lynea","lynea.poland@example.com"
"Kazakhstan","KZ","Calbert, Vaughn","TECO Energy Inc","815","Calbert","555-838-5821","3107","Sales","Vaughn","vaughn.calbert@example.com"
"Cameroon","CM","Burdett, Arabel","Burlington Resources Inc.","156","Burdett","555-322-6933","3108","Customer Service","Arabel","arabel.burdett@example.com"
"Kuwait","KW","Schreib, Jakob","Wisconsin Energy Corporation","930","Schreib","555-271-653","3109","Human Resources","Jakob","jakob.schreib@example.com"
"Kiribati","KI","Elmira, Janine","Northeast Utilities System","593","Elmira","555-810-2301","3110","Sales","Janine","janine.elmira@example.com"
"Republic of the Congo","CG","Corkhill, Ximenes","Mellon Financial Corporation","543","Corkhill","555-457-7937","3111","Marketing","Ximenes","ximenes.corkhill@example.com"
"Cyprus","CY","Brey, Sara","Administaff, Inc.","13","Brey","555-666-1547","3112","Human Resources","Sara","sara.brey@example.com"
"Bulgaria","BG","Jacquie, Pat","Black Hills Corporation","136","Jacquie","555-334-9083","3113","Strategy","Pat","pat.jacquie@example.com"
"Sweden","SE","Ennis, Vinson","Gap Inc.","356","Ennis","555-684-9700","3114","Research and Development","Vinson","vinson.ennis@example.com"
"Chile","CL","Gensler, Ryley","Trigon Healthcare Inc.","847","Gensler","555-879-4257","3115","Distribution","Ryley","ryley.gensler@example.com"
"Faroe Islands","FO","Rumpf, Helaine","BellSouth Corporation","124","Rumpf","555-707-4159","3116","Human Resources","Helaine","helaine.rumpf@example.com"
"Jamaica","JM","Richers, Kirsteni","Caremark Rx Inc.","165","Richers","555-111-2826","3117","Licensing","Kirsteni","kirsteni.richers@example.com"
"Wallis and Futuna","WF","Oswell, Ashlee","Phar Mor Inc.","656","Oswell","555-793-3068","3118","Marketing","Ashlee","ashlee.oswell@example.com"
"Malta","MT","Charmine, Gardy","American Power Conversion Corporation","49","Charmine","555-713-4896","3119","Operations","Gardy","gardy.charmine@example.com"
"Guadeloupe","GP","Hynes, Malena","3Com Corp","1","Hynes","555-208-6099","3120","Strategy","Malena","malena.hynes@example.com"
"British Virgin Islands","VG","Aile, Prudy","RoadwayCorp","721","Aile","555-582-3792","3121","IT Support","Prudy","prudy.aile@example.com"
"Saint Kitts and Nevis","KN","Parsons, Phineas","York International Corp","943","Parsons","555-397-8141","3122","Engineering","Phineas","phineas.parsons@example.com"
"Sweden","SE","Shaver, Adiana","Pantry Inc","630","Shaver","555-571-7667","3123","Human Resources","Adiana","adiana.shaver@example.com"
"Italy","IT","McConnell, Pietra","CNF Inc.","202","McConnell","555-756-738","3124","Strategy","Pietra","pietra.mcconnell@example.com"
"Mauritania","MR","Peoples, Samaria","Frontier Oil Corp","353","Peoples","555-318-333","3125","Accounting","Samaria","samaria.peoples@example.com"
"Macau","MO","Houston, Edeline","PNC Financial Services Group Inc.","669","Houston","555-349-9005","3126","Human Resources","Edeline","edeline.houston@example.com"
"Argentina","AR","Teufert, Adam","American Axle & Manufacturing Holdings, Inc.","54","Teufert","555-231-6889","3127","Sales","Adam","adam.teufert@example.com"
"Switzerland","CH","Brunella, Erminie","E*Trade Group, Inc.","284","Brunella","555-152-9647","3128","Legal","Erminie","erminie.brunella@example.com"
"Falkland Islands","FK","Missy, Christie","Apple Computer, Inc.","79","Missy","555-509-8404","3129","Strategy","Christie","christie.missy@example.com"
"France","FR","Herrera, Nelli","Adolph Coors Company","15","Herrera","555-903-5648","3130","Engineering","Nelli","nelli.herrera@example.com"
"Haiti","HT","Holly, Stefan","Knight-Ridder Inc.","475","Holly","555-369-3713","3131","Distribution","Stefan","stefan.holly@example.com"
"Trinidad and Tobago","TT","Bonita, Sari","Kohl's Corp.","476","Bonita","555-754-2194","3132","Marketing","Sari","sari.bonita@example.com"
"Cuba","CU","Colpin, Joe","Watsco Inc","911","Colpin","555-667-7431","3133","Business Development","Joe","joe.colpin@example.com"
"Niue","NU","Dotti, Henderson","National Rural Utilities Cooperative Finance Corporation","574","Dotti","555-502-4838","3134","Accounting","Henderson","henderson.dotti@example.com"
"Austria","AT","Fletcher, Catherina","Amazon.com, Inc.","47","Fletcher","555-872-5396","3135","IT Support","Catherina","catherina.fletcher@example.com"
"Antarctica","AQ","Krasner, Barbette","United Rentals Inc","865","Krasner","555-989-6977","3136","Production","Barbette","barbette.krasner@example.com"
"Peru","PE","Aenea, Carny","Maxim Integrated Products Inc.","528","Aenea","555-207-667","3137","Business Development","Carny","carny.aenea@example.com"
"Nigeria","NG","Eustashe, Ermengarde","SouthTrust Corp.","775","Eustashe","555-518-6099","3138","Accounting","Ermengarde","ermengarde.eustashe@example.com"
"Angola","AO","Nero, Gabriellia","Honeywell International Inc.","417","Nero","555-564-3779","3139","Research and Development","Gabriellia","gabriellia.nero@example.com"
"French Guiana","GF","Neely, Kerwinn","Burlington Industries, Inc.","154","Neely","555-604-8053","3140","Human Resources","Kerwinn","kerwinn.neely@example.com"
"Slovenia","SI","Sidwohl, Drucie","Coca-Cola Enterprises Inc.","204","Sidwohl","555-789-909","3141","IT Support","Drucie","drucie.sidwohl@example.com"
"French Polynesia","PF","Balfour, Rhodia","Scana Corp.","741","Balfour","555-135-2689","3142","Distribution","Rhodia","rhodia.balfour@example.com"
"Democratic Republic of the Congo","CD","Boiney, Huntlee","NVR Inc","602","Boiney","555-334-8090","3143","Customer Service","Huntlee","huntlee.boiney@example.com"
"Sint Maarten","SX","Cynara, Renae","Wisconsin Energy Corporation","930","Cynara","555-111-3873","3144","Strategy","Renae","renae.cynara@example.com"
"Germany","DE","Lopez, Emile","Unified Western Grocers Inc","857","Lopez","555-947-8213","3145","Distribution","Emile","emile.lopez@example.com"
"France","FR","Hamford, Cyndie","The Black & Decker Corporation","135","Hamford","555-177-8473","3146","Investing","Cyndie","cyndie.hamford@example.com"
"Armenia","AM","Sabah, Ardis","Principal Financial Group Inc.","683","Sabah","555-506-8383","3147","Customer Service","Ardis","ardis.sabah@example.com"
"Turks and Caicos Islands","TC","Stalder, Eddie","Ryland Group Inc.","732","Stalder","555-664-8081","3148","Investing","Eddie","eddie.stalder@example.com"
"Liberia","LR","Coad, Cheslie","Footstar Inc.","345","Coad","555-677-7713","3149","Insurance","Cheslie","cheslie.coad@example.com"
"Northern Mariana Islands","MP","Goran, Sidonnie","Air Products and Chemicals, Inc.","28","Goran","555-932-9701","3150","Strategy","Sidonnie","sidonnie.goran@example.com"
"Indonesia","ID","Aurelea, Alejandro","W.R. Berkley Corporation","898","Aurelea","555-239-4991","3151","Insurance","Alejandro","alejandro.aurelea@example.com"
"Ivory Coast ","CI","Kenrick, Willi","J.C. Penny Co.","450","Kenrick","555-729-1659","3152","Marketing","Willi","willi.kenrick@example.com"
"Cape Verde","CV","Kirwin, Augusta","Marathon Oil Corporation","516","Kirwin","555-597-8596","3153","Licensing","Augusta","augusta.kirwin@example.com"
"Brazil","BR","Klos, York","The Allstate Corporation","44","Klos","555-232-267","3154","Distribution","York","york.klos@example.com"
"Greece","GR","Halford, Kylynn","TECO Energy Inc","815","Halford","555-444-6067","3155","Distribution","Kylynn","kylynn.halford@example.com"
"Egypt","EG","Asante, Salvador","Foster Wheeler Ltd.","349","Asante","555-577-5826","3156","Purchasing","Salvador","salvador.asante@example.com"
"Czech Republic","CZ","Tabshey, Angelle","Provident Financial Group","689","Tabshey","555-446-7793","3157","Licensing","Angelle","angelle.tabshey@example.com"
"Bolivia","BO","Lynden, Joane","Banta Corporation","112","Lynden","555-373-6605","3158","Investing","Joane","joane.lynden@example.com"
"Belize","BZ","Jori, Merwyn","MPS Group Inc.","565","Jori","555-317-4997","3159","Business Development","Merwyn","merwyn.jori@example.com"
"Réunion","RE","Amie, Tamera","Baxter International Inc.","115","Amie","555-995-2456","3160","Investing","Tamera","tamera.amie@example.com"
"Papua New Guinea","PG","Wilona, Barclay","Williams Companies Inc","927","Wilona","555-270-7549","3161","Business Development","Barclay","barclay.wilona@example.com"
"Puerto Rico","PR","Kass, Solomon","US Airways Group Inc","877","Kass","555-576-269","3162","Strategy","Solomon","solomon.kass@example.com"
"Italy","IT","Berny, Kariotta","Micron Technology Inc.","555","Berny","555-346-6587","3163","Insurance","Kariotta","kariotta.berny@example.com"
"Curaçao","CW","Grimbly, Dalis","Apple Computer, Inc.","79","Grimbly","555-232-1232","3164","Human Resources","Dalis","dalis.grimbly@example.com"
"Liberia","LR","Duax, Ethan","Lowe's Companies Inc.","504","Duax","555-972-5679","3165","Marketing","Ethan","ethan.duax@example.com"
"Hungary","HU","Seth, Ailene","State Street Corp.","793","Seth","555-849-4101","3166","Distribution","Ailene","ailene.seth@example.com"
"Italy","IT","Trella, Malena","Burlington Resources Inc.","156","Trella","555-101-7615","3167","Licensing","Malena","malena.trella@example.com"
"Mauritius","MU","Lipski, Lin","Burlington Resources Inc.","156","Lipski","555-991-4951","3168","Engineering","Lin","lin.lipski@example.com"
"Sierra Leone","SL","Dyson, Ariella","Huntington Bancshares Inc.","426","Dyson","555-810-9430","3169","Sales","Ariella","ariella.dyson@example.com"
"Mauritius","MU","Belia, Harlie","Northern Trust Corporation","594","Belia","555-829-1995","3170","Production","Harlie","harlie.belia@example.com"
"Bolivia","BO","Mizuki, Brett","Smurfit-Stone Container Corp","767","Mizuki","555-669-5377","3171","Production","Brett","brett.mizuki@example.com"
"Aruba","AW","Karole, Jacob","Conoco Inc","221","Karole","555-119-2864","3172","Distribution","Jacob","jacob.karole@example.com"
"United Arab Emirates","AE","Kryska, Quincey","Storage Technology Corporation","800","Kryska","555-130-3953","3173","Strategy","Quincey","quincey.kryska@example.com"
"Lebanon","LB","Guildroy, Tim","Herman Miller Inc.","408","Guildroy","555-870-1911","3174","Production","Tim","tim.guildroy@example.com"
"Jordan","JO","Perla, Duane","Target Corp.","813","Perla","555-723-3328","3175","IT Support","Duane","duane.perla@example.com"
"Algeria","DZ","Sanyu, Kayley","Idacorp Inc.","427","Sanyu","555-838-154","3176","Sales","Kayley","kayley.sanyu@example.com"
"Curaçao","CW","Willner, Emory","CBRL Group Inc.","170","Willner","555-118-9543","3177","Accounting","Emory","emory.willner@example.com"
"Tajikistan","TJ","Eberle, Ulberto","Armstrong Holdings, Inc.","88","Eberle","555-613-6538","3178","Sales","Ulberto","ulberto.eberle@example.com"
"Sierra Leone","SL","Fae, Agnes","Metaldyne Corporation","548","Fae","555-281-9068","3179","Accounting","Agnes","agnes.fae@example.com"
"Tanzania","TZ","Moffitt, Rosalyn","Manpower Inc.","515","Moffitt","555-402-516","3180","Marketing","Rosalyn","rosalyn.moffitt@example.com"
"Syria","SY","Daphna, Delano","GATX Corporation","358","Daphna","555-548-8751","3181","Customer Service","Delano","delano.daphna@example.com"
"Sierra Leone","SL","Kubis, Melvin","Robert Half International Inc.","722","Kubis","555-150-1463","3182","Purchasing","Melvin","melvin.kubis@example.com"
"Croatia","HR","Valli, Toni","Oxford Health Plans Inc","624","Valli","555-559-1743","3183","Strategy","Toni","toni.valli@example.com"
"Brunei Darussalam","BN","Orlov, Alyssa","Gentek Inc.","367","Orlov","555-653-675","3184","Human Resources","Alyssa","alyssa.orlov@example.com"
"Réunion","RE","Latricia, Felice","Stein Mart Inc","796","Latricia","555-415-5653","3185","Human Resources","Felice","felice.latricia@example.com"
"Iceland","IS","Klenk, Ernestus","Quintiles Transnational","702","Klenk","555-326-8440","3186","Licensing","Ernestus","ernestus.klenk@example.com"
"Guadeloupe","GP","Cock, Sacha","The Goodyear Tire & Rubber Company","380","Cock","555-817-3801","3187","Marketing","Sacha","sacha.cock@example.com"
"Libya","LY","Metzgar, Alleyn","Burlington Northern Santa Fe Corporation","155","Metzgar","555-571-3699","3188","Research and Development","Alleyn","alleyn.metzgar@example.com"
"Turks and Caicos Islands","TC","Emmalynn, Derry","USA Interactive","879","Emmalynn","555-584-3602","3189","IT Support","Derry","derry.emmalynn@example.com"
"Colombia","CO","Litha, Paolo","Old Republic International Corp.","611","Litha","555-704-6795","3190","Marketing","Paolo","paolo.litha@example.com"
"Saint Helena, Ascension and Tristan da Cunha","SH","Silvano, Gonzales","Lockheed Martin Corporation","500","Silvano","555-631-1311","3191","Engineering","Gonzales","gonzales.silvano@example.com"
"Venezuela","VE","Gonzales, Parker","Trans World Entertainment Corp.","841","Gonzales","555-816-7397","3192","Human Resources","Parker","parker.gonzales@example.com"
"Chad","TD","Genisia, Othelia","Entergy Corporation","306","Genisia","555-709-8647","3193","Distribution","Othelia","othelia.genisia@example.com"
"Jersey","JE","Croix, Marybeth","Tenet Healthcare Corporation","822","Croix","555-859-2535","3194","Legal","Marybeth","marybeth.croix@example.com"
"Libya","LY","Simpson, D'Arcy","Universal Corporation","870","Simpson","555-299-2769","3195","Legal","D'Arcy","d'arcy.simpson@example.com"
"Algeria","DZ","Jannel, Ingeborg","Texas Instruments Incorporated","828","Jannel","555-761-7397","3196","Operations","Ingeborg","ingeborg.jannel@example.com"
"Sint Maarten","SX","Patnode, Karlie","CSK Auto Corp.","241","Patnode","555-465-1328","3197","Research and Development","Karlie","karlie.patnode@example.com"
"Dominican Republic","DO","Lira, Hendrick","American Greetings Corporation","59","Lira","555-982-1308","3198","Strategy","Hendrick","hendrick.lira@example.com"
"Taiwan","TW","Doss, Colas","Goldman Sachs Group Inc.","378","Doss","555-232-778","3199","Accounting","Colas","colas.doss@example.com"
"Bosnia and Herzegovina","BA","Ibbie, Zacharia","Lincoln National Corporation","496","Ibbie","555-131-1978","3200","Distribution","Zacharia","zacharia.ibbie@example.com"
"Bonaire, Saint Eustatius and Saba","BQ","Inman, Ralina","CSK Auto Corp.","241","Inman","555-932-2394","3201","Accounting","Ralina","ralina.inman@example.com"
"East Timor","TL","Maddalena, Vallie","FirstEnergy Corp.","333","Maddalena","555-779-2953","3202","Accounting","Vallie","vallie.maddalena@example.com"
"Christmas Island","CX","Rosemonde, Hale","Genuine Parts Company","369","Rosemonde","555-183-5685","3203","Licensing","Hale","hale.rosemonde@example.com"
"United States Virgin Islands","VI","Noelani, Timothee","Progress Energy Inc","686","Noelani","555-502-8302","3204","Operations","Timothee","timothee.noelani@example.com"
"Ethiopia","ET","Sparks, Evania","HCA Inc.","402","Sparks","555-211-2327","3205","IT Support","Evania","evania.sparks@example.com"
"Australia","AU","Fanchie, Madelin","Raymond James Financial Inc.","707","Fanchie","555-455-3852","3206","Business Development","Madelin","madelin.fanchie@example.com"
"Vietnam","VN","Perreault, Reiko","Sierra Pacific Resources","760","Perreault","555-488-8399","3207","Legal","Reiko","reiko.perreault@example.com"
"Syria","SY","Mehalick, Devon","Phelps Dodge Corp.","657","Mehalick","555-774-2045","3208","Strategy","Devon","devon.mehalick@example.com"
"Iran","IR","Mallorie, Birdie","Avery Dennison Corporation","102","Mallorie","555-777-1661","3209","Distribution","Birdie","birdie.mallorie@example.com"
"Myanmar","MM","Doble, Evonne","Household International Corp.","420","Doble","555-482-963","3210","Business Development","Evonne","evonne.doble@example.com"
"Taiwan","TW","Petula, Gil","Southwest Gas Corp","777","Petula","555-597-5593","3211","Human Resources","Gil","gil.petula@example.com"
"Azerbaijan","AZ","Donelu, Rica","UnumProvident Corporation","875","Donelu","555-523-4115","3212","Business Development","Rica","rica.donelu@example.com"
"Morocco","MA","Vento, Minnie","Outback Steakhouse Inc.","620","Vento","555-380-5053","3213","Distribution","Minnie","minnie.vento@example.com"
"Sierra Leone","SL","Hamel, Tremain","Procter & Gamble Co.","684","Hamel","555-340-5796","3214","Accounting","Tremain","tremain.hamel@example.com"
"American Samoa","AS","Shalom, Ree","Alcoa Inc.","35","Shalom","555-692-5632","3215","Sales","Ree","ree.shalom@example.com"
"Bahamas","BS","Hancock, Jacynth","Standard Pacific Corp.","788","Hancock","555-150-9722","3216","Investing","Jacynth","jacynth.hancock@example.com"
"Sudan Sudan","SD","Winnah, Tillie","Solectron Corp","769","Winnah","555-420-1786","3217","Business Development","Tillie","tillie.winnah@example.com"
"Gabon","GA","Jovitah, Shelley","Dollar General Corporation","266","Jovitah","555-729-9923","3218","Legal","Shelley","shelley.jovitah@example.com"
"Russia","RU","Tiphani, Hally","Fleetwood Enterprises Inc.","337","Tiphani","555-338-8127","3219","Distribution","Hally","hally.tiphani@example.com"
"Denmark","DK","Adrial, Melli","TravelCenters of America Inc.","844","Adrial","555-296-4214","3220","Research and Development","Melli","melli.adrial@example.com"
"East Timor","TL","Shirley, Caterina","Grey Global Group Inc.","387","Shirley","555-192-4151","3221","Operations","Caterina","caterina.shirley@example.com"
"Iceland","IS","Wailoo, Renaud","Analog Devices, Inc.","71","Wailoo","555-535-8317","3222","Business Development","Renaud","renaud.wailoo@example.com"
"Iraq","IQ","Outhe, Keen","PerkinElmer Inc","648","Outhe","555-251-9225","3223","Accounting","Keen","keen.outhe@example.com"
"Bermuda","BM","Iz, Nowell","McDonald's Corporation","535","Iz","555-743-4514","3224","Investing","Nowell","nowell.iz@example.com"
"Saint Helena, Ascension and Tristan da Cunha","SH","Donnelly, Conrado","Comfort Systems USA Inc.","210","Donnelly","555-760-1346","3225","Legal","Conrado","conrado.donnelly@example.com"
"Norway","NO","Hamann, Chadd","Gap Inc.","356","Hamann","555-495-264","3226","Legal","Chadd","chadd.hamann@example.com"
"British Indian Ocean Territory","IO","Harlow, Aleece","Hercules Inc.","407","Harlow","555-297-39","3227","Research and Development","Aleece","aleece.harlow@example.com"
"Sweden","SE","Bruyn, Perl","AutoNation, Inc.","99","Bruyn","555-550-1918","3228","Strategy","Perl","perl.bruyn@example.com"
"Slovakia","SK","Mallen, Helli","Washington Mutual Inc","908","Mallen","555-816-5897","3229","Purchasing","Helli","helli.mallen@example.com"
"Malaysia","MY","Viveca, Fayina","Old Republic International Corp.","611","Viveca","555-996-3660","3230","Production","Fayina","fayina.viveca@example.com"
"Lebanon","LB","Gusty, Berry","Shaw Group Inc","755","Gusty","555-587-6904","3231","Strategy","Berry","berry.gusty@example.com"
"Monaco","MC","Hege, Salomi","Centex Corp.","176","Hege","555-843-6626","3232","Marketing","Salomi","salomi.hege@example.com"
"Micronesia","FM","Eisen, Latia","Lithia Motors Inc.","498","Eisen","555-696-4438","3233","Legal","Latia","latia.eisen@example.com"
"Tuvalu","TV","Schreib, Edyth","Dow Jones & Company, Inc.","272","Schreib","555-765-4131","3234","Purchasing","Edyth","edyth.schreib@example.com"
"Micronesia","FM","Wells, Elfie","Thomas & Betts Corporation","831","Wells","555-816-2709","3235","Operations","Elfie","elfie.wells@example.com"
"Swaziland","SZ","Arnold, Hayward","Federated Department Stores Inc.","323","Arnold","555-772-9714","3236","Purchasing","Hayward","hayward.arnold@example.com"
"Bouvet Island","BV","Neumeyer, Kenyon","US Oncology Inc","878","Neumeyer","555-817-6420","3237","Legal","Kenyon","kenyon.neumeyer@example.com"
"Peru","PE","Shae, Dalia","First Tennessee National Corp.","332","Shae","555-508-7995","3238","Purchasing","Dalia","dalia.shae@example.com"
"Georgia","GE","Killian, Tiffi","Gold Kist Inc.","375","Killian","555-342-1882","3239","Sales","Tiffi","tiffi.killian@example.com"
"Suriname","SR","Pappano, Ravid","Sysco Corp","811","Pappano","555-795-8044","3240","Insurance","Ravid","ravid.pappano@example.com"
"Indonesia","ID","Prissie, Nicolea","ABM Industries Incorporated","6","Prissie","555-700-1793","3241","Human Resources","Nicolea","nicolea.prissie@example.com"
"State of Palestine","PS","Rinaldo, Breanne","Fairchild Semiconductor International Inc.","319","Rinaldo","555-366-7201","3242","Accounting","Breanne","breanne.rinaldo@example.com"
"Nigeria","NE","Rubel, Liam","Wisconsin Energy Corporation","930","Rubel","555-727-5531","3243","Insurance","Liam","liam.rubel@example.com"
"Finland","FI","Edsel, Holden","Staff Leasing Inc.","786","Edsel","555-782-531","3244","Production","Holden","holden.edsel@example.com"
"Bulgaria","BG","Geibel, Keene","Danaher Corporation","249","Geibel","555-494-3912","3245","Production","Keene","keene.geibel@example.com"
"Turkey","TR","Naval, Natty","Integrated Electrical Services Inc.","437","Naval","555-800-7029","3246","Sales","Natty","natty.naval@example.com"
"Mozambique","MZ","Georgeta, Glen","Union Planters Corp","859","Georgeta","555-395-5517","3247","Customer Service","Glen","glen.georgeta@example.com"
"Gabon","GA","Cathey, Bald","J.C. Penny Co.","450","Cathey","555-507-4572","3248","Engineering","Bald","bald.cathey@example.com"
"Australia","AU","Stilu, Alvy","Metaldyne Corporation","548","Stilu","555-189-5300","3249","Operations","Alvy","alvy.stilu@example.com"
"Montserrat","MS","Jenks, Linnea","Universal Corporation","870","Jenks","555-488-6269","3250","Business Development","Linnea","linnea.jenks@example.com"
"Heard Island and McDonald Islands","HM","Os, Cesya","Whirlpool Corporation","924","Os","555-842-2137","3251","Production","Cesya","cesya.os@example.com"
"Benin","BJ","Saffier, Emlyn","National Rural Utilities Cooperative Finance Corporation","574","Saffier","555-381-4432","3252","Legal","Emlyn","emlyn.saffier@example.com"
"Tanzania","TZ","Catlin, Rolando","NiSource Inc","587","Catlin","555-114-4388","3253","Business Development","Rolando","rolando.catlin@example.com"
"French Southern and Antarctic Lands","TF","Susanetta, Bayard","American Express Company","57","Susanetta","555-369-1524","3254","Marketing","Bayard","bayard.susanetta@example.com"
"Greece","GR","Templeton, Vasily","Progressive Corporation","687","Templeton","555-537-5996","3255","Research and Development","Vasily","vasily.templeton@example.com"
"Myanmar","MM","Hedveh, Simon","Sprint Corp.","782","Hedveh","555-345-1454","3256","Marketing","Simon","simon.hedveh@example.com"
"Kazakhstan","KZ","Critchfield, Donelle","Lennar Corporation","490","Critchfield","555-730-368","3257","Strategy","Donelle","donelle.critchfield@example.com"
"Brunei Darussalam","BN","Calvinna, Gelya","Tribune Company","846","Calvinna","555-163-7874","3258","Accounting","Gelya","gelya.calvinna@example.com"
"Kyrgyzstan","KG","Faletti, Andee","Sysco Corp","811","Faletti","555-432-661","3259","Customer Service","Andee","andee.faletti@example.com"
"Andorra","AD","Lucais, Etan","M & T Bank Corporation","510","Lucais","555-184-9330","3260","Marketing","Etan","etan.lucais@example.com"
"Afghanistan","AF","Mile, Inge","Saks Inc","737","Mile","555-392-7153","3261","Engineering","Inge","inge.mile@example.com"
"United Kingdom","GB","Archibaldo, Marcello","Bausch & Lomb Incorporated","114","Archibaldo","555-235-3474","3262","Strategy","Marcello","marcello.archibaldo@example.com"
"Macau","MO","Meade, Cara","Nike Inc","586","Meade","555-788-3710","3263","Investing","Cara","cara.meade@example.com"
"South Sudan","SS","Evers, Chrisse","General Mills Inc","364","Evers","555-103-2927","3264","Operations","Chrisse","chrisse.evers@example.com"
"Saint Helena, Ascension and Tristan da Cunha","SH","Lefkowitz, Markus","Tiffany & Co","832","Lefkowitz","555-318-8404","3265","Purchasing","Markus","markus.lefkowitz@example.com"
"Cocos (Keeling) Islands","CC","Terryl, Eve","Sierra Pacific Resources","760","Terryl","555-435-9720","3266","Legal","Eve","eve.terryl@example.com"
"Ethiopia","ET","Schwejda, Lyndsie","Oxford Health Plans Inc","624","Schwejda","555-304-1683","3267","Purchasing","Lyndsie","lyndsie.schwejda@example.com"
"Cook Islands","CK","Berlauda, Raymund","Polaris Industries Inc.","671","Berlauda","555-583-9390","3268","Engineering","Raymund","raymund.berlauda@example.com"
"South Georgia and the South Sandwich Island","GS","Benildis, Dorine","Dominion Resources, Inc.","268","Benildis","555-290-7181","3269","Accounting","Dorine","dorine.benildis@example.com"
"Nauru","NR","Giuliana, Hamlin","Marshall & Ilsley Corporation","522","Giuliana","555-313-3922","3270","Operations","Hamlin","hamlin.giuliana@example.com"
"Western Sahara","EH","Lonee, Corrianne","Southern Company","773","Lonee","555-197-2071","3271","Engineering","Corrianne","corrianne.lonee@example.com"
"Ivory Coast ","CI","Richards, Sharleen","Smith International Inc","765","Richards","555-669-5870","3272","Human Resources","Sharleen","sharleen.richards@example.com"
"Luxembourg","LU","Kaylee, Alick","Applied Industrial Technologies, Inc.","81","Kaylee","555-365-3065","3273","Strategy","Alick","alick.kaylee@example.com"
"Jersey","JE","Feodore, Wilmar","National City Corp.","570","Feodore","555-947-5460","3274","Human Resources","Wilmar","wilmar.feodore@example.com"
"Costa Rica","CR","Beitz, Broddie","Milacron Inc.","557","Beitz","555-601-7034","3275","Engineering","Broddie","broddie.beitz@example.com"
"Latvia","LV","Surovy, Sarah","Acterna Corp.","9","Surovy","555-543-5409","3276","Operations","Sarah","sarah.surovy@example.com"
"Malta","MT","Behnken, Vita","IMS Health Inc.","433","Behnken","555-609-4803","3277","Business Development","Vita","vita.behnken@example.com"
"Saint Barthélemy","BL","Rexferd, Siusan","AMERCO","51","Rexferd","555-639-9576","3278","Legal","Siusan","siusan.rexferd@example.com"
"Chile","CL","Dowlen, Liv","ExxonMobil Corporation","318","Dowlen","555-164-4444","3279","Sales","Liv","liv.dowlen@example.com"
"Finland","FI","Wiles, Ninette","El Paso Corporation","294","Wiles","555-530-6123","3280","Sales","Ninette","ninette.wiles@example.com"
"Palau","PW","Seibold, Esteban","Markel Corporation","518","Seibold","555-928-1698","3281","Operations","Esteban","esteban.seibold@example.com"
"United States Virgin Islands","VI","Danyette, Mersey","Ball Corporation","107","Danyette","555-859-8323","3282","Production","Mersey","mersey.danyette@example.com"
"Lebanon","LB","Demeyer, Fernandina","Harley-Davidson Inc.","394","Demeyer","555-246-6197","3283","Marketing","Fernandina","fernandina.demeyer@example.com"
"Cape Verde","CV","Gazo, Clay","Gentiva Health Services Inc.","368","Gazo","555-713-8887","3284","Accounting","Clay","clay.gazo@example.com"
"Faroe Islands","FO","Armelda, Boonie","FleetBoston Financial Co.","336","Armelda","555-851-9886","3285","Accounting","Boonie","boonie.armelda@example.com"
"Zimbabwe","ZW","Madaras, Ainsley","Cablevision Systems Corp","158","Madaras","555-644-4221","3286","Investing","Ainsley","ainsley.madaras@example.com"
"Mauritius","MU","Mich, Maxie","Idacorp Inc.","427","Mich","555-172-428","3287","Purchasing","Maxie","maxie.mich@example.com"
"Comoros","KM","Monica, Ware","Wellpoint Health Networks Inc","914","Monica","555-699-7832","3288","Research and Development","Ware","ware.monica@example.com"
"Sao Tome and Principe","ST","Faydra, Burnard","Regis Corporation","712","Faydra","555-851-1459","3289","Customer Service","Burnard","burnard.faydra@example.com"
"American Samoa","AS","Aronson, Noelle","Ceridian Corp.","178","Aronson","555-915-5296","3290","Business Development","Noelle","noelle.aronson@example.com"
"New Zealand","NZ","Crain, Simonette","Pro-Fac Cooperative Inc.","685","Crain","555-243-8871","3291","Production","Simonette","simonette.crain@example.com"
"Argentina","AR","Ricarda, Alexandro","State Street Corp.","793","Ricarda","555-759-1332","3292","Insurance","Alexandro","alexandro.ricarda@example.com"
"Brazil","BR","Sarge, Bucky","DPL Inc.","273","Sarge","555-838-8715","3293","Human Resources","Bucky","bucky.sarge@example.com"
"Belize","BZ","Wetzel, Corliss","Nabors Industries Inc","567","Wetzel","555-360-1216","3294","Research and Development","Corliss","corliss.wetzel@example.com"
"Chad","TD","Soloma, Cassandre","Popular Inc","674","Soloma","555-786-5579","3295","Business Development","Cassandre","cassandre.soloma@example.com"
"Cook Islands","CK","Noah, Claus","DURA Automotive Systems Inc.","281","Noah","555-710-9658","3296","Legal","Claus","claus.noah@example.com"
"Netherlands","NL","Berrie, Hastie","Nordstrom Inc","589","Berrie","555-380-3591","3297","IT Support","Hastie","hastie.berrie@example.com"
"State of Palestine","PS","Billmyre, Oliver","Felcor Lodging Trust Inc.","325","Billmyre","555-307-3723","3298","Insurance","Oliver","oliver.billmyre@example.com"
"Ethiopia","ET","Fortier, Cherrita","AOL Time Warner Inc.","76","Fortier","555-951-9211","3299","Business Development","Cherrita","cherrita.fortier@example.com"
"Madagascar","MG","Absalom, Rosalynd","Applied Industrial Technologies, Inc.","81","Absalom","555-824-2872","3300","IT Support","Rosalynd","rosalynd.absalom@example.com"
"Namibia","NA","Ellga, Leonidas","Scotts Company","747","Ellga","555-519-7915","3301","Human Resources","Leonidas","leonidas.ellga@example.com"
"Christmas Island","CX","Berkow, Margie","DaVita Inc.","251","Berkow","555-335-7562","3302","Legal","Margie","margie.berkow@example.com"
"Ireland","IE","Cyrie, Pauletta","Stilwell Financial Inc","799","Cyrie","555-324-5751","3303","IT Support","Pauletta","pauletta.cyrie@example.com"
"Switzerland","CH","Butta, Salim","Express Scripts Inc.","317","Butta","555-772-455","3304","Investing","Salim","salim.butta@example.com"
"Kiribati","KI","Scotty, Breanne","RGS Energy Group Inc","718","Scotty","555-712-1565","3305","Business Development","Breanne","breanne.scotty@example.com"
"Syria","SY","Gleda, Beitris","Fortune Brands Inc.","348","Gleda","555-426-6974","3306","Business Development","Beitris","beitris.gleda@example.com"
"Bahrain","BH","Hound, Deeann","Intel Corporation","438","Hound","555-627-9724","3307","Customer Service","Deeann","deeann.hound@example.com"
"North Korea","KP","Verger, Burg","Manpower Inc.","515","Verger","555-783-5393","3308","Insurance","Burg","burg.verger@example.com"
"Egypt","EG","Monjan, Cloris","Pittston Brinks Group","667","Monjan","555-367-8577","3309","Operations","Cloris","cloris.monjan@example.com"
"East Timor","TL","Reisfield, Tybie","Performance Food Group Co.","646","Reisfield","555-453-3494","3310","Distribution","Tybie","tybie.reisfield@example.com"
"Macedonia","MK","Adi, Annabell","Ecolab Inc.","291","Adi","555-494-5579","3311","Licensing","Annabell","annabell.adi@example.com"
"Norfolk Island","NF","Sclar, Melisandra","Pier 1 Imports Inc.","662","Sclar","555-399-4627","3312","Investing","Melisandra","melisandra.sclar@example.com"
"Saint Kitts and Nevis","KN","Kimmel, Nolie","Beverly Enterprises, Inc.","131","Kimmel","555-474-2650","3313","IT Support","Nolie","nolie.kimmel@example.com"
"Bosnia and Herzegovina","BA","Niccolo, Maurise","Pep Boys Manny, Moe & Jack","641","Niccolo","555-484-2270","3314","Engineering","Maurise","maurise.niccolo@example.com"
"Antarctica","AQ","Blackwell, Luisa","CVS Corp.","244","Blackwell","555-705-7226","3315","Distribution","Luisa","luisa.blackwell@example.com"
"United Kingdom","GB","Delbert, Suzi","Navistar International Corporation","577","Delbert","555-903-5606","3316","Research and Development","Suzi","suzi.delbert@example.com"
"Saint Martin","MF","Nesline, Toni","Willamette Industries Inc.","926","Nesline","555-926-9736","3317","Customer Service","Toni","toni.nesline@example.com"
"Bhutan","BT","Jessika, Ash","Rent A Center Inc","715","Jessika","555-474-1012","3318","Production","Ash","ash.jessika@example.com"
"Thailand","TH","Roscoe, Constantia","Advantica Restaurant Group, Inc.","19","Roscoe","555-870-2572","3319","Business Development","Constantia","constantia.roscoe@example.com"
"Dominican Republic","DO","Marylee, Stacia","Astoria Financial Corporation","92","Marylee","555-671-97","3320","Purchasing","Stacia","stacia.marylee@example.com"
"Bangladesh","BD","Janice, Olivie","Federated Department Stores Inc.","323","Janice","555-988-9863","3321","Marketing","Olivie","olivie.janice@example.com"
"Lithuania","LT","Adriell, Rosaleen","IT Group Inc.","446","Adriell","555-483-8004","3322","Business Development","Rosaleen","rosaleen.adriell@example.com"
"Mongolia","MN","Zink, Murray","Maxxam Inc.","530","Zink","555-201-6042","3323","Marketing","Murray","murray.zink@example.com"
"Hungary","HU","Tom, Cory","Anheuser-Busch Companies, Inc.","72","Tom","555-497-1189","3324","Investing","Cory","cory.tom@example.com"
"Botswana","BW","Dorotea, Dolli","Champion Enterprises Inc.","180","Dorotea","555-278-6031","3325","Operations","Dolli","dolli.dorotea@example.com"
"Italy","IT","Leonardi, Beilul","Owens & Minor Inc.","621","Leonardi","555-893-5724","3326","Customer Service","Beilul","beilul.leonardi@example.com"
"United Arab Emirates","AE","Sauder, Edgardo","TMP Worldwide Inc","835","Sauder","555-262-4743","3327","Licensing","Edgardo","edgardo.sauder@example.com"
"Spain","ES","Middle, Kingsley","Public Service Enterprise Group Inc.","693","Middle","555-894-4897","3328","Purchasing","Kingsley","kingsley.middle@example.com"
"Lithuania","LT","Jessy, Consolata","Lexmark International Inc.","494","Jessy","555-162-8159","3329","IT Support","Consolata","consolata.jessy@example.com"
"American Samoa","AS","Monro, Hastie","Lennar Corporation","490","Monro","555-914-2925","3330","Investing","Hastie","hastie.monro@example.com"
"Rwanda","RW","Reamy, Penny","Synovus Financial Corp.","810","Reamy","555-132-9116","3331","Research and Development","Penny","penny.reamy@example.com"
"Guinea","GN","Teufert, Perla","Ryerson Tull Inc","731","Teufert","555-710-7920","3332","Production","Perla","perla.teufert@example.com"
"Papua New Guinea","PG","Valli, Orly","Bell Microproducts Inc.","123","Valli","555-536-9626","3333","Operations","Orly","orly.valli@example.com"
"China","CN","Lafleur, Filippa","Silicon Graphics Inc","762","Lafleur","555-326-1036","3334","Investing","Filippa","filippa.lafleur@example.com"
"Equatorial Guinea","GQ","Schnabel, Margery","CNF Inc.","202","Schnabel","555-978-1763","3335","Business Development","Margery","margery.schnabel@example.com"
"Israel","IL","Adan, Antony","Ace Hardware Corporation","7","Adan","555-996-7840","3336","Operations","Antony","antony.adan@example.com"
"Guernsey","GG","Atalie, Raymund","Energy East Corporation","303","Atalie","555-274-5515","3337","Business Development","Raymund","raymund.atalie@example.com"
"North Korea","KP","Moss, Wenonah","Rite Aid Corp","719","Moss","555-777-9452","3338","Distribution","Wenonah","wenonah.moss@example.com"
"South Africa","ZA","Wohlen, Cammy","DIMON Incorporated","264","Wohlen","555-306-3924","3339","Sales","Cammy","cammy.wohlen@example.com"
"Tonga","TO","Stoddart, Warden","WESCO International Inc","918","Stoddart","555-405-4209","3340","Production","Warden","warden.stoddart@example.com"
"Jamaica","JM","Rilda, Goran","Raymond James Financial Inc.","707","Rilda","555-215-7395","3341","Distribution","Goran","goran.rilda@example.com"
"Fiji","FJ","Dewees, Retha","The Bear Stearns Companies Inc.","117","Dewees","555-751-7337","3342","Insurance","Retha","retha.dewees@example.com"
"Paraguay","PY","Harms, Even","Viasystems Group Inc","893","Harms","555-475-9498","3343","Business Development","Even","even.harms@example.com"
"New Zealand","NZ","Wilder, Agnola","Sun Healthcare Group Inc.","802","Wilder","555-242-5201","3344","Engineering","Agnola","agnola.wilder@example.com"
"Saint Lucia","LC","Burnsed, Guillermo","MDU Resources Group Inc.","540","Burnsed","555-399-9539","3345","Engineering","Guillermo","guillermo.burnsed@example.com"
"British Indian Ocean Territory","IO","Farica, Conchita","MBNA Corporation","533","Farica","555-567-9100","3346","Production","Conchita","conchita.farica@example.com"
"South Georgia and the South Sandwich Island","GS","Levison, Carley","Bausch & Lomb Incorporated","114","Levison","555-198-905","3347","Investing","Carley","carley.levison@example.com"
"Monaco","MC","Horgan, Bob","Crompton Corp.","239","Horgan","555-350-765","3348","Insurance","Bob","bob.horgan@example.com"
"Finland","FI","Gawlas, Zaria","Ball Corporation","107","Gawlas","555-767-9954","3349","Distribution","Zaria","zaria.gawlas@example.com"
"Bhutan","BT","Shelly, Rebe","Newmont Mining Corporation","583","Shelly","555-960-10","3350","Purchasing","Rebe","rebe.shelly@example.com"
"American Samoa","AS","Damick, Orly","Volt Information Sciences Inc","896","Damick","555-927-3039","3351","Human Resources","Orly","orly.damick@example.com"
"Poland","PL","Hittel, Evangeline","Southwest Gas Corp","777","Hittel","555-654-4529","3352","Production","Evangeline","evangeline.hittel@example.com"
"State of Palestine","PS","Mun, Freemon","ABM Industries Incorporated","6","Mun","555-170-5298","3353","Research and Development","Freemon","freemon.mun@example.com"
"Sudan Sudan","SD","Ken, Antonetta","MasTec Inc.","526","Ken","555-973-6875","3354","Sales","Antonetta","antonetta.ken@example.com"
"Myanmar","MM","Post, Myrtice","AmSouth Bancorp.","68","Post","555-307-9584","3355","Licensing","Myrtice","myrtice.post@example.com"
"Saint Barthélemy","BL","Schwejda, Pavel","Analog Devices, Inc.","71","Schwejda","555-679-1053","3356","Legal","Pavel","pavel.schwejda@example.com"
"Chile","CL","Madian, Giulietta","Electronic Arts Inc.","295","Madian","555-229-61","3357","Marketing","Giulietta","giulietta.madian@example.com"
"Serbia","RS","Par, Johannes","Rock-Tenn Co","723","Par","555-357-861","3358","Licensing","Johannes","johannes.par@example.com"
"Oman","OM","Cassey, Marie-Ann","Raytheon Company","708","Cassey","555-908-8211","3359","Strategy","Marie-Ann","marie-ann.cassey@example.com"
"Saint Barthélemy","BL","Hooper, Mikael","Potomac Electric Power Co.","642","Hooper","555-790-917","3360","Investing","Mikael","mikael.hooper@example.com"
"Paraguay","PY","Flossy, Rosy","Convergys Corp.","228","Flossy","555-851-8900","3361","Accounting","Rosy","rosy.flossy@example.com"
"Isle of Man","IM","Toney, Rania","Oshkosh Truck Corp","619","Toney","555-776-6603","3362","Production","Rania","rania.toney@example.com"
"Puerto Rico","PR","Lindi, Yolande","Echostar Communications Corporation","290","Lindi","555-997-2878","3363","Research and Development","Yolande","yolande.lindi@example.com"
"Burkina Faso","BF","Julieta, Palm","UnumProvident Corporation","875","Julieta","555-798-5445","3364","Accounting","Palm","palm.julieta@example.com"
"Zimbabwe","ZW","Lorilyn, Maggi","Willamette Industries Inc.","926","Lorilyn","555-280-5454","3365","Investing","Maggi","maggi.lorilyn@example.com"
"Serbia","RS","Silden, Torrance","Charter One Financial Inc.","184","Silden","555-548-4737","3366","Operations","Torrance","torrance.silden@example.com"
"Rwanda","RW","Katrina, Anny","Albertson's, Inc.","34","Katrina","555-422-4839","3367","Marketing","Anny","anny.katrina@example.com"
"Spain","ES","Veronika, Tiff","Valspar Corporation","884","Veronika","555-321-8941","3368","Accounting","Tiff","tiff.veronika@example.com"
"Saint Barthélemy","BL","Linus, Thelma","Dillard's Inc.","263","Linus","555-416-5841","3369","Production","Thelma","thelma.linus@example.com"
"Barbados","BB","Lorrin, Roobbie","Commercial Metals Co.","211","Lorrin","555-496-2425","3370","Purchasing","Roobbie","roobbie.lorrin@example.com"
"Syria","SY","Kolb, Corly","Swift Transportation, Co., Inc","808","Kolb","555-935-7998","3371","Purchasing","Corly","corly.kolb@example.com"
"Tonga","TO","Castra, Esme","On Semiconductor Corp","616","Castra","555-849-2847","3372","Purchasing","Esme","esme.castra@example.com"
"Northern Mariana Islands","MP","Deborah, Kari","Mattel Inc.","527","Deborah","555-248-6704","3373","Human Resources","Kari","kari.deborah@example.com"
"Nicaragua","NI","Dorlisa, Dela","Motorola Inc.","564","Dorlisa","555-645-6022","3374","Distribution","Dela","dela.dorlisa@example.com"
"South Korea ","KR","Menell, Marcille","Teradyne Inc","824","Menell","555-746-1608","3375","Licensing","Marcille","marcille.menell@example.com"
"Canada","CA","Noach, Ricard","Express Scripts Inc.","317","Noach","555-963-3211","3376","Insurance","Ricard","ricard.noach@example.com"
"Burkina Faso","BF","Pope, Giffard","AK Steel Holding Corporation","31","Pope","555-934-9235","3377","Operations","Giffard","giffard.pope@example.com"
"Bhutan","BT","Korman, Roldan","TECO Energy Inc","815","Korman","555-268-6718","3378","Research and Development","Roldan","roldan.korman@example.com"
"United Arab Emirates","AE","Konstance, Dianne","Sempra Energy","751","Konstance","555-936-6466","3379","Licensing","Dianne","dianne.konstance@example.com"
"Venezuela","VE","Isa, Amanda","Computer Associates International Inc.","214","Isa","555-292-1195","3380","Strategy","Amanda","amanda.isa@example.com"
"Czech Republic","CZ","Giselbert, Alla","AFLAC Incorporated","23","Giselbert","555-158-3469","3381","Human Resources","Alla","alla.giselbert@example.com"
"Qatar","QA","Norene, Lion","Timken Company","833","Norene","555-481-5642","3382","Human Resources","Lion","lion.norene@example.com"
"Gibraltar","GI","Clayberg, Katuscha","Bristol-Myers Squibb Company","147","Clayberg","555-667-1156","3383","Research and Development","Katuscha","katuscha.clayberg@example.com"
"Bahrain","BH","Thomajan, Neil","Wachovia Corporation","901","Thomajan","555-603-2335","3384","Distribution","Neil","neil.thomajan@example.com"
"Tokelau","TK","Lonee, Nicki","ExxonMobil Corporation","318","Lonee","555-168-1562","3385","Production","Nicki","nicki.lonee@example.com"
"Germany","DE","Hizar, ErvIn","Republic Services Inc","716","Hizar","555-904-8586","3386","Engineering","ErvIn","ervin.hizar@example.com"
"Brunei Darussalam","BN","Lita, Ula","Adolph Coors Company","15","Lita","555-136-2694","3387","Business Development","Ula","ula.lita@example.com"
"Brunei Darussalam","BN","Josefina, Gavrielle","Wisconsin Energy Corporation","930","Josefina","555-118-8759","3388","Operations","Gavrielle","gavrielle.josefina@example.com"
"Bolivia","BO","Shurlocke, Gay","Telephone & Data Systems Inc","819","Shurlocke","555-352-8402","3389","Customer Service","Gay","gay.shurlocke@example.com"
"Iran","IR","Irwin, Daffie","Magellan Health Services Inc.","511","Irwin","555-163-7749","3390","Operations","Daffie","daffie.irwin@example.com"
"Montserrat","MS","Lanford, Desdemona","Abercrombie & Fitch Co.","5","Lanford","555-610-3876","3391","Operations","Desdemona","desdemona.lanford@example.com"
"Libya","LY","Berardo, Urson","Lowe's Companies Inc.","504","Berardo","555-394-692","3392","Operations","Urson","urson.berardo@example.com"
"Algeria","DZ","Ariella, Aigneis","Volt Information Sciences Inc","896","Ariella","555-652-8579","3393","Insurance","Aigneis","aigneis.ariella@example.com"
"Nauru","NR","Francesco, Marianne","Safeguard Scientifics Inc.","735","Francesco","555-798-6341","3394","Customer Service","Marianne","marianne.francesco@example.com"
"Vatican City","VA","Cherianne, Roshelle","The Men's Wearhouse Inc.","544","Cherianne","555-645-9128","3395","Sales","Roshelle","roshelle.cherianne@example.com"
"Mali","ML","Witkin, Chris","Atmos Energy Corporation","95","Witkin","555-415-998","3396","IT Support","Chris","chris.witkin@example.com"
"Laos","LA","Iddo, Ailis","Safeway Inc","736","Iddo","555-115-3397","3397","Human Resources","Ailis","ailis.iddo@example.com"
"Puerto Rico","PR","Standush, Nomi","Teradyne Inc","824","Standush","555-848-7250","3398","Investing","Nomi","nomi.standush@example.com"
"Oman","OM","Pearce, Rosie","Unisource Energy Corp","860","Pearce","555-752-1031","3399","Purchasing","Rosie","rosie.pearce@example.com"
"Wallis and Futuna","WF","Nellda, Chastity","TJX Companies Inc","834","Nellda","555-435-4454","3400","Purchasing","Chastity","chastity.nellda@example.com"
"Malta","MT","Emili, Netty","Pulte Homes Inc","696","Emili","555-969-2007","3401","Strategy","Netty","netty.emili@example.com"
"Slovakia","SK","Alvera, Calvin","Reliant Energy Inc.","714","Alvera","555-720-8598","3402","Engineering","Calvin","calvin.alvera@example.com"
"Pakistan","PK","Kask, Raviv","Stewart & Stevenson Services Inc","797","Kask","555-487-6625","3403","Engineering","Raviv","raviv.kask@example.com"
"Chile","CL","Vitoria, Mychal","US Oncology Inc","878","Vitoria","555-337-9893","3404","Strategy","Mychal","mychal.vitoria@example.com"
"Gabon","GA","Rubenstein, Ailee","Gateway Inc.","357","Rubenstein","555-257-6368","3405","Investing","Ailee","ailee.rubenstein@example.com"
"Brazil","BR","Thatch, Ansley","Grey Global Group Inc.","387","Thatch","555-472-3340","3406","Licensing","Ansley","ansley.thatch@example.com"
"South Africa","ZA","Williamsen, Heinrik","Apple Computer, Inc.","79","Williamsen","555-254-5159","3407","Purchasing","Heinrik","heinrik.williamsen@example.com"
"Bahamas","BS","Ching, Mersey","CDW Computer Centers Inc.","172","Ching","555-299-5117","3408","Sales","Mersey","mersey.ching@example.com"
"Poland","PL","Sophia, Caz","Compuware Corp.","216","Sophia","555-669-1276","3409","Insurance","Caz","caz.sophia@example.com"
"Comoros","KM","Hughmanick, Farlie","Harrah's Entertainment Inc.","396","Hughmanick","555-566-2288","3410","Accounting","Farlie","farlie.hughmanick@example.com"
"Nigeria","NE","Sher, Klarika","Johnson & Johnson","458","Sher","555-815-1247","3411","Engineering","Klarika","klarika.sher@example.com"
"Slovakia","SK","Ragen, Frasier","Ecolab Inc.","291","Ragen","555-390-8119","3412","Purchasing","Frasier","frasier.ragen@example.com"
"Cyprus","CY","Berri, Randene","Avnet, Inc.","104","Berri","555-635-1709","3413","Production","Randene","randene.berri@example.com"
"Malawi","MW","Dichy, Constantine","Petco Animal Supplies Inc.","650","Dichy","555-756-6241","3414","Marketing","Constantine","constantine.dichy@example.com"
"United Kingdom","GB","Travus, Fionnula","Diebold Incorporated","262","Travus","555-502-9070","3415","Licensing","Fionnula","fionnula.travus@example.com"
"France","FR","Avan, Tessi","PeopleSoft Inc","640","Avan","555-382-9204","3416","Distribution","Tessi","tessi.avan@example.com"
"Trinidad and Tobago","TT","Cadman, Irma","Sun Healthcare Group Inc.","802","Cadman","555-849-4212","3417","Sales","Irma","irma.cadman@example.com"
"Mexico","MX","Ignace, Chick","Viad Corp","892","Ignace","555-762-8507","3418","Strategy","Chick","chick.ignace@example.com"
"Mali","ML","Remy, Alix","Agilent Technologies, Inc.","25","Remy","555-209-489","3419","Strategy","Alix","alix.remy@example.com"
"Swaziland","SZ","Leeann, Lita","WorldCom Inc","933","Leeann","555-420-8596","3420","Operations","Lita","lita.leeann@example.com"
"Mongolia","MN","MacRae, Andrea","United Parcel Service Inc","864","MacRae","555-299-966","3421","Operations","Andrea","andrea.macrae@example.com"
"French Polynesia","PF","Alysa, Kevan","Avery Dennison Corporation","102","Alysa","555-424-6115","3422","Purchasing","Kevan","kevan.alysa@example.com"
"Solomon Islands","SB","Karon, Hartley","Phelps Dodge Corp.","657","Karon","555-164-6557","3423","Insurance","Hartley","hartley.karon@example.com"
"Japan","JP","Juetta, Annamaria","NiSource Inc","587","Juetta","555-235-8924","3424","Distribution","Annamaria","annamaria.juetta@example.com"
"Botswana","BW","Lutero, Karena","Maxxam Inc.","530","Lutero","555-556-1715","3425","Purchasing","Karena","karena.lutero@example.com"
"Mauritius","MU","Sapowith, Aksel","Gillette Company","374","Sapowith","555-298-9412","3426","Distribution","Aksel","aksel.sapowith@example.com"
"Lithuania","LT","Copp, Brion","Bethlehem Steel Corporation","130","Copp","555-401-3565","3427","Purchasing","Brion","brion.copp@example.com"
"Malaysia","MY","Ysabel, Derick","ALLETE, Inc.","40","Ysabel","555-197-1390","3428","Business Development","Derick","derick.ysabel@example.com"
"Guernsey","GG","Sadoff, Henka","CVS Corp.","244","Sadoff","555-813-9714","3429","Distribution","Henka","henka.sadoff@example.com"
"Andorra","AD","Handler, Barret","Pioneer-Standard Electronics Inc.","665","Handler","555-925-121","3430","Engineering","Barret","barret.handler@example.com"
"Senegal","SN","Grimaldi, Emeline","Lyondell Chemical Company","509","Grimaldi","555-619-8706","3431","Insurance","Emeline","emeline.grimaldi@example.com"
"French Southern and Antarctic Lands","TF","Aurea, Nikolos","Kroger Co.","478","Aurea","555-180-6468","3432","Operations","Nikolos","nikolos.aurea@example.com"
"Uganda","UG","Holna, Madge","Stater Bros. Holdings Inc.","794","Holna","555-561-2907","3433","Research and Development","Madge","madge.holna@example.com"
"Botswana","BW","Oringa, Felice","Rohm & Haas Co.","726","Oringa","555-633-9350","3434","Production","Felice","felice.oringa@example.com"
"Bangladesh","BD","Feldstein, Marcie","CMS Energy Corp.","201","Feldstein","555-674-5087","3435","Insurance","Marcie","marcie.feldstein@example.com"
"Benin","BJ","Zsazsa, Gypsy","Gannett Co., Inc.","355","Zsazsa","555-725-4893","3436","Distribution","Gypsy","gypsy.zsazsa@example.com"
"French Polynesia","PF","Rahal, Taddeo","Metris Companies Inc","551","Rahal","555-810-2256","3437","Research and Development","Taddeo","taddeo.rahal@example.com"
"Antarctica","AQ","Spence, Niven","Kimberly-Clark Corporation","471","Spence","555-579-3706","3438","Business Development","Niven","niven.spence@example.com"
"Guinea-Bissau","GW","Saunder, Georas","Whirlpool Corporation","924","Saunder","555-170-3822","3439","Research and Development","Georas","georas.saunder@example.com"
"Tajikistan","TJ","Winnick, Aldon","Bed Bath & Beyond Inc.","121","Winnick","555-126-8178","3440","Accounting","Aldon","aldon.winnick@example.com"
"Sudan Sudan","SD","Hedvige, Kasey","M.D.C. Holdings Inc.","539","Hedvige","555-635-9877","3441","Sales","Kasey","kasey.hedvige@example.com"
"Bahamas","BS","Orban, Demetris","IT Group Inc.","446","Orban","555-109-8804","3442","Customer Service","Demetris","demetris.orban@example.com"
"Peru","PE","Truman, Leesa","Parker Hannifin Corp.","632","Truman","555-186-994","3443","Production","Leesa","leesa.truman@example.com"
"Greece","GR","Vudimir, Cory","Sequa Corp","752","Vudimir","555-858-2473","3444","Engineering","Cory","cory.vudimir@example.com"
"Brunei Darussalam","BN","Bess, Lucia","Zale Corporation","945","Bess","555-272-2256","3445","Research and Development","Lucia","lucia.bess@example.com"
"Spain","ES","Grier, Moishe","Petco Animal Supplies Inc.","650","Grier","555-954-3472","3446","Distribution","Moishe","moishe.grier@example.com"
"Japan","JP","Milissent, Quillan","PacifiCare Health Systems Inc","626","Milissent","555-679-8376","3447","Investing","Quillan","quillan.milissent@example.com"
"Kenya","KE","Frodine, Antonin","JDS Uniphase Corp.","455","Frodine","555-447-9544","3448","Insurance","Antonin","antonin.frodine@example.com"
"Bahamas","BS","Iphigenia, Simeon","MetLife Inc.","550","Iphigenia","555-333-9212","3449","Distribution","Simeon","simeon.iphigenia@example.com"
"Peru","PE","Serg, Phylys","Federal Express Corp.","324","Serg","555-506-2544","3450","Sales","Phylys","phylys.serg@example.com"
"Sudan Sudan","SD","Jacoby, Keslie","Sun Healthcare Group Inc.","802","Jacoby","555-116-3255","3451","Purchasing","Keslie","keslie.jacoby@example.com"
"Sint Maarten","SX","Teague, Hersch","Bed Bath & Beyond Inc.","121","Teague","555-254-493","3452","IT Support","Hersch","hersch.teague@example.com"
"Sint Maarten","SX","Nealah, Dido","Charming Shoppes Inc.","182","Nealah","555-704-6754","3453","Insurance","Dido","dido.nealah@example.com"
"Seychelles","SC","Infield, Fleurette","Performance Food Group Co.","646","Infield","555-354-3297","3454","Marketing","Fleurette","fleurette.infield@example.com"
"Angola","AO","Rexfourd, Linette","US Airways Group Inc","877","Rexfourd","555-276-1133","3455","Distribution","Linette","linette.rexfourd@example.com"
"Belgium","BE","Gaal, Borden","Legg Mason Inc.","487","Gaal","555-202-3660","3456","Customer Service","Borden","borden.gaal@example.com"
"Cayman Islands Cayman Islands","KY","Zenda, Fredric","Caremark Rx Inc.","165","Zenda","555-579-5280","3457","IT Support","Fredric","fredric.zenda@example.com"
"Panama","PA","Sonja, Moss","Progress Energy Inc","686","Sonja","555-835-8610","3458","Strategy","Moss","moss.sonja@example.com"
"British Virgin Islands","VG","Milano, Livvyy","Marsh & McLennan Companies Inc.","520","Milano","555-742-4742","3459","IT Support","Livvyy","livvyy.milano@example.com"
"Saint Vincent and the Grenadines","VC","Borreri, Angie","Applied Industrial Technologies, Inc.","81","Borreri","555-943-3466","3460","Production","Angie","angie.borreri@example.com"
"Bangladesh","BD","Hi, Morgen","Audiovox Corporation","96","Hi","555-758-617","3461","Strategy","Morgen","morgen.hi@example.com"
"Australia","AU","Parthena, Gabrila","Ford Motor Co","346","Parthena","555-703-3086","3462","Investing","Gabrila","gabrila.parthena@example.com"
"Venezuela","VE","Gerge, Gretal","First American Financial Corp.","329","Gerge","555-386-7970","3463","Licensing","Gretal","gretal.gerge@example.com"
"Vietnam","VN","Hoffarth, Dorri","Tesoro Petroleum Corp.","826","Hoffarth","555-720-4399","3464","Investing","Dorri","dorri.hoffarth@example.com"
"United Arab Emirates","AE","Benzel, Lenee","Airborne, Inc.","29","Benzel","555-159-4630","3465","Licensing","Lenee","lenee.benzel@example.com"
"Seychelles","SC","Pincas, Matti","MGM Mirage","553","Pincas","555-947-4089","3466","Investing","Matti","matti.pincas@example.com"
"Eritrea","ER","Schroeder, Theo","Tower Automotive Inc.","839","Schroeder","555-598-3987","3467","Research and Development","Theo","theo.schroeder@example.com"
"Macedonia","MK","Kristine, Berne","Lam Research Corporation","481","Kristine","555-859-2930","3468","Marketing","Berne","berne.kristine@example.com"
"Colombia","CO","Valry, Nico","Owens & Minor Inc.","621","Valry","555-719-154","3469","Accounting","Nico","nico.valry@example.com"
"Tunisia","TN","Aldwin, Jordon","Ryerson Tull Inc","731","Aldwin","555-669-654","3470","Legal","Jordon","jordon.aldwin@example.com"
"Jordan","JO","Hinckley, Chadwick","Publix Super Markets Inc.","694","Hinckley","555-506-2517","3471","Customer Service","Chadwick","chadwick.hinckley@example.com"
"Monaco","MC","Karalynn, Kathrine","Enron Corp.","305","Karalynn","555-997-2972","3472","Customer Service","Kathrine","kathrine.karalynn@example.com"
"South Sudan","SS","Lovato, Mariska","Allied Waste Industries, Inc.","42","Lovato","555-995-7926","3473","Legal","Mariska","mariska.lovato@example.com"
"Malawi","MW","Onia, Denice","Oglethorpe Power Corp.","609","Onia","555-183-3507","3474","Engineering","Denice","denice.onia@example.com"
"Burundi","BI","Lord, Coleen","W.R. Grace & Co","899","Lord","555-470-3596","3475","Accounting","Coleen","coleen.lord@example.com"
"Sao Tome and Principe","ST","Merci, Suzanne","Oracle Corp","618","Merci","555-627-6695","3476","Business Development","Suzanne","suzanne.merci@example.com"
"Pakistan","PK","Gibbeon, Adelheid","Tiffany & Co","832","Gibbeon","555-453-1200","3477","Accounting","Adelheid","adelheid.gibbeon@example.com"
"Comoros","KM","Walburga, Vasili","Mercury General Corporation","546","Walburga","555-686-6550","3478","Marketing","Vasili","vasili.walburga@example.com"
"Norway","NO","Eolande, Coleen","Walt Disney Co","906","Eolande","555-967-4260","3479","Insurance","Coleen","coleen.eolande@example.com"
"Kuwait","KW","Rudy, Dev","Ball Corporation","107","Rudy","555-690-8925","3480","Distribution","Dev","dev.rudy@example.com"
"Åland Islands","AX","Blunk, Ainslie","Hartford Financial Services Group Inc.","399","Blunk","555-934-5409","3481","Legal","Ainslie","ainslie.blunk@example.com"
"Nicaragua","NI","Trix, Stacey","American Axle & Manufacturing Holdings, Inc.","54","Trix","555-760-1983","3482","Customer Service","Stacey","stacey.trix@example.com"
"Nauru","NR","Soloman, Lenard","Outback Steakhouse Inc.","620","Soloman","555-914-1406","3483","Customer Service","Lenard","lenard.soloman@example.com"
"Hong Kong","HK","Dennis, Victoir","Vishay Intertechnology Inc","894","Dennis","555-374-1081","3484","Sales","Victoir","victoir.dennis@example.com"
"Lebanon","LB","Rosenblum, Loria","ACT Manufacturing Inc.","8","Rosenblum","555-193-7854","3485","Legal","Loria","loria.rosenblum@example.com"
"Belgium","BE","Sonni, Carree","Worthington Industries Inc","934","Sonni","555-907-6020","3486","Operations","Carree","carree.sonni@example.com"
"Saint Pierre and Miquelon","PM","Veronike, Warden","Charter One Financial Inc.","184","Veronike","555-273-8768","3487","Distribution","Warden","warden.veronike@example.com"
"Armenia","AM","Bonis, Athena","Graybar Electric Company Inc.","382","Bonis","555-707-3445","3488","Engineering","Athena","athena.bonis@example.com"
"Luxembourg","LU","Clova, Leighton","Genuine Parts Company","369","Clova","555-616-1004","3489","Operations","Leighton","leighton.clova@example.com"
"Italy","IT","Barbabra, Florie","Continental Airlines Inc.","227","Barbabra","555-531-6138","3490","Marketing","Florie","florie.barbabra@example.com"
"Netherlands","NL","Therine, Jules","Ocean Energy Inc","605","Therine","555-631-7627","3491","Insurance","Jules","jules.therine@example.com"
"Bouvet Island","BV","Locklin, Missie","United Parcel Service Inc","864","Locklin","555-992-8496","3492","Strategy","Missie","missie.locklin@example.com"
"Zimbabwe","ZW","Dominik, Kirstin","Arrow Electronics, Inc.","89","Dominik","555-243-1972","3493","Licensing","Kirstin","kirstin.dominik@example.com"
"Sudan Sudan","SD","Tepper, Dinah","Popular Inc","674","Tepper","555-674-516","3494","Production","Dinah","dinah.tepper@example.com"
"Lesotho","LS","Ignacia, Joane","Merrill Lynch & Co. Inc.","547","Ignacia","555-860-7764","3495","Investing","Joane","joane.ignacia@example.com"
"Mongolia","MN","Kelwunn, Cayla","Golden West Financial Corporation","377","Kelwunn","555-200-2356","3496","Legal","Cayla","cayla.kelwunn@example.com"
"Iraq","IQ","Apps, Rolland","Fisher Scientific International Inc.","335","Apps","555-247-4337","3497","IT Support","Rolland","rolland.apps@example.com"
"Falkland Islands","FK","Ranie, Wood","Stewart & Stevenson Services Inc","797","Ranie","555-837-9562","3498","Operations","Wood","wood.ranie@example.com"
"Guinea","GN","Berey, Doralynn","Masco Corporation","524","Berey","555-977-999","3499","Production","Doralynn","doralynn.berey@example.com"
"Macau","MO","Jer, Aida","Scientific-Atlanta Inc","746","Jer","555-979-1166","3500","IT Support","Aida","aida.jer@example.com"
"Macedonia","MK","Saum, Tana","Qwest Communications Intl Inc","703","Saum","555-782-8546","3501","IT Support","Tana","tana.saum@example.com"
"Montserrat","MS","Butcher, Foster","K-Mart Corp.","474","Butcher","555-655-9822","3502","Purchasing","Foster","foster.butcher@example.com"
"China","CN","Keung, Addia","Carlisle Cos. Inc.","166","Keung","555-729-7801","3503","Business Development","Addia","addia.keung@example.com"
"Nicaragua","NI","Keyek, Gus","Unified Western Grocers Inc","857","Keyek","555-832-1085","3504","Distribution","Gus","gus.keyek@example.com"
"Angola","AO","Intosh, Hayyim","Protective Life Corp","688","Intosh","555-373-1045","3505","Operations","Hayyim","hayyim.intosh@example.com"
"Faroe Islands","FO","Renick, Virgina","Johnson Controls Inc.","459","Renick","555-866-8912","3506","Engineering","Virgina","virgina.renick@example.com"
"Italy","IT","Diamond, Rebecca","Massey Energy Company","525","Diamond","555-906-1739","3507","Marketing","Rebecca","rebecca.diamond@example.com"
"Martinique","MQ","Kassey, Andra","Northwest Airlines Corp","603","Kassey","555-209-9135","3508","Human Resources","Andra","andra.kassey@example.com"
"Lithuania","LT","Olenka, Allyce","Washington Post Co.","909","Olenka","555-360-6874","3509","Business Development","Allyce","allyce.olenka@example.com"
"Guyana","GY","Wilsey, Ofella","Consolidated Freightways Corp.","223","Wilsey","555-979-7293","3510","Distribution","Ofella","ofella.wilsey@example.com"
"Malta","MT","Mosira, Penny","Marathon Oil Corporation","516","Mosira","555-139-5834","3511","Research and Development","Penny","penny.mosira@example.com"
"Tajikistan","TJ","Pall, Shelley","Dollar General Corporation","266","Pall","555-513-5377","3512","Marketing","Shelley","shelley.pall@example.com"
"Colombia","CO","Adlay, Chere","Hormel Foods Corp.","418","Adlay","555-797-5369","3513","Strategy","Chere","chere.adlay@example.com"
"Nigeria","NE","Hillari, Riki","Cisco Systems Inc.","194","Hillari","555-970-3114","3514","Marketing","Riki","riki.hillari@example.com"
"Ireland","IE","Oneida, Gwendolen","La-Z-Boy Inc.","485","Oneida","555-154-4889","3515","Marketing","Gwendolen","gwendolen.oneida@example.com"
"Bangladesh","BD","Penrose, Saudra","World Fuel Services Corporation","932","Penrose","555-613-3183","3516","Engineering","Saudra","saudra.penrose@example.com"
"Rwanda","RW","McLeod, Pepita","Standard Pacific Corp.","788","McLeod","555-869-8206","3517","Marketing","Pepita","pepita.mcleod@example.com"
"Estonia","EE","Verge, Gae","Nucor Corp","600","Verge","555-749-5681","3518","IT Support","Gae","gae.verge@example.com"
"Albania","AL","Austin, Orazio","Penn Traffic Co.","636","Austin","555-337-1247","3519","Investing","Orazio","orazio.austin@example.com"
"New Zealand","NZ","Joly, Fred","Nucor Corp","600","Joly","555-585-886","3520","Accounting","Fred","fred.joly@example.com"
"Ethiopia","ET","Whelan, Lemuel","Systemax Inc.","812","Whelan","555-747-6831","3521","Research and Development","Lemuel","lemuel.whelan@example.com"
"Uganda","UG","Jemina, Kissiah","Guidant Corporation","389","Jemina","555-125-3953","3522","Production","Kissiah","kissiah.jemina@example.com"
"Vanuatu","VU","Elvis, Lenka","Kimball International Inc.","470","Elvis","555-531-8865","3523","Investing","Lenka","lenka.elvis@example.com"
"Romania","RO","Hurlee, Farand","American Greetings Corporation","59","Hurlee","555-898-6645","3524","Licensing","Farand","farand.hurlee@example.com"
"Tajikistan","TJ","Wampler, Willamina","Darden Restaurants Inc.","250","Wampler","555-716-7873","3525","Purchasing","Willamina","willamina.wampler@example.com"
"Palau","PW","Philippe, Nadean","D&K Healthcare Resources, Inc.","246","Philippe","555-976-4576","3526","Investing","Nadean","nadean.philippe@example.com"
"Kazakhstan","KZ","Fortuna, Regan","Astoria Financial Corporation","92","Fortuna","555-774-861","3527","Operations","Regan","regan.fortuna@example.com"
"Spain","ES","Fineman, Dell","Paychex Inc","634","Fineman","555-371-1342","3528","Production","Dell","dell.fineman@example.com"
"Kazakhstan","KZ","Susan, Ozzie","Cummins Inc.","243","Susan","555-683-5194","3529","Production","Ozzie","ozzie.susan@example.com"
"Saudi Arabia","SA","Greeley, Tedie","Costco Wholesale Corp.","234","Greeley","555-193-4621","3530","Marketing","Tedie","tedie.greeley@example.com"
"Yemen","YE","Files, Shayla","Mercury General Corporation","546","Files","555-967-2030","3531","Accounting","Shayla","shayla.files@example.com"
"Madagascar","MG","Pantia, Lanae","Kellwood Company","463","Pantia","555-774-9763","3532","Customer Service","Lanae","lanae.pantia@example.com"
"Haiti","HT","Peppy, Ellissa","Wendy's International Inc","916","Peppy","555-281-2145","3533","Investing","Ellissa","ellissa.peppy@example.com"
"Uganda","UG","Bern, Kaitlyn","General Cable Corporation","361","Bern","555-340-2922","3534","Business Development","Kaitlyn","kaitlyn.bern@example.com"
"Zimbabwe","ZW","Wiggins, Georgia","Oglethorpe Power Corp.","609","Wiggins","555-791-1770","3535","Marketing","Georgia","georgia.wiggins@example.com"
"Romania","RO","Guy, Bord","Prudential Financial Inc.","691","Guy","555-714-2459","3536","Customer Service","Bord","bord.guy@example.com"
"Moldova","MD","Kho, Lenore","Sempra Energy","751","Kho","555-566-2559","3537","Business Development","Lenore","lenore.kho@example.com"
"Bahamas","BS","Ruscher, Eddie","Alaska Air Group, Inc.","32","Ruscher","555-254-9363","3538","Purchasing","Eddie","eddie.ruscher@example.com"
"Tokelau","TK","Tews, Roshelle","American Water Works Company, Inc.","62","Tews","555-824-7406","3539","Purchasing","Roshelle","roshelle.tews@example.com"
"Angola","AO","Nena, Clim","Unocal Corporation","873","Nena","555-129-8656","3540","Strategy","Clim","clim.nena@example.com"
"Vanuatu","VU","Rycca, Ramonda","Del Monte Foods Co","254","Rycca","555-800-7227","3541","Business Development","Ramonda","ramonda.rycca@example.com"
"Nauru","NR","Bax, Kit","Coventry Health Care Inc.","236","Bax","555-791-7799","3542","Distribution","Kit","kit.bax@example.com"
"Gambia","GM","Saito, Rozella","Sempra Energy","751","Saito","555-130-9836","3543","Distribution","Rozella","rozella.saito@example.com"
"Russia","RU","Yaker, Sibley","D.R. Horton Inc.","247","Yaker","555-421-5723","3544","Licensing","Sibley","sibley.yaker@example.com"
"Estonia","EE","Vonny, Gregorius","Big Lots, Inc.","132","Vonny","555-948-2152","3545","Accounting","Gregorius","gregorius.vonny@example.com"
"United States Minor Outlying Islands","UM","Hube, Sharyl","CBRL Group Inc.","170","Hube","555-768-1936","3546","Marketing","Sharyl","sharyl.hube@example.com"
"United Kingdom","GB","Cressy, Winnifred","Chiquita Brands International Inc.","186","Cressy","555-734-2719","3547","Licensing","Winnifred","winnifred.cressy@example.com"
"Denmark","DK","Coney, Trevor","USFreighways Corporation","880","Coney","555-212-4005","3548","Operations","Trevor","trevor.coney@example.com"
"Vietnam","VN","Pennebaker, Isaak","Metaldyne Corporation","548","Pennebaker","555-110-87","3549","Accounting","Isaak","isaak.pennebaker@example.com"
"Sao Tome and Principe","ST","Corina, Tamera","Textron Inc","829","Corina","555-998-4235","3550","Distribution","Tamera","tamera.corina@example.com"
"Romania","RO","Louisa, Dolly","Automatic Data Processing, Inc.","98","Louisa","555-341-8461","3551","IT Support","Dolly","dolly.louisa@example.com"
"Ecuador","EC","Aronoff, Harwell","Rite Aid Corp","719","Aronoff","555-312-179","3552","Production","Harwell","harwell.aronoff@example.com"
"China","CN","Cassady, Adham","Popular Inc","674","Cassady","555-903-4667","3553","Purchasing","Adham","adham.cassady@example.com"
"Cuba","CU","Card, Jacquelynn","Kimball International Inc.","470","Card","555-650-9251","3554","Engineering","Jacquelynn","jacquelynn.card@example.com"
"Curaçao","CW","Guillema, Mariquilla","L-3 Communications Holdings Inc.","479","Guillema","555-119-305","3555","Operations","Mariquilla","mariquilla.guillema@example.com"
"Belgium","BE","Katushka, Mureil","Western Digital Inc","919","Katushka","555-530-2307","3556","Strategy","Mureil","mureil.katushka@example.com"
"French Guiana","GF","Cas, Florinda","Level 3 Communications Inc.","492","Cas","555-321-6144","3557","Production","Florinda","florinda.cas@example.com"
"Taiwan","TW","Lexi, Munmro","Park Place Entertainment Corp","631","Lexi","555-390-8570","3558","Distribution","Munmro","munmro.lexi@example.com"
"Sri Lanka","LK","Hogan, Laurice","Great Plains Energy Inc.","384","Hogan","555-725-725","3559","Operations","Laurice","laurice.hogan@example.com"
"Moldova","MD","Meeks, Otto","Lennox International Inc.","491","Meeks","555-428-2901","3560","Investing","Otto","otto.meeks@example.com"
"Turks and Caicos Islands","TC","Sasnett, Rosabella","IMC Global Inc.","431","Sasnett","555-590-587","3561","Distribution","Rosabella","rosabella.sasnett@example.com"
"Saint Vincent and the Grenadines","VC","Ina, Orelle","Lennar Corporation","490","Ina","555-216-9113","3562","Marketing","Orelle","orelle.ina@example.com"
"Belarus","BY","Marelda, Joannes","Wachovia Corporation","901","Marelda","555-544-5175","3563","Legal","Joannes","joannes.marelda@example.com"
"Djibouti","DJ","Brittany, Pierrette","Tech Data Corporation","814","Brittany","555-723-7422","3564","Customer Service","Pierrette","pierrette.brittany@example.com"
"Guernsey","GG","Leela, Dorthea","UST Inc","882","Leela","555-170-5866","3565","Accounting","Dorthea","dorthea.leela@example.com"
"Bahamas","BS","Clift, Rustin","Interpublic Group of Companies Inc.","440","Clift","555-871-1955","3566","Marketing","Rustin","rustin.clift@example.com"
"Romania","RO","Amil, Bernete","CVS Corp.","244","Amil","555-473-251","3567","Purchasing","Bernete","bernete.amil@example.com"
"Panama","PA","Dardani, Dani","A.G. Edwards Inc.","3","Dardani","555-967-7920","3568","Marketing","Dani","dani.dardani@example.com"
"Turkmenistan","TM","Weikert, Shayne","Paychex Inc","634","Weikert","555-498-2801","3569","Operations","Shayne","shayne.weikert@example.com"
"British Virgin Islands","VG","Trillbee, Maje","Occidental Petroleum Corp","604","Trillbee","555-706-6031","3570","Human Resources","Maje","maje.trillbee@example.com"
"Faroe Islands","FO","Ines, Sandro","Silgan Holdings Inc.","761","Ines","555-953-7947","3571","Research and Development","Sandro","sandro.ines@example.com"
"Åland Islands","AX","Elisabeth, Corissa","Dow Chemical Company","271","Elisabeth","555-165-5519","3572","Strategy","Corissa","corissa.elisabeth@example.com"
"Mauritania","MR","Sanburn, Ware","Emcor Group Inc.","299","Sanburn","555-742-5398","3573","Investing","Ware","ware.sanburn@example.com"
"Turkey","TR","Adriaens, Kathlin","Consolidated Freightways Corp.","223","Adriaens","555-493-5289","3574","Human Resources","Kathlin","kathlin.adriaens@example.com"
"Estonia","EE","Sylvan, Carleton","Fortune Brands Inc.","348","Sylvan","555-663-2583","3575","Customer Service","Carleton","carleton.sylvan@example.com"
"Greece","GR","Wendel, Rina","Genzyme Corporation","371","Wendel","555-784-8185","3576","Purchasing","Rina","rina.wendel@example.com"
"Slovakia","SK","Papotto, Nola","Budget Group, Inc.","152","Papotto","555-426-4949","3577","Customer Service","Nola","nola.papotto@example.com"
"Bouvet Island","BV","Gabrielli, Adelice","McLeodUSA Incorporated","538","Gabrielli","555-764-7320","3578","Legal","Adelice","adelice.gabrielli@example.com"
"Japan","JP","Moshell, Dietrich","Hibernia Corp.","411","Moshell","555-470-134","3579","Investing","Dietrich","dietrich.moshell@example.com"
"Northern Mariana Islands","MP","Rifkin, Anatollo","Republic Services Inc","716","Rifkin","555-867-3335","3580","Research and Development","Anatollo","anatollo.rifkin@example.com"
"Macau","MO","Adrea, Kathe","Western Gas Resources Inc","920","Adrea","555-777-1195","3581","Insurance","Kathe","kathe.adrea@example.com"
"Tonga","TO","Merci, Sal","Transocean Inc","843","Merci","555-825-8905","3582","Accounting","Sal","sal.merci@example.com"
"East Timor","TL","Coral, Carolyn","Texas Industries Inc.","827","Coral","555-466-8696","3583","Purchasing","Carolyn","carolyn.coral@example.com"
"Moldova","MD","Duer, Rosy","Safeway Inc","736","Duer","555-111-2048","3584","Strategy","Rosy","rosy.duer@example.com"
"Republic of the Congo","CG","Lorant, Chip","United Stationers Inc","866","Lorant","555-753-4691","3585","Research and Development","Chip","chip.lorant@example.com"
"French Polynesia","PF","Eustazio, Derk","Cisco Systems Inc.","194","Eustazio","555-351-3738","3586","Customer Service","Derk","derk.eustazio@example.com"
"Comoros","KM","Isabelle, Augustina","Eastman Kodak Company","288","Isabelle","555-815-4238","3587","Insurance","Augustina","augustina.isabelle@example.com"
"Egypt","EG","Orva, Carmelle","Norfolk Southern Corporation","590","Orva","555-479-4265","3588","Human Resources","Carmelle","carmelle.orva@example.com"
"Micronesia","FM","Sello, Kerwinn","Parker Hannifin Corp.","632","Sello","555-679-3220","3589","Operations","Kerwinn","kerwinn.sello@example.com"
"Monaco","MC","Charmane, Waylon","IDT Corporation","428","Charmane","555-559-5442","3590","Customer Service","Waylon","waylon.charmane@example.com"
"Zambia","ZM","Raimundo, Yale","Sherwin-Williams Company","756","Raimundo","555-273-3675","3591","Distribution","Yale","yale.raimundo@example.com"
"Réunion","RE","Fortna, Pail","Harman International Industries Inc.","395","Fortna","555-347-3404","3592","Marketing","Pail","pail.fortna@example.com"
"Paraguay","PY","Woolcott, Luca","United Parcel Service Inc","864","Woolcott","555-164-3621","3593","Investing","Luca","luca.woolcott@example.com"
"Belize","BZ","Tracee, Rana","Graybar Electric Company Inc.","382","Tracee","555-282-4043","3594","Production","Rana","rana.tracee@example.com"
"Cyprus","CY","Gae, Paddie","Legg Mason Inc.","487","Gae","555-792-8829","3595","Engineering","Paddie","paddie.gae@example.com"
"Vietnam","VN","Carolina, Agace","IMS Health Inc.","433","Carolina","555-398-7565","3596","Licensing","Agace","agace.carolina@example.com"
"Burundi","BI","Aylmer, Cassandry","Maxtor Corporation","529","Aylmer","555-817-5877","3597","Operations","Cassandry","cassandry.aylmer@example.com"
"Ireland","IE","Heidt, Clem","Sears Roebuck & Co","750","Heidt","555-106-742","3598","Production","Clem","clem.heidt@example.com"
"Belgium","BE","Adalai, Dom","Adolph Coors Company","15","Adalai","555-799-6611","3599","Insurance","Dom","dom.adalai@example.com"
"Kenya","KE","Chuipek, Helsa","Hollywood Entertainment Corp.","414","Chuipek","555-139-4517","3600","Investing","Helsa","helsa.chuipek@example.com"
"Paraguay","PY","Jeffers, Vin","Kelly Services Inc.","464","Jeffers","555-626-8213","3601","Legal","Vin","vin.jeffers@example.com"
"Eritrea","ER","Kanter, Urban","Devon Energy Corporation","259","Kanter","555-289-6350","3602","Legal","Urban","urban.kanter@example.com"
"Maldives","MV","Briney, Retha","Amazon.com, Inc.","47","Briney","555-176-1857","3603","Engineering","Retha","retha.briney@example.com"
"Suriname","SR","Court, Krystle","Universal Corporation","870","Court","555-927-1400","3604","Human Resources","Krystle","krystle.court@example.com"
"Saint Vincent and the Grenadines","VC","Brunell, Louis","The Neiman Marcus Group Inc.","579","Brunell","555-381-1591","3605","Distribution","Louis","louis.brunell@example.com"
"Nepal","NP","Esch, Reece","Smith International Inc","765","Esch","555-474-661","3606","Business Development","Reece","reece.esch@example.com"
"Saint Pierre and Miquelon","PM","Brecher, Pembroke","Brown-Forman Corporation","150","Brecher","555-734-9468","3607","Operations","Pembroke","pembroke.brecher@example.com"
"Vanuatu","VU","Curtice, Zonnya","Tecumseh Products Company","816","Curtice","555-309-5778","3608","Business Development","Zonnya","zonnya.curtice@example.com"
"Tunisia","TN","Alejandra, Alvinia","DQE Inc.","274","Alejandra","555-301-9629","3609","Purchasing","Alvinia","alvinia.alejandra@example.com"
"Yemen","YE","Searby, Leicester","Electronic Data Systems Corp.","296","Searby","555-161-830","3610","Research and Development","Leicester","leicester.searby@example.com"
"Sint Maarten","SX","Nicoline, Patrizio","Walt Disney Co","906","Nicoline","555-546-7445","3611","Purchasing","Patrizio","patrizio.nicoline@example.com"
"South Sudan","SS","Player, Abby","Yellow Corporation","942","Player","555-463-8872","3612","Distribution","Abby","abby.player@example.com"
"Republic of the Congo","CG","Ardme, Davide","Costco Wholesale Corp.","234","Ardme","555-832-6288","3613","Purchasing","Davide","davide.ardme@example.com"
"New Zealand","NZ","Jesh, Maureen","Ryder System Inc","730","Jesh","555-889-4847","3614","Human Resources","Maureen","maureen.jesh@example.com"
"Liberia","LR","Brandtr, Milena","Intuit Inc.","445","Brandtr","555-676-3137","3615","Human Resources","Milena","milena.brandtr@example.com"
"Cyprus","CY","Ignatzia, Michaeline","Great Lakes Chemical Corporation","383","Ignatzia","555-446-9552","3616","Operations","Michaeline","michaeline.ignatzia@example.com"
"United Arab Emirates","AE","Maxentia, Nettie","Lowe's Companies Inc.","504","Maxentia","555-974-9113","3617","Legal","Nettie","nettie.maxentia@example.com"
"Mayotte","YT","Angelique, Cornall","GreenPoint Financial Corp.","385","Angelique","555-787-7541","3618","Purchasing","Cornall","cornall.angelique@example.com"
"Norway","NO","Avi, Reinwald","Kemet Corp.","465","Avi","555-986-3231","3619","Customer Service","Reinwald","reinwald.avi@example.com"
"Republic of the Congo","CG","Ondrej, Loree","Crane Co.","238","Ondrej","555-909-5143","3620","Sales","Loree","loree.ondrej@example.com"
"Finland","FI","Brita, Bogart","Staples Inc","790","Brita","555-779-4938","3621","Marketing","Bogart","bogart.brita@example.com"
"Togo","TG","Bloch, Ade","Worthington Industries Inc","934","Bloch","555-414-1706","3622","Investing","Ade","ade.bloch@example.com"
"Bolivia","BO","Norvol, Katey","Supervalu Inc","807","Norvol","555-692-8162","3623","Legal","Katey","katey.norvol@example.com"
"Belarus","BY","Hanson, Dorise","Genesis Health Ventures Inc.","366","Hanson","555-246-2378","3624","Accounting","Dorise","dorise.hanson@example.com"
"French Guiana","GF","Pavla, Cathyleen","Verizon Communications Inc","889","Pavla","555-572-6935","3625","Insurance","Cathyleen","cathyleen.pavla@example.com"
"Venezuela","VE","Tama, Rafaellle","National City Corp.","570","Tama","555-440-9545","3626","Strategy","Rafaellle","rafaellle.tama@example.com"
"Bhutan","BT","Tjader, Tera","RGS Energy Group Inc","718","Tjader","555-362-8924","3627","Purchasing","Tera","tera.tjader@example.com"
"Djibouti","DJ","Butcher, Daria","Maxtor Corporation","529","Butcher","555-104-9712","3628","Strategy","Daria","daria.butcher@example.com"
"Macedonia","MK","Proffitt, Audry","Kindred Healthcare Inc.","472","Proffitt","555-722-1617","3629","Purchasing","Audry","audry.proffitt@example.com"
"South Georgia and the South Sandwich Island","GS","Heigl, Elmer","Transocean Inc","843","Heigl","555-781-1455","3630","Legal","Elmer","elmer.heigl@example.com"
"Dominica","DM","Hebner, Lexi","Tech Data Corporation","814","Hebner","555-739-7771","3631","Investing","Lexi","lexi.hebner@example.com"
"Samoa","WS","Polash, Petronella","Consolidated Freightways Corp.","223","Polash","555-254-9707","3632","Production","Petronella","petronella.polash@example.com"
"Namibia","NA","Ashwin, Alfy","Wisconsin Energy Corporation","930","Ashwin","555-563-2711","3633","Distribution","Alfy","alfy.ashwin@example.com"
"Taiwan","TW","Cuda, Pammie","American Power Conversion Corporation","49","Cuda","555-748-7160","3634","Human Resources","Pammie","pammie.cuda@example.com"
"Sudan Sudan","SD","Koal, Roscoe","Advantica Restaurant Group, Inc.","19","Koal","555-201-5608","3635","Investing","Roscoe","roscoe.koal@example.com"
"Japan","JP","Avilla, Elita","Lucent Technologies Inc.","508","Avilla","555-758-5168","3636","Purchasing","Elita","elita.avilla@example.com"
"Liberia","LR","Pitts, Ansell","NCR Corporation","578","Pitts","555-398-7332","3637","Business Development","Ansell","ansell.pitts@example.com"
"Tajikistan","TJ","Irena, Halsey","Level 3 Communications Inc.","492","Irena","555-934-6793","3638","Customer Service","Halsey","halsey.irena@example.com"
"Sudan Sudan","SD","Giarla, Jaquenette","Telephone & Data Systems Inc","819","Giarla","555-824-9631","3639","Distribution","Jaquenette","jaquenette.giarla@example.com"
"El Salvador","SV","Johnstone, Valenka","National City Corp.","570","Johnstone","555-396-2804","3640","Licensing","Valenka","valenka.johnstone@example.com"
"Kenya","KE","Talich, Karina","Barnes & Noble, Inc.","113","Talich","555-813-3927","3641","Marketing","Karina","karina.talich@example.com"
"Antarctica","AQ","Giacamo, Amery","ONEOK Inc","617","Giacamo","555-231-7156","3642","Strategy","Amery","amery.giacamo@example.com"
"Australia","AU","Karry, Hakim","Level 3 Communications Inc.","492","Karry","555-837-8108","3643","Human Resources","Hakim","hakim.karry@example.com"
"Tajikistan","TJ","Orban, Nicky","Astoria Financial Corporation","92","Orban","555-368-6300","3644","Human Resources","Nicky","nicky.orban@example.com"
"Belarus","BY","Jamnes, Germain","GATX Corporation","358","Jamnes","555-131-8342","3645","Insurance","Germain","germain.jamnes@example.com"
"Cambodia","KH","Bobbee, Ilsa","Williams Companies Inc","927","Bobbee","555-234-2384","3646","Customer Service","Ilsa","ilsa.bobbee@example.com"
"Guadeloupe","GP","Cortney, Constantia","McDonald's Corporation","535","Cortney","555-661-3178","3647","Purchasing","Constantia","constantia.cortney@example.com"
"El Salvador","SV","Breger, Lucita","Metris Companies Inc","551","Breger","555-191-7067","3648","Strategy","Lucita","lucita.breger@example.com"
"Sint Maarten","SX","Ciri, Dru","Sysco Corp","811","Ciri","555-108-8262","3649","Distribution","Dru","dru.ciri@example.com"
"Kenya","KE","Aphrodite, Roi","Rent A Center Inc","715","Aphrodite","555-855-3741","3650","Distribution","Roi","roi.aphrodite@example.com"
"Malta","MT","Tina, Midge","Bank One Corporation","110","Tina","555-161-1663","3651","Purchasing","Midge","midge.tina@example.com"
"Martinique","MQ","Zischke, Cathleen","Masco Corporation","524","Zischke","555-651-4084","3652","Strategy","Cathleen","cathleen.zischke@example.com"
"Gambia","GM","Dunkin, Beverley","The Lubrizol Corporation","507","Dunkin","555-307-7222","3653","Human Resources","Beverley","beverley.dunkin@example.com"
"Zimbabwe","ZW","Lukas, Desmond","Jack In The Box Inc.","453","Lukas","555-716-4941","3654","Sales","Desmond","desmond.lukas@example.com"
"Uzbekistan","UZ","Cynthy, Iris","ONEOK Inc","617","Cynthy","555-792-3023","3655","IT Support","Iris","iris.cynthy@example.com"
"Cook Islands","CK","Ellicott, Rudyard","Domino's Pizza LLC","269","Ellicott","555-822-6233","3656","Sales","Rudyard","rudyard.ellicott@example.com"
"Libya","LY","Jarnagin, Gothart","Rent A Center Inc","715","Jarnagin","555-762-8855","3657","Business Development","Gothart","gothart.jarnagin@example.com"
"Ethiopia","ET","Otho, Pansie","Cabot Corp","159","Otho","555-418-9368","3658","Investing","Pansie","pansie.otho@example.com"
"Egypt","EG","Litman, Nelia","Alberto-Culver Company","33","Litman","555-120-9244","3659","Operations","Nelia","nelia.litman@example.com"
"Bahamas","BS","Prissy, Thain","The May Department Stores Company","531","Prissy","555-424-3586","3660","Business Development","Thain","thain.prissy@example.com"
"Paraguay","PY","Piefer, Carmita","Pathmark Stores Inc.","633","Piefer","555-706-8536","3661","Insurance","Carmita","carmita.piefer@example.com"
"Belarus","BY","Soulier, Odella","Sovereign Bancorp Inc.","778","Soulier","555-569-5800","3662","Legal","Odella","odella.soulier@example.com"
"Ethiopia","ET","Sari, Queenie","The MONY Group Inc.","562","Sari","555-908-5819","3663","Strategy","Queenie","queenie.sari@example.com"
"Maldives","MV","Ponzo, Claudette","Worthington Industries Inc","934","Ponzo","555-865-7861","3664","Purchasing","Claudette","claudette.ponzo@example.com"
"Senegal","SN","Carlie, Natalie","Crompton Corp.","239","Carlie","555-101-4101","3665","Business Development","Natalie","natalie.carlie@example.com"
"Bahrain","BH","Korie, Rosemonde","H.J. Heinz Company","392","Korie","555-296-3359","3666","Legal","Rosemonde","rosemonde.korie@example.com"
"Macedonia","MK","Benilda, Jobina","Pioneer-Standard Electronics Inc.","665","Benilda","555-255-2852","3667","Purchasing","Jobina","jobina.benilda@example.com"
"Vietnam","VN","Alma, Ivan","OM Group Inc","613","Alma","555-890-9391","3668","Research and Development","Ivan","ivan.alma@example.com"
"Belize","BZ","Ehud, Lotty","MetLife Inc.","550","Ehud","555-885-7102","3669","Legal","Lotty","lotty.ehud@example.com"
"Samoa","WS","Todhunter, Roldan","Phoenix Companies Inc","661","Todhunter","555-496-1640","3670","Customer Service","Roldan","roldan.todhunter@example.com"
"Saint Barthélemy","BL","Cheyney, Antonino","Amtran, Inc.","69","Cheyney","555-527-5492","3671","Operations","Antonino","antonino.cheyney@example.com"
"Angola","AO","Ermeena, Bendicty","Banta Corporation","112","Ermeena","555-869-6387","3672","Marketing","Bendicty","bendicty.ermeena@example.com"
"Iraq","IQ","Tina, Bobinette","Compuware Corp.","216","Tina","555-470-9109","3673","Operations","Bobinette","bobinette.tina@example.com"
"Sri Lanka","LK","Neff, Inez","TXU Corp","851","Neff","555-636-1145","3674","IT Support","Inez","inez.neff@example.com"
"Canada","CA","Tadeo, Lin","Equifax Inc.","309","Tadeo","555-911-2656","3675","Strategy","Lin","lin.tadeo@example.com"
"Martinique","MQ","Acey, Mycah","Tyson Foods Inc","852","Acey","555-582-3837","3676","Operations","Mycah","mycah.acey@example.com"
"Bouvet Island","BV","Alitha, Isador","W.R. Grace & Co","899","Alitha","555-538-7430","3677","Engineering","Isador","isador.alitha@example.com"
"Sudan Sudan","SD","Phylis, Leonie","Dial Corporation","261","Phylis","555-212-2267","3678","Marketing","Leonie","leonie.phylis@example.com"
"Bolivia","BO","Tremayne, Shaylyn","Varco International Inc","886","Tremayne","555-292-4041","3679","Operations","Shaylyn","shaylyn.tremayne@example.com"
"United States Minor Outlying Islands","UM","Aluin, Fonzie","Phillips Petroleum Co","659","Aluin","555-317-122","3680","Operations","Fonzie","fonzie.aluin@example.com"
"Saint Pierre and Miquelon","PM","Maryjane, Geralda","Liz Claiborne Inc.","499","Maryjane","555-237-859","3681","Operations","Geralda","geralda.maryjane@example.com"
"Antigua and Barbuda","AG","Lyndsey, Darci","Jacobs Engineering Group Inc.","454","Lyndsey","555-390-1213","3682","Investing","Darci","darci.lyndsey@example.com"
"Colombia","CO","Pellikka, Paul","LandAmerica Financial Group Inc.","482","Pellikka","555-282-785","3683","Research and Development","Paul","paul.pellikka@example.com"
"Christmas Island","CX","Cindra, Rikki","The Lubrizol Corporation","507","Cindra","555-401-3985","3684","Investing","Rikki","rikki.cindra@example.com"
"Jersey","JE","Roque, Tiff","Phillips Petroleum Co","659","Roque","555-549-1099","3685","Licensing","Tiff","tiff.roque@example.com"
"Micronesia","FM","Danette, Cesar","IT Group Inc.","446","Danette","555-635-1480","3686","Customer Service","Cesar","cesar.danette@example.com"
"Iran","IR","Litta, Mirna","International Flavors & Fragrances Inc.","443","Litta","555-891-4426","3687","Research and Development","Mirna","mirna.litta@example.com"
"Nigeria","NG","Thorman, Nady","Marsh & McLennan Companies Inc.","520","Thorman","555-423-7609","3688","Operations","Nady","nady.thorman@example.com"
"Papua New Guinea","PG","Bethanne, Giustina","Imperial Sugar Company","432","Bethanne","555-445-5122","3689","Legal","Giustina","giustina.bethanne@example.com"
"Democratic Republic of the Congo","CD","Silvain, Vlad","GreenPoint Financial Corp.","385","Silvain","555-239-7417","3690","Engineering","Vlad","vlad.silvain@example.com"
"State of Palestine","PS","MacCarthy, Vincents","Laboratory Corporation of America Holdings","480","MacCarthy","555-464-8782","3691","Customer Service","Vincents","vincents.maccarthy@example.com"
"United States Minor Outlying Islands","UM","Moyers, Rena","Deere & Company","253","Moyers","555-606-5243","3692","Operations","Rena","rena.moyers@example.com"
"Cyprus","CY","Effy, Alfie","Mirant Corporation","559","Effy","555-567-7142","3693","Business Development","Alfie","alfie.effy@example.com"
"Palau","PW","Antonino, Clo","Simon Property Group Inc","763","Antonino","555-477-685","3694","Human Resources","Clo","clo.antonino@example.com"
"Åland Islands","AX","Abell, Lucita","Burlington Resources Inc.","156","Abell","555-696-5508","3695","Production","Lucita","lucita.abell@example.com"
"South Korea ","KR","Pega, Barton","Corn Products International Inc.","232","Pega","555-994-9275","3696","Accounting","Barton","barton.pega@example.com"
"Brunei Darussalam","BN","Beau, George","Delta Air Lines Inc.","257","Beau","555-399-4335","3697","Distribution","George","george.beau@example.com"
"Ecuador","EC","Morocco, Annadiana","Olin Corp.","612","Morocco","555-856-3926","3698","Accounting","Annadiana","annadiana.morocco@example.com"
"Slovenia","SI","Peursem, Bliss","Air Products and Chemicals, Inc.","28","Peursem","555-541-2016","3699","Investing","Bliss","bliss.peursem@example.com"
"Turkmenistan","TM","Burkhart, Georgia","Murphy Oil Corporation","566","Burkhart","555-992-9430","3700","Production","Georgia","georgia.burkhart@example.com"
"Pitcairn Islands","PN","Lose, Felicio","BorgWarner Inc.","141","Lose","555-547-765","3701","Investing","Felicio","felicio.lose@example.com"
"Liechtenstein","LI","Viridi, Carline","Ball Corporation","107","Viridi","555-687-9494","3702","Production","Carline","carline.viridi@example.com"
"Western Sahara","EH","Leanor, Marcile","Lands' End Inc.","483","Leanor","555-452-1135","3703","Research and Development","Marcile","marcile.leanor@example.com"
"Austria","AT","Pamela, Adrienne","Mirant Corporation","559","Pamela","555-507-9522","3704","Production","Adrienne","adrienne.pamela@example.com"
"Tunisia","TN","Valora, Dan","Office Depot Inc.","606","Valora","555-787-5781","3705","Marketing","Dan","dan.valora@example.com"
"Guinea","GN","Stoneham, Sheffield","Tower Automotive Inc.","839","Stoneham","555-194-3347","3706","Licensing","Sheffield","sheffield.stoneham@example.com"
"India","IN","Clarhe, Olivette","Countrywide Credit Industries Inc.","235","Clarhe","555-248-3495","3707","Distribution","Olivette","olivette.clarhe@example.com"
"Sri Lanka","LK","Aleda, Jermayne","The McGraw-Hill Companies Inc.","536","Aleda","555-675-520","3708","Human Resources","Jermayne","jermayne.aleda@example.com"
"United States Virgin Islands","VI","Virgil, Arliene","Crompton Corp.","239","Virgil","555-179-6528","3709","Investing","Arliene","arliene.virgil@example.com"
"China","CN","Christiansen, Rita","Solectron Corp","769","Christiansen","555-918-8103","3710","Sales","Rita","rita.christiansen@example.com"
"Singapore","SG","Schwarz, Giorgi","Bristol-Myers Squibb Company","147","Schwarz","555-303-8601","3711","Human Resources","Giorgi","giorgi.schwarz@example.com"
"Lesotho","LS","O'Hara, Winthrop","First American Financial Corp.","329","O'Hara","555-426-5258","3712","Strategy","Winthrop","winthrop.o'hara@example.com"
"Vatican City","VA","Maxine, Griffin","TRW Inc","850","Maxine","555-430-6121","3713","Business Development","Griffin","griffin.maxine@example.com"
"Peru","PE","Folly, Melvyn","Kellogg Company","462","Folly","555-570-9167","3714","Production","Melvyn","melvyn.folly@example.com"
"Bahrain","BH","Hooper, Jania","Torchmark Corporation","837","Hooper","555-883-3398","3715","Legal","Jania","jania.hooper@example.com"
"Burundi","BI","Richel, Bren","Sports Authority Inc","781","Richel","555-263-6197","3716","Insurance","Bren","bren.richel@example.com"
"Republic of the Congo","CG","Angelo, Pammy","Scientific-Atlanta Inc","746","Angelo","555-481-9171","3717","Distribution","Pammy","pammy.angelo@example.com"
"Djibouti","DJ","Vitale, Ber","United Defense Industries Inc.","863","Vitale","555-138-9235","3718","Business Development","Ber","ber.vitale@example.com"
"Sudan Sudan","SD","Wahkuna, Kerianne","Ceridian Corp.","178","Wahkuna","555-622-1290","3719","Licensing","Kerianne","kerianne.wahkuna@example.com"
"Canada","CA","Leighton, Leah","Northrop Grumman Corporation","595","Leighton","555-714-113","3720","Research and Development","Leah","leah.leighton@example.com"
"Sint Maarten","SX","Spark, Donnell","Phelps Dodge Corp.","657","Spark","555-369-8553","3721","Purchasing","Donnell","donnell.spark@example.com"
"Dominica","DM","Felise, Cherin","Mandalay Resort Group","513","Felise","555-225-8144","3722","Licensing","Cherin","cherin.felise@example.com"
"Taiwan","TW","Brandy, Miner","Western Gas Resources Inc","920","Brandy","555-953-7423","3723","Engineering","Miner","miner.brandy@example.com"
"Montserrat","MS","Raycher, Hugh","Louisiana-Pacific Corporation","503","Raycher","555-205-691","3724","Insurance","Hugh","hugh.raycher@example.com"
"Iraq","IQ","Egin, Gerardo","Banknorth Group, Inc.","111","Egin","555-916-604","3725","Sales","Gerardo","gerardo.egin@example.com"
"Burkina Faso","BF","Rillis, Ralph","Perini Corp","647","Rillis","555-194-1718","3726","Insurance","Ralph","ralph.rillis@example.com"
"Zambia","ZM","Eisinger, Ole","Wm Wrigley Jr Company","931","Eisinger","555-182-2107","3727","Distribution","Ole","ole.eisinger@example.com"
"Madagascar","MG","Barrett, Loraine","United Rentals Inc","865","Barrett","555-746-6761","3728","Distribution","Loraine","loraine.barrett@example.com"
"Germany","DE","Sedgewick, Tully","Washington Post Co.","909","Sedgewick","555-728-9574","3729","Accounting","Tully","tully.sedgewick@example.com"
"Montenegro","ME","Tse, Raye","Parker Hannifin Corp.","632","Tse","555-293-1381","3730","Human Resources","Raye","raye.tse@example.com"
"Libya","LY","Ulu, Carley","Mirant Corporation","559","Ulu","555-918-9941","3731","Distribution","Carley","carley.ulu@example.com"
"Eritrea","ER","Bithia, Aleta","Qwest Communications Intl Inc","703","Bithia","555-470-6932","3732","Engineering","Aleta","aleta.bithia@example.com"
"Nigeria","NG","Kissel, Kristen","Beckman Coulter, Inc.","119","Kissel","555-948-5460","3733","Production","Kristen","kristen.kissel@example.com"
"Hungary","HU","Serrell, Armin","Temple-Inland Inc","821","Serrell","555-761-7040","3734","IT Support","Armin","armin.serrell@example.com"
"Guyana","GY","Conner, Ginnifer","The May Department Stores Company","531","Conner","555-579-6642","3735","IT Support","Ginnifer","ginnifer.conner@example.com"
"Portugal","PT","Burroughs, Philbert","Pathmark Stores Inc.","633","Burroughs","555-971-7015","3736","Strategy","Philbert","philbert.burroughs@example.com"
"Gabon","GA","Burtis, Korry","Computer Associates International Inc.","214","Burtis","555-779-5104","3737","Customer Service","Korry","korry.burtis@example.com"
"Cambodia","KH","Hunger, Adriana","National Semiconductor Corporation","575","Hunger","555-144-4826","3738","Purchasing","Adriana","adriana.hunger@example.com"
"Germany","DE","Viridis, Leonhard","Intuit Inc.","445","Viridis","555-788-763","3739","Insurance","Leonhard","leonhard.viridis@example.com"
"East Timor","TL","Bobbee, Charlena","Viasystems Group Inc","893","Bobbee","555-556-7878","3740","Business Development","Charlena","charlena.bobbee@example.com"
"Argentina","AR","Strickland, Xymenes","Murphy Oil Corporation","566","Strickland","555-216-6045","3741","Engineering","Xymenes","xymenes.strickland@example.com"
"Falkland Islands","FK","Rouvin, Amie","SLM Corporation","764","Rouvin","555-306-7313","3742","Operations","Amie","amie.rouvin@example.com"
"Ireland","IE","Fabri, Dulcinea","Lexmark International Inc.","494","Fabri","555-369-3790","3743","Legal","Dulcinea","dulcinea.fabri@example.com"
"Ireland","IE","Trygve, Dena","Walter Industries Inc","907","Trygve","555-223-1821","3744","Distribution","Dena","dena.trygve@example.com"
"Bermuda","BM","Christos, Lindsay","Gannett Co., Inc.","355","Christos","555-996-2146","3745","Investing","Lindsay","lindsay.christos@example.com"
"Sudan Sudan","SD","Almeida, Erl","Maxim Integrated Products Inc.","528","Almeida","555-178-2090","3746","Operations","Erl","erl.almeida@example.com"
"Lesotho","LS","Ursa, Page","Del Monte Foods Co","254","Ursa","555-795-8381","3747","Production","Page","page.ursa@example.com"
"Cayman Islands Cayman Islands","KY","Oram, Denny","Apache Corporation","78","Oram","555-434-287","3748","Insurance","Denny","denny.oram@example.com"
"Dominican Republic","DO","Groark, Betsey","Quest Diagnostics Inc.","700","Groark","555-807-9605","3749","Engineering","Betsey","betsey.groark@example.com"
"Myanmar","MM","Ramses, Joela","Sealed Air Corp","749","Ramses","555-577-4386","3750","Accounting","Joela","joela.ramses@example.com"
"United Kingdom","GB","Leighland, Norina","U.S. Bancorp","853","Leighland","555-258-8325","3751","Legal","Norina","norina.leighland@example.com"
"Libya","LY","Godric, Molly","Procter & Gamble Co.","684","Godric","555-855-5009","3752","Insurance","Molly","molly.godric@example.com"
"Macedonia","MK","Rubin, Renado","Ferro Corp.","326","Rubin","555-537-3755","3753","Insurance","Renado","renado.rubin@example.com"
"Suriname","SR","Dunc, Enrichetta","Agilent Technologies, Inc.","25","Dunc","555-539-9002","3754","Human Resources","Enrichetta","enrichetta.dunc@example.com"
"Montenegro","ME","Fineberg, Kerrin","John Hancock Financial Services Inc.","457","Fineberg","555-371-4996","3755","Legal","Kerrin","kerrin.fineberg@example.com"
"Singapore","SG","Nealah, Pam","RPM Inc.","728","Nealah","555-795-6263","3756","Purchasing","Pam","pam.nealah@example.com"
"Åland Islands","AX","Guillermo, Eva","Centex Corp.","176","Guillermo","555-662-240","3757","Strategy","Eva","eva.guillermo@example.com"
"Burundi","BI","Mella, Berri","World Fuel Services Corporation","932","Mella","555-665-8526","3758","Legal","Berri","berri.mella@example.com"
"Afghanistan","AF","Mose, Benton","Xilinx Inc","940","Mose","555-159-5130","3759","Marketing","Benton","benton.mose@example.com"
"Guam","GU","Bergstein, Davin","Staff Leasing Inc.","786","Bergstein","555-456-7396","3760","Customer Service","Davin","davin.bergstein@example.com"
"New Zealand","NZ","Dong, Marion","Brown Shoe Company, Inc.","149","Dong","555-916-9837","3761","Legal","Marion","marion.dong@example.com"
"French Southern and Antarctic Lands","TF","Cromwell, Micheline","Mail-Well Inc.","512","Cromwell","555-915-9615","3762","Operations","Micheline","micheline.cromwell@example.com"
"Myanmar","MM","Goober, Jenda","Harrah's Entertainment Inc.","396","Goober","555-590-4995","3763","IT Support","Jenda","jenda.goober@example.com"
"Namibia","NA","Mary, Hilde","Paccar Inc","625","Mary","555-528-8573","3764","Sales","Hilde","hilde.mary@example.com"
"Saint Barthélemy","BL","Emmett, Devonne","Adobe Systems Incorporated","14","Emmett","555-875-9376","3765","Human Resources","Devonne","devonne.emmett@example.com"
"Trinidad and Tobago","TT","Joktan, Stevie","American Water Works Company, Inc.","62","Joktan","555-493-5994","3766","Purchasing","Stevie","stevie.joktan@example.com"
"Guinea","GN","Fabrin, Tonye","Fluor Corp","341","Fabrin","555-197-4935","3767","Purchasing","Tonye","tonye.fabrin@example.com"
"Guyana","GY","Schuler, Noah","Interstate Bakeries Corporation","441","Schuler","555-100-9824","3768","IT Support","Noah","noah.schuler@example.com"
"Samoa","WS","Wootten, Burl","Rite Aid Corp","719","Wootten","555-371-5716","3769","Investing","Burl","burl.wootten@example.com"
"Bermuda","BM","Sanjiv, Atlante","Brinker International, Inc.","146","Sanjiv","555-545-2573","3770","Strategy","Atlante","atlante.sanjiv@example.com"
"Colombia","CO","Dacia, Berkly","Peoples Energy Corp.","639","Dacia","555-310-8030","3771","Sales","Berkly","berkly.dacia@example.com"
"Macau","MO","Kaine, Timothee","New York Times Company","581","Kaine","555-414-9030","3772","Production","Timothee","timothee.kaine@example.com"
"Jamaica","JM","Abbotson, Vern","PETsMART Inc","652","Abbotson","555-894-8460","3773","Insurance","Vern","vern.abbotson@example.com"
"Burundi","BI","Peggy, Jobye","Home Depot Inc.","415","Peggy","555-201-4561","3774","Strategy","Jobye","jobye.peggy@example.com"
"Iceland","IS","Rivalee, Jephthah","Triad Hospitals Inc","845","Rivalee","555-997-7769","3775","Accounting","Jephthah","jephthah.rivalee@example.com"
"Italy","IT","Cloutman, Merrily","CMGI Inc.","200","Cloutman","555-431-9014","3776","Engineering","Merrily","merrily.cloutman@example.com"
"Gibraltar","GI","Ronel, Nady","Sanmina-SCI Inc","738","Ronel","555-247-9775","3777","Production","Nady","nady.ronel@example.com"
"Afghanistan","AF","Adkins, Anne","Universal Health Services Inc","872","Adkins","555-126-9538","3778","Customer Service","Anne","anne.adkins@example.com"
"Brazil","BR","Manchester, Lauryn","CMS Energy Corp.","201","Manchester","555-226-596","3779","Research and Development","Lauryn","lauryn.manchester@example.com"
"Cocos (Keeling) Islands","CC","Faden, Sol","Best Buy Co., Inc.","129","Faden","555-212-8608","3780","Customer Service","Sol","sol.faden@example.com"
"Namibia","NA","Belen, Keely","Pinnacle West Capital Corp","664","Belen","555-902-8407","3781","Engineering","Keely","keely.belen@example.com"
"Benin","BJ","Bart, Kellyann","Stewart Information Services Corp","798","Bart","555-430-3208","3782","Marketing","Kellyann","kellyann.bart@example.com"
"Sierra Leone","SL","Maximilianus, Carrie","Cooper Tire & Rubber Co.","231","Maximilianus","555-829-9117","3783","Business Development","Carrie","carrie.maximilianus@example.com"
"Saint Martin","MF","Ebonee, Maudie","CKE Restaurants Inc.","197","Ebonee","555-448-9071","3784","Purchasing","Maudie","maudie.ebonee@example.com"
"Nauru","NR","Ottillia, Grannie","US Airways Group Inc","877","Ottillia","555-539-789","3785","Human Resources","Grannie","grannie.ottillia@example.com"
"Honduras","HN","Dolli, Debee","Pride International Inc","681","Dolli","555-160-3074","3786","Operations","Debee","debee.dolli@example.com"
"Oman","OM","Birmingham, Sioux","ITT Industries Inc.","447","Birmingham","555-435-2329","3787","Production","Sioux","sioux.birmingham@example.com"
"Turkey","TR","Emiline, Gussy","National Fuel Gas Company","572","Emiline","555-573-2253","3788","Distribution","Gussy","gussy.emiline@example.com"
"Bhutan","BT","Onida, Lyda","RoadwayCorp","721","Onida","555-896-2245","3789","Human Resources","Lyda","lyda.onida@example.com"
"Pakistan","PK","Woodward, Blinnie","CMS Energy Corp.","201","Woodward","555-182-7399","3790","Business Development","Blinnie","blinnie.woodward@example.com"
"Egypt","EG","Esmeralda, Felicle","Genuine Parts Company","369","Esmeralda","555-409-833","3791","Production","Felicle","felicle.esmeralda@example.com"
"Qatar","QA","Otila, Jordan","Cintas Corp.","192","Otila","555-361-9193","3792","Strategy","Jordan","jordan.otila@example.com"
"Bosnia and Herzegovina","BA","Hazlip, Bennie","Metris Companies Inc","551","Hazlip","555-289-5870","3793","Business Development","Bennie","bennie.hazlip@example.com"
"Djibouti","DJ","Moazami, Tymothy","Stanley Works","789","Moazami","555-357-477","3794","Strategy","Tymothy","tymothy.moazami@example.com"
"United Arab Emirates","AE","Dabney, Gordan","CellStar Corp.","173","Dabney","555-957-2541","3795","Production","Gordan","gordan.dabney@example.com"
"Uruguay","UY","Kotz, Doralin","Big Lots, Inc.","132","Kotz","555-804-6035","3796","Sales","Doralin","doralin.kotz@example.com"
"Bolivia","BO","Jesus, Joy","Standard Pacific Corp.","788","Jesus","555-705-6561","3797","Insurance","Joy","joy.jesus@example.com"
"Guadeloupe","GP","Sears, Waiter","Campbell Soup Co.","162","Sears","555-393-2110","3798","Production","Waiter","waiter.sears@example.com"
"Saudi Arabia","SA","Basham, Arvie","Pfizer Inc","653","Basham","555-535-4571","3799","Strategy","Arvie","arvie.basham@example.com"
"Bulgaria","BG","Winny, Arty","Polo Ralph Lauren Corp","672","Winny","555-624-5975","3800","Research and Development","Arty","arty.winny@example.com"
"Andorra","AD","Moise, Roseann","Sysco Corp","811","Moise","555-409-8736","3801","IT Support","Roseann","roseann.moise@example.com"
"Macau","MO","Angelle, Diann","Sovereign Bancorp Inc.","778","Angelle","555-731-4176","3802","Production","Diann","diann.angelle@example.com"
"Wallis and Futuna","WF","Schulze, Archibold","Sysco Corp","811","Schulze","555-261-5398","3803","IT Support","Archibold","archibold.schulze@example.com"
"Namibia","NA","Dun, Mirilla","Cisco Systems Inc.","194","Dun","555-468-3815","3804","Licensing","Mirilla","mirilla.dun@example.com"
"Haiti","HT","Jobie, Jacquelynn","Avaya Inc.","101","Jobie","555-596-3258","3805","Business Development","Jacquelynn","jacquelynn.jobie@example.com"
"Bonaire, Saint Eustatius and Saba","BQ","Burney, Dacy","Hovnanian Enterprises Inc.","421","Burney","555-838-1578","3806","Accounting","Dacy","dacy.burney@example.com"
"Albania","AL","Erv, Lucretia","General Cable Corporation","361","Erv","555-506-7028","3807","Distribution","Lucretia","lucretia.erv@example.com"
"Equatorial Guinea","GQ","Laris, Lorrayne","NTL Incorporated","599","Laris","555-544-8571","3808","Human Resources","Lorrayne","lorrayne.laris@example.com"
"Vietnam","VN","Helbona, Babs","Family Dollar Stores Inc.","320","Helbona","555-500-7003","3809","Accounting","Babs","babs.helbona@example.com"
"Chile","CL","Lallage, Roanna","Magellan Health Services Inc.","511","Lallage","555-994-3178","3810","Accounting","Roanna","roanna.lallage@example.com"
"Turkmenistan","TM","Thinia, Morry","SunTrust Banks Inc","806","Thinia","555-612-4875","3811","Production","Morry","morry.thinia@example.com"
"Greece","GR","Wiatt, Jennilee","Greif Bros. Corporation","386","Wiatt","555-491-9153","3812","Insurance","Jennilee","jennilee.wiatt@example.com"
"Moldova","MD","Cobby, Blair","Hormel Foods Corp.","418","Cobby","555-677-7622","3813","Customer Service","Blair","blair.cobby@example.com"
"Bulgaria","BG","Weingartner, Corella","Best Buy Co., Inc.","129","Weingartner","555-837-7255","3814","Engineering","Corella","corella.weingartner@example.com"
"Japan","JP","Tubb, Noelani","CMGI Inc.","200","Tubb","555-426-6336","3815","Distribution","Noelani","noelani.tubb@example.com"
"Liechtenstein","LI","Ursulina, Leigha","The Goodyear Tire & Rubber Company","380","Ursulina","555-562-9118","3816","Licensing","Leigha","leigha.ursulina@example.com"
"Senegal","SN","Champ, Murdoch","Constellation Emergy Group Inc.","226","Champ","555-664-221","3817","Accounting","Murdoch","murdoch.champ@example.com"
"Seychelles","SC","Bradski, Nickey","Trinity Industries Inc","848","Bradski","555-357-7435","3818","Operations","Nickey","nickey.bradski@example.com"
"Albania","AL","Sells, Saloma","Gold Kist Inc.","375","Sells","555-321-7254","3819","Accounting","Saloma","saloma.sells@example.com"
"Lithuania","LT","Marius, Pace","Oshkosh Truck Corp","619","Marius","555-386-1210","3820","Operations","Pace","pace.marius@example.com"
"Greece","GR","Tull, Sandor","Silicon Graphics Inc","762","Tull","555-924-2780","3821","Investing","Sandor","sandor.tull@example.com"
"Finland","FI","Ronn, Ichabod","United Auto Group Inc","862","Ronn","555-550-500","3822","Insurance","Ichabod","ichabod.ronn@example.com"
"Sao Tome and Principe","ST","Bosch, Oby","Reader's Digest Association Inc.","709","Bosch","555-406-593","3823","Customer Service","Oby","oby.bosch@example.com"
"Kiribati","KI","Orferd, Magdalena","Owens-Illinois Inc","623","Orferd","555-112-5601","3824","Operations","Magdalena","magdalena.orferd@example.com"
"Vatican City","VA","Binny, Arni","Genzyme Corporation","371","Binny","555-139-7691","3825","Production","Arni","arni.binny@example.com"
"Guyana","GY","Ashlen, Margaux","DPL Inc.","273","Ashlen","555-334-1327","3826","Business Development","Margaux","margaux.ashlen@example.com"
"Ivory Coast ","CI","Ellison, Shalna","Synovus Financial Corp.","810","Ellison","555-689-7744","3827","Research and Development","Shalna","shalna.ellison@example.com"
"Mozambique","MZ","Cheryl, Luciano","WESCO International Inc","918","Cheryl","555-938-6993","3828","Legal","Luciano","luciano.cheryl@example.com"
"Netherlands","NL","Marisa, Morgen","Adobe Systems Incorporated","14","Marisa","555-725-1463","3829","Human Resources","Morgen","morgen.marisa@example.com"
"Iceland","IS","Downey, Mikey","Best Buy Co., Inc.","129","Downey","555-811-4454","3830","IT Support","Mikey","mikey.downey@example.com"
"Greece","GR","Buine, Bartlet","Avnet, Inc.","104","Buine","555-938-9795","3831","Sales","Bartlet","bartlet.buine@example.com"
"Iceland","IS","Ailene, Jacquenetta","Avery Dennison Corporation","102","Ailene","555-819-4058","3832","Human Resources","Jacquenetta","jacquenetta.ailene@example.com"
"Taiwan","TW","Rycca, Carla","Lands' End Inc.","483","Rycca","555-522-9484","3833","IT Support","Carla","carla.rycca@example.com"
"Kazakhstan","KZ","German, Orbadiah","Lehman Brothers Holdings Inc.","489","German","555-337-443","3834","Licensing","Orbadiah","orbadiah.german@example.com"
"South Georgia and the South Sandwich Island","GS","Grissom, Vitia","Murphy Oil Corporation","566","Grissom","555-486-279","3835","Insurance","Vitia","vitia.grissom@example.com"
"Bosnia and Herzegovina","BA","Sprage, Kipp","Shaw Group Inc","755","Sprage","555-391-8176","3836","Sales","Kipp","kipp.sprage@example.com"
"Madagascar","MG","Strohl, Brena","Dow Jones & Company, Inc.","272","Strohl","555-922-8288","3837","Marketing","Brena","brena.strohl@example.com"
"Pakistan","PK","Foote, Erica","Johnson & Johnson","458","Foote","555-594-5789","3838","IT Support","Erica","erica.foote@example.com"
"Mauritania","MR","Ja, Claude","Cincinnati Financial Corp.","190","Ja","555-639-583","3839","Insurance","Claude","claude.ja@example.com"
"Myanmar","MM","Jerz, Bernard","Pitney Bowes Inc.","666","Jerz","555-699-9008","3840","Marketing","Bernard","bernard.jerz@example.com"
"Montenegro","ME","Bolitho, Stacee","Hartford Financial Services Group Inc.","399","Bolitho","555-485-940","3841","Legal","Stacee","stacee.bolitho@example.com"
"Kenya","KE","Heintz, Cassandre","Apple Computer, Inc.","79","Heintz","555-921-6591","3842","Accounting","Cassandre","cassandre.heintz@example.com"
"Russia","RU","Olvan, Hermann","BJ's Wholesale Club, Inc.","134","Olvan","555-633-9579","3843","Research and Development","Hermann","hermann.olvan@example.com"
"Puerto Rico","PR","Humberto, Evyn","Hasbro Inc.","400","Humberto","555-490-1583","3844","Customer Service","Evyn","evyn.humberto@example.com"
"Norfolk Island","NF","Romanas, Ebba","Black Hills Corporation","136","Romanas","555-657-3417","3845","IT Support","Ebba","ebba.romanas@example.com"
"Kyrgyzstan","KG","Winters, Alyss","RoadwayCorp","721","Winters","555-946-4200","3846","Distribution","Alyss","alyss.winters@example.com"
"Uganda","UG","Phippen, Gilberto","PacifiCare Health Systems Inc","626","Phippen","555-471-9327","3847","Human Resources","Gilberto","gilberto.phippen@example.com"
"Saudi Arabia","SA","Edy, Warden","AutoNation, Inc.","99","Edy","555-699-8788","3848","Human Resources","Warden","warden.edy@example.com"
"Saint Martin","MF","Kelson, Morey","Nucor Corp","600","Kelson","555-260-6110","3849","Business Development","Morey","morey.kelson@example.com"
"Spain","ES","Lohman, Oren","Zions Bancorporation","946","Lohman","555-128-7515","3850","Customer Service","Oren","oren.lohman@example.com"
"Gabon","GA","Wightman, Gelya","Maxtor Corporation","529","Wightman","555-937-4197","3851","Sales","Gelya","gelya.wightman@example.com"
"Isle of Man","IM","Blondie, Terrie","USFreighways Corporation","880","Blondie","555-437-570","3852","Investing","Terrie","terrie.blondie@example.com"
"Switzerland","CH","Clothilde, Albrecht","Timken Company","833","Clothilde","555-279-1152","3853","Production","Albrecht","albrecht.clothilde@example.com"
"Pakistan","PK","Samuella, Giraldo","Apache Corporation","78","Samuella","555-852-4989","3854","Investing","Giraldo","giraldo.samuella@example.com"
"Tunisia","TN","Reiche, Westbrooke","Hovnanian Enterprises Inc.","421","Reiche","555-715-8056","3855","Customer Service","Westbrooke","westbrooke.reiche@example.com"
"Nigeria","NE","Arola, Anatola","Baxter International Inc.","115","Arola","555-767-667","3856","Business Development","Anatola","anatola.arola@example.com"
"Equatorial Guinea","GQ","Fortin, Debbi","Saks Inc","737","Fortin","555-226-2444","3857","Investing","Debbi","debbi.fortin@example.com"
"Northern Mariana Islands","MP","Lock, Lisbeth","TruServ Corporation","849","Lock","555-958-9762","3858","Marketing","Lisbeth","lisbeth.lock@example.com"
"Georgia","GE","Troth, Adore","Genzyme Corporation","371","Troth","555-626-9725","3859","IT Support","Adore","adore.troth@example.com"
"Saint Lucia","LC","Issi, Meade","Tellabs Inc.","820","Issi","555-259-3152","3860","Marketing","Meade","meade.issi@example.com"
"Turkmenistan","TM","Jayme, Bertie","Anheuser-Busch Companies, Inc.","72","Jayme","555-845-8241","3861","Purchasing","Bertie","bertie.jayme@example.com"
"Cape Verde","CV","Nickolas, Cherri","Amerada Hess Corporation","50","Nickolas","555-839-538","3862","Production","Cherri","cherri.nickolas@example.com"
"American Samoa","AS","Merwin, Cairistiona","Loews Corporation","501","Merwin","555-428-4967","3863","Engineering","Cairistiona","cairistiona.merwin@example.com"
"Lithuania","LT","Valiant, Garvey","BJ Services Company","133","Valiant","555-433-2272","3864","Engineering","Garvey","garvey.valiant@example.com"
"Western Sahara","EH","Erle, Ingrim","USFreighways Corporation","880","Erle","555-260-6771","3865","Research and Development","Ingrim","ingrim.erle@example.com"
"Senegal","SN","Gare, Willis","Scholastic Corp","743","Gare","555-405-5761","3866","Licensing","Willis","willis.gare@example.com"
"Angola","AO","Gertrudis, Adelaide","H.J. Heinz Company","392","Gertrudis","555-836-1402","3867","Human Resources","Adelaide","adelaide.gertrudis@example.com"
"Bhutan","BT","Clarke, Sawyer","Jacobs Engineering Group Inc.","454","Clarke","555-794-4857","3868","Sales","Sawyer","sawyer.clarke@example.com"
"United Arab Emirates","AE","Johannah, Sashenka","Pfizer Inc","653","Johannah","555-868-1955","3869","IT Support","Sashenka","sashenka.johannah@example.com"
"Gambia","GM","Field, Georgena","Valspar Corporation","884","Field","555-199-7972","3870","Marketing","Georgena","georgena.field@example.com"
"Denmark","DK","Durgy, Nataniel","Vishay Intertechnology Inc","894","Durgy","555-972-4095","3871","Business Development","Nataniel","nataniel.durgy@example.com"
"Belarus","BY","Leyes, Jedediah","Standard Pacific Corp.","788","Leyes","555-829-3913","3872","Strategy","Jedediah","jedediah.leyes@example.com"
"Saudi Arabia","SA","Teagan, Jeanelle","Gap Inc.","356","Teagan","555-400-7155","3873","Human Resources","Jeanelle","jeanelle.teagan@example.com"
"Saint Kitts and Nevis","KN","Avigdor, Ramon","Oshkosh Truck Corp","619","Avigdor","555-670-2823","3874","Licensing","Ramon","ramon.avigdor@example.com"
"Armenia","AM","Dorsey, Terry","Molex Incorporated","561","Dorsey","555-691-3220","3875","Accounting","Terry","terry.dorsey@example.com"
"United Kingdom","GB","Armalla, Clarey","Frontier Oil Corp","353","Armalla","555-296-2604","3876","Distribution","Clarey","clarey.armalla@example.com"
"Mali","ML","Tiffany, Noemi","Becton, Dickinson and Company","120","Tiffany","555-109-6405","3877","Production","Noemi","noemi.tiffany@example.com"
"Angola","AO","Gwynne, Lida","American Greetings Corporation","59","Gwynne","555-303-8846","3878","Investing","Lida","lida.gwynne@example.com"
"Belarus","BY","Nichola, Corella","Johnson & Johnson","458","Nichola","555-644-3573","3879","Strategy","Corella","corella.nichola@example.com"
"Mauritius","MU","Halette, Reider","US Oncology Inc","878","Halette","555-182-7263","3880","Production","Reider","reider.halette@example.com"
"Turkmenistan","TM","Hulbig, Lola","Walter Industries Inc","907","Hulbig","555-467-313","3881","IT Support","Lola","lola.hulbig@example.com"
"Somalia","SO","Felicie, Sollie","Brinker International, Inc.","146","Felicie","555-347-295","3882","Insurance","Sollie","sollie.felicie@example.com"
"Cayman Islands Cayman Islands","KY","Docila, Kalli","Unified Western Grocers Inc","857","Docila","555-122-7128","3883","Customer Service","Kalli","kalli.docila@example.com"
"Kyrgyzstan","KG","Hansel, Porter","Ferro Corp.","326","Hansel","555-172-7802","3884","IT Support","Porter","porter.hansel@example.com"
"Puerto Rico","PR","Gilead, Marlie","Fairchild Semiconductor International Inc.","319","Gilead","555-592-847","3885","Strategy","Marlie","marlie.gilead@example.com"
"Andorra","AD","Imena, Veradis","Wakenhut Corporation","902","Imena","555-863-2975","3886","Customer Service","Veradis","veradis.imena@example.com"
"Turkmenistan","TM","Gautious, Rosemary","The Black & Decker Corporation","135","Gautious","555-112-3752","3887","Insurance","Rosemary","rosemary.gautious@example.com"
"Palau","PW","Ethelstan, Cherie","Amtran, Inc.","69","Ethelstan","555-842-1531","3888","Sales","Cherie","cherie.ethelstan@example.com"
"Saint Pierre and Miquelon","PM","Jacquelynn, Sid","Varco International Inc","886","Jacquelynn","555-425-1327","3889","Customer Service","Sid","sid.jacquelynn@example.com"
"Brazil","BR","Haberman, Cy","Calpine Corp.","161","Haberman","555-287-6724","3890","Customer Service","Cy","cy.haberman@example.com"
"Cuba","CU","Fayth, Ashil","Dial Corporation","261","Fayth","555-517-1449","3891","Distribution","Ashil","ashil.fayth@example.com"
"Nicaragua","NI","Matthew, Louis","EMC Corporation","298","Matthew","555-891-9301","3892","Accounting","Louis","louis.matthew@example.com"
"Samoa","WS","Glassman, Roby","First Data Corp.","330","Glassman","555-129-9818","3893","Business Development","Roby","roby.glassman@example.com"
"Liechtenstein","LI","Charlot, Myrta","IKON Office Solutions Inc.","429","Charlot","555-344-1707","3894","Operations","Myrta","myrta.charlot@example.com"
"Tuvalu","TV","Herrington, Breena","Puget Energy Inc.","695","Herrington","555-857-9902","3895","Human Resources","Breena","breena.herrington@example.com"
"Laos","LA","Gilroy, Brianne","United Stationers Inc","866","Gilroy","555-197-3731","3896","Human Resources","Brianne","brianne.gilroy@example.com"
"Bouvet Island","BV","Dean, Sidoney","U.S. Industries Inc.","854","Dean","555-442-3655","3897","IT Support","Sidoney","sidoney.dean@example.com"
"Réunion","RE","Berte, Ferdy","Furniture Brands International Inc.","354","Berte","555-277-4255","3898","Accounting","Ferdy","ferdy.berte@example.com"
"Micronesia","FM","De Witt, Nomi","Amtran, Inc.","69","De Witt","555-660-5254","3899","Operations","Nomi","nomi.de witt@example.com"
"Cameroon","CM","Ansley, Agnes","Magellan Health Services Inc.","511","Ansley","555-319-1489","3900","Insurance","Agnes","agnes.ansley@example.com"
"Netherlands","NL","Bethanne, Linnet","Solutia Inc","770","Bethanne","555-469-9720","3901","Human Resources","Linnet","linnet.bethanne@example.com"
"Eritrea","ER","Samara, Melissa","SCI Systems Onc.","744","Samara","555-878-3422","3902","Licensing","Melissa","melissa.samara@example.com"
"Kazakhstan","KZ","Hathaway, Corri","Intuit Inc.","445","Hathaway","555-536-3182","3903","Insurance","Corri","corri.hathaway@example.com"
"Tajikistan","TJ","Felizio, Cammie","3M Company","2","Felizio","555-514-4993","3904","Purchasing","Cammie","cammie.felizio@example.com"
"Marshall Islands","MH","Gilud, Effie","First Tennessee National Corp.","332","Gilud","555-897-4498","3905","Human Resources","Effie","effie.gilud@example.com"
"Kiribati","KI","Sawyor, Carmen","J.B. Hunt Transport Services Inc.","449","Sawyor","555-573-6285","3906","Purchasing","Carmen","carmen.sawyor@example.com"
"Cook Islands","CK","Schwab, Odilia","Unitrin Inc","869","Schwab","555-853-6399","3907","Human Resources","Odilia","odilia.schwab@example.com"
"Botswana","BW","Samuele, Pansy","Revlon Inc","717","Samuele","555-816-9269","3908","Sales","Pansy","pansy.samuele@example.com"
"Moldova","MD","Rutherford, Juline","Brinker International, Inc.","146","Rutherford","555-436-3950","3909","Marketing","Juline","juline.rutherford@example.com"
"Trinidad and Tobago","TT","Kitchen, Babara","Pittston Brinks Group","667","Kitchen","555-854-8793","3910","Engineering","Babara","babara.kitchen@example.com"
"Armenia","AM","Brass, Peadar","Navistar International Corporation","577","Brass","555-322-3870","3911","Engineering","Peadar","peadar.brass@example.com"
"Sao Tome and Principe","ST","Arie, Elvin","C. H. Robinson Worldwide Inc.","157","Arie","555-170-9653","3912","Licensing","Elvin","elvin.arie@example.com"
"Bahamas","BS","Amity, Lora","First American Financial Corp.","329","Amity","555-930-6877","3913","Investing","Lora","lora.amity@example.com"
"Jordan","JO","Tavia, Florina","TRW Inc","850","Tavia","555-113-903","3914","Marketing","Florina","florina.tavia@example.com"
"Mongolia","MN","Rufena, Barbabra","Health Management Associates Inc.","403","Rufena","555-565-6108","3915","Purchasing","Barbabra","barbabra.rufena@example.com"
"Wallis and Futuna","WF","Hayes, Camila","BJ Services Company","133","Hayes","555-814-5707","3916","Strategy","Camila","camila.hayes@example.com"
"Faroe Islands","FO","Adalheid, Pia","Metris Companies Inc","551","Adalheid","555-667-3903","3917","Distribution","Pia","pia.adalheid@example.com"
"Honduras","HN","Amaryllis, Webb","Genzyme Corporation","371","Amaryllis","555-296-6103","3918","Investing","Webb","webb.amaryllis@example.com"
"Japan","JP","Rysler, Burk","Brightpoint, Inc.","145","Rysler","555-302-5299","3919","Marketing","Burk","burk.rysler@example.com"
"Ireland","IE","Andrej, Gerda","Publix Super Markets Inc.","694","Andrej","555-192-4748","3920","Legal","Gerda","gerda.andrej@example.com"
"Guadeloupe","GP","Thordis, Jobey","Echostar Communications Corporation","290","Thordis","555-462-1594","3921","Purchasing","Jobey","jobey.thordis@example.com"
"Cyprus","CY","Torrell, Berti","American Electric Power Company, Inc.","56","Torrell","555-771-9349","3922","Sales","Berti","berti.torrell@example.com"
"Greenland","GL","Gilligan, Sky","Applera Corporation","80","Gilligan","555-295-6733","3923","Purchasing","Sky","sky.gilligan@example.com"
"Turkmenistan","TM","Gelman, Nikolos","Lands' End Inc.","483","Gelman","555-229-3093","3924","Marketing","Nikolos","nikolos.gelman@example.com"
"Philippines","PH","Demaria, Kinny","Transocean Inc","843","Demaria","555-180-6375","3925","Accounting","Kinny","kinny.demaria@example.com"
"South Korea ","KR","Rothberg, Phedra","Hewlett-Packard Company","410","Rothberg","555-346-3323","3926","Licensing","Phedra","phedra.rothberg@example.com"
"Cyprus","CY","Painter, Sherwin","Markel Corporation","518","Painter","555-825-5937","3927","Purchasing","Sherwin","sherwin.painter@example.com"
"Bhutan","BT","Berneta, Adrien","National Fuel Gas Company","572","Berneta","555-710-984","3928","Engineering","Adrien","adrien.berneta@example.com"
"Togo","TG","Alvy, Tootsie","Wachovia Corporation","901","Alvy","555-164-7857","3929","Legal","Tootsie","tootsie.alvy@example.com"
"Canada","CA","Valoniah, Danny","Alleghany Corporation","36","Valoniah","555-152-5261","3930","Insurance","Danny","danny.valoniah@example.com"
"Romania","RO","Roth, Opaline","Broadwing, Inc.","148","Roth","555-575-6749","3931","Insurance","Opaline","opaline.roth@example.com"
"Georgia","GE","Tutankhamen, Sarine","Swift Transportation, Co., Inc","808","Tutankhamen","555-997-8415","3932","Licensing","Sarine","sarine.tutankhamen@example.com"
"Guinea","GN","Drusie, Conan","AutoNation, Inc.","99","Drusie","555-798-3537","3933","Distribution","Conan","conan.drusie@example.com"
"Democratic Republic of the Congo","CD","Murielle, Daryn","New Jersey Resources Corporation","580","Murielle","555-195-9041","3934","IT Support","Daryn","daryn.murielle@example.com"
"France","FR","Flower, Saxon","Engelhard Corporation","304","Flower","555-732-4052","3935","Business Development","Saxon","saxon.flower@example.com"
"Madagascar","MG","Nicoli, Cherri","H.J. Heinz Company","392","Nicoli","555-994-2815","3936","Distribution","Cherri","cherri.nicoli@example.com"
"Guam","GU","Traver, Crissie","Owens & Minor Inc.","621","Traver","555-285-9373","3937","Human Resources","Crissie","crissie.traver@example.com"
"Uzbekistan","UZ","Boucher, Chico","GenCorp Inc.","360","Boucher","555-670-1896","3938","Legal","Chico","chico.boucher@example.com"
"Maldives","MV","Ashley, Perrine","DST Systems, Inc.","276","Ashley","555-878-5246","3939","Production","Perrine","perrine.ashley@example.com"
"Finland","FI","Saleem, Mischa","Ross Stores Inc","727","Saleem","555-740-8467","3940","Distribution","Mischa","mischa.saleem@example.com"
"Democratic Republic of the Congo","CD","Felecia, Mirelle","Emcor Group Inc.","299","Felecia","555-761-1543","3941","Legal","Mirelle","mirelle.felecia@example.com"
"Mexico","MX","Guerra, Gladi","Integrated Electrical Services Inc.","437","Guerra","555-130-9711","3942","Business Development","Gladi","gladi.guerra@example.com"
"Pitcairn Islands","PN","Thornton, Harmon","Coca-Cola Enterprises Inc.","204","Thornton","555-268-8291","3943","Engineering","Harmon","harmon.thornton@example.com"
"Burundi","BI","Davida, Glori","Kemet Corp.","465","Davida","555-763-4141","3944","Distribution","Glori","glori.davida@example.com"
"Latvia","LV","Jotham, Wakefield","AmerisourceBergen Corporation","63","Jotham","555-696-8271","3945","IT Support","Wakefield","wakefield.jotham@example.com"
"Malaysia","MY","Petromilli, Giusto","Waste Management Inc","910","Petromilli","555-382-9127","3946","Strategy","Giusto","giusto.petromilli@example.com"
"Solomon Islands","SB","Elwyn, Demott","Valero Energy Corporation","883","Elwyn","555-884-3519","3947","Marketing","Demott","demott.elwyn@example.com"
"United States Minor Outlying Islands","UM","Swainson, Merralee","Martin Marietta Materials Inc.","523","Swainson","555-345-7070","3948","Accounting","Merralee","merralee.swainson@example.com"
"Armenia","AM","Durstin, Rorke","Anadarko Petroleum Corporation","70","Durstin","555-870-1563","3949","Operations","Rorke","rorke.durstin@example.com"
"Montserrat","MS","Glenden, Latrena","Freeport McMoran Copper & Gold Inc.","352","Glenden","555-214-7248","3950","Investing","Latrena","latrena.glenden@example.com"
"Portugal","PT","Doerrer, Angie","Nextel Communications Inc","584","Doerrer","555-256-3003","3951","Business Development","Angie","angie.doerrer@example.com"
"Vietnam","VN","Tessa, Regan","Ciena Corp.","188","Tessa","555-551-5704","3952","Research and Development","Regan","regan.tessa@example.com"
"Antarctica","AQ","Antebi, Pavel","Starbucks Corp","791","Antebi","555-117-798","3953","Purchasing","Pavel","pavel.antebi@example.com"
"Ukraine","UA","Turnbull, Arlene","Vulcan Materials Company","897","Turnbull","555-641-3305","3954","Customer Service","Arlene","arlene.turnbull@example.com"
"Malaysia","MY","Mendive, Lilias","PepsiCo Inc.","645","Mendive","555-473-404","3955","Engineering","Lilias","lilias.mendive@example.com"
"Monaco","MC","Harragan, Amalie","Ingles Market Inc","434","Harragan","555-407-2657","3956","IT Support","Amalie","amalie.harragan@example.com"
"Gibraltar","GI","Menendez, Janine","Veritas Software Corporation","888","Menendez","555-493-5228","3957","Research and Development","Janine","janine.menendez@example.com"
"North Korea","KP","Jorrie, Corenda","Walt Disney Co","906","Jorrie","555-373-6278","3958","Investing","Corenda","corenda.jorrie@example.com"
"Eritrea","ER","Janos, Murial","CellStar Corp.","173","Janos","555-126-4472","3959","Engineering","Murial","murial.janos@example.com"
"Cuba","CU","Kachine, Sari","Gemstar-TV Guide International Inc.","359","Kachine","555-677-6300","3960","Business Development","Sari","sari.kachine@example.com"
"Eritrea","ER","Farra, Jilly","Alleghany Corporation","36","Farra","555-553-6808","3961","Human Resources","Jilly","jilly.farra@example.com"
"Tuvalu","TV","Armbruster, Letty","Maxtor Corporation","529","Armbruster","555-524-4101","3962","Research and Development","Letty","letty.armbruster@example.com"
"United States","US","Ardella, Elset","J.B. Hunt Transport Services Inc.","449","Ardella","555-522-1319","3963","Purchasing","Elset","elset.ardella@example.com"
"Republic of the Congo","CG","Laughry, Jermain","MeadWestvaco Corporation","541","Laughry","555-782-7090","3964","Engineering","Jermain","jermain.laughry@example.com"
"Japan","JP","Gollin, Donnie","Apache Corporation","78","Gollin","555-559-339","3965","Production","Donnie","donnie.gollin@example.com"
"Yemen","YE","Mitchiner, Zonnya","Legg Mason Inc.","487","Mitchiner","555-343-6523","3966","Accounting","Zonnya","zonnya.mitchiner@example.com"
"Belarus","BY","Feldman, Jo","Schering-Plough Corp","742","Feldman","555-780-8016","3967","Licensing","Jo","jo.feldman@example.com"
"Paraguay","PY","Reggis, Jonell","The Goodyear Tire & Rubber Company","380","Reggis","555-212-5468","3968","Distribution","Jonell","jonell.reggis@example.com"
"India","IN","Haddad, Drucie","McCormick & Company Incorporated","534","Haddad","555-845-6576","3969","Legal","Drucie","drucie.haddad@example.com"
"Zimbabwe","ZW","Jehovah, Letizia","PPL Corp","677","Jehovah","555-395-5913","3970","Marketing","Letizia","letizia.jehovah@example.com"
"French Guiana","GF","Hennessey, Ramon","Worthington Industries Inc","934","Hennessey","555-464-7571","3971","Investing","Ramon","ramon.hennessey@example.com"
"Hungary","HU","Housen, Myrlene","SBC Communications Inc","740","Housen","555-507-1167","3972","Human Resources","Myrlene","myrlene.housen@example.com"
"Portugal","PT","Chobot, Casper","Atmos Energy Corporation","95","Chobot","555-756-4070","3973","Accounting","Casper","casper.chobot@example.com"
"Guinea-Bissau","GW","Levesque, Orsola","NSTAR","598","Levesque","555-520-1586","3974","Production","Orsola","orsola.levesque@example.com"
"Canada","CA","Myrlene, Haily","Omnicom Group","615","Myrlene","555-760-8537","3975","Customer Service","Haily","haily.myrlene@example.com"
"Suriname","SR","Juliette, Eugene","Teleflex Incorporated","818","Juliette","555-503-5468","3976","Business Development","Eugene","eugene.juliette@example.com"
"Cambodia","KH","Linnie, Ryan","Weyerhauser Company","922","Linnie","555-812-3273","3977","Insurance","Ryan","ryan.linnie@example.com"
"Maldives","MV","Norris, Marianne","H&R Block Inc.","390","Norris","555-470-6107","3978","Accounting","Marianne","marianne.norris@example.com"
"South Sudan","SS","Woodson, Vaclav","Olin Corp.","612","Woodson","555-523-2815","3979","Strategy","Vaclav","vaclav.woodson@example.com"
"Iran","IR","Groves, Nikolos","Walter Industries Inc","907","Groves","555-503-7877","3980","Strategy","Nikolos","nikolos.groves@example.com"
"Dominican Republic","DO","Huskey, Juliann","Applied Materials, Inc.","82","Huskey","555-735-3005","3981","Production","Juliann","juliann.huskey@example.com"
"Moldova","MD","Arabela, Melvin","Lennar Corporation","490","Arabela","555-578-2163","3982","Insurance","Melvin","melvin.arabela@example.com"
"Burkina Faso","BF","Smoot, Natal","Occidental Petroleum Corp","604","Smoot","555-843-9969","3983","Investing","Natal","natal.smoot@example.com"
"Togo","TG","Cuttie, Joelynn","Corn Products International Inc.","232","Cuttie","555-278-7675","3984","Customer Service","Joelynn","joelynn.cuttie@example.com"
"Cocos (Keeling) Islands","CC","Zingale, Winnifred","Ball Corporation","107","Zingale","555-646-5594","3985","Production","Winnifred","winnifred.zingale@example.com"
"Dominica","DM","Aruabea, Samuel","Protective Life Corp","688","Aruabea","555-525-3778","3986","Strategy","Samuel","samuel.aruabea@example.com"
"Turkmenistan","TM","Gretna, Karia","Furniture Brands International Inc.","354","Gretna","555-403-4481","3987","Purchasing","Karia","karia.gretna@example.com"
"Nigeria","NG","Chiang, Delora","Sabre Holdings Corp","733","Chiang","555-186-1288","3988","Investing","Delora","delora.chiang@example.com"
"Uzbekistan","UZ","Lisabeth, Auria","Johnson Controls Inc.","459","Lisabeth","555-588-2756","3989","Human Resources","Auria","auria.lisabeth@example.com"
"Finland","FI","Bealle, Lionel","Emcor Group Inc.","299","Bealle","555-349-6971","3990","Business Development","Lionel","lionel.bealle@example.com"
"Macau","MO","Christabella, Town","Louisiana-Pacific Corporation","503","Christabella","555-173-9917","3991","Accounting","Town","town.christabella@example.com"
"Romania","RO","Proudfoot, Billy","Interstate Bakeries Corporation","441","Proudfoot","555-626-4824","3992","Production","Billy","billy.proudfoot@example.com"
"Cocos (Keeling) Islands","CC","Neva, Marlin","General Motors Corporation","365","Neva","555-956-9191","3993","Marketing","Marlin","marlin.neva@example.com"
"Nicaragua","NI","Gautier, Dorise","New York Times Company","581","Gautier","555-796-5839","3994","Legal","Dorise","dorise.gautier@example.com"
"Liechtenstein","LI","Chiarra, Morgen","Williams Sonoma Inc","928","Chiarra","555-709-1745","3995","Purchasing","Morgen","morgen.chiarra@example.com"
"Hungary","HU","Lupita, Ollie","Tiffany & Co","832","Lupita","555-278-5020","3996","Engineering","Ollie","ollie.lupita@example.com"
"Uzbekistan","UZ","Renckens, Bradney","Adobe Systems Incorporated","14","Renckens","555-939-9786","3997","Engineering","Bradney","bradney.renckens@example.com"
"Portugal","PT","Gellman, Silvie","Ingram Micro Inc.","435","Gellman","555-644-1471","3998","Engineering","Silvie","silvie.gellman@example.com"
"Lebanon","LB","Sadoc, Theo","Universal Corporation","870","Sadoc","555-435-3894","3999","Operations","Theo","theo.sadoc@example.com"
"Cyprus","CY","Rhines, Gregoor","Quantum Corp","699","Rhines","555-997-6514","4000","Customer Service","Gregoor","gregoor.rhines@example.com"
"Spain","ES","Cass, Elena","Reebok International Ltd.","710","Cass","555-355-3762","4001","Accounting","Elena","elena.cass@example.com"
"Eritrea","ER","Garret, Shepherd","Olin Corp.","612","Garret","555-561-332","4002","Insurance","Shepherd","shepherd.garret@example.com"
"Maldives","MV","Slaughter, Warde","E.I. Du Pont de Nemours and Company","278","Slaughter","555-832-9949","4003","Accounting","Warde","warde.slaughter@example.com"
"Ireland","IE","Loux, Frank","Hormel Foods Corp.","418","Loux","555-837-6017","4004","Business Development","Frank","frank.loux@example.com"
"Micronesia","FM","Gerstner, Cymbre","Sara Lee Corp","739","Gerstner","555-580-9322","4005","Engineering","Cymbre","cymbre.gerstner@example.com"
"Mauritania","MR","Ruhnke, Emmey","Owens & Minor Inc.","621","Ruhnke","555-786-908","4006","Distribution","Emmey","emmey.ruhnke@example.com"
"Republic of the Congo","CG","Wellington, Broderick","Wm Wrigley Jr Company","931","Wellington","555-905-5236","4007","Customer Service","Broderick","broderick.wellington@example.com"
"Iraq","IQ","Bertelli, Tom","Sierra Health Services Inc","759","Bertelli","555-506-6766","4008","Purchasing","Tom","tom.bertelli@example.com"
"Australia","AU","Weyermann, Vera","Penn Traffic Co.","636","Weyermann","555-544-9857","4009","Licensing","Vera","vera.weyermann@example.com"
"Uganda","UG","Gytle, Joell","Astoria Financial Corporation","92","Gytle","555-517-981","4010","Investing","Joell","joell.gytle@example.com"
"Guadeloupe","GP","Sidran, Ulric","Walgreen Co","903","Sidran","555-675-8541","4011","Distribution","Ulric","ulric.sidran@example.com"
"South Sudan","SS","Bonilla, Georgia","Harley-Davidson Inc.","394","Bonilla","555-780-5150","4012","Sales","Georgia","georgia.bonilla@example.com"
"Central African Republic","CF","Libnah, Hollis","Safeway Inc","736","Libnah","555-250-5607","4013","Insurance","Hollis","hollis.libnah@example.com"
"Bulgaria","BG","Mayberry, Catharine","Harsco Corp.","398","Mayberry","555-885-308","4014","Engineering","Catharine","catharine.mayberry@example.com"
"Cook Islands","CK","Paley, Haley","Home Depot Inc.","415","Paley","555-169-762","4015","Purchasing","Haley","haley.paley@example.com"
"Guernsey","GG","Loux, Dodi","AOL Time Warner Inc.","76","Loux","555-380-2910","4016","Licensing","Dodi","dodi.loux@example.com"
"United States","US","Darcey, Reinhold","Gemstar-TV Guide International Inc.","359","Darcey","555-316-2219","4017","Legal","Reinhold","reinhold.darcey@example.com"
"United States Minor Outlying Islands","UM","Ursola, Gris","Concord EFS Inc.","219","Ursola","555-192-693","4018","IT Support","Gris","gris.ursola@example.com"
"New Caledonia","NC","Jaime , Carlye","Stewart & Stevenson Services Inc","797","Jaime ","555-916-3843","4019","Licensing","Carlye","carlye.jaime @example.com"
"Kenya","KE","Gaspar, Ethel","Xilinx Inc","940","Gaspar","555-657-9962","4020","Accounting","Ethel","ethel.gaspar@example.com"
"Azerbaijan","AZ","Elianore, Demetre","Hawaiian Electric Industries Inc.","401","Elianore","555-408-2961","4021","Legal","Demetre","demetre.elianore@example.com"
"United Arab Emirates","AE","Wallford, Cassey","Henry Schein Inc.","406","Wallford","555-613-8613","4022","Insurance","Cassey","cassey.wallford@example.com"
"Eritrea","ER","Tiffany, Coraline","Viad Corp","892","Tiffany","555-986-6707","4023","Marketing","Coraline","coraline.tiffany@example.com"
"Zambia","ZM","Lynnell, Marris","Reliance Steel & Aluminum Co.","713","Lynnell","555-447-6671","4024","Purchasing","Marris","marris.lynnell@example.com"
"Uzbekistan","UZ","Jona, Forster","Crompton Corp.","239","Jona","555-311-7434","4025","Research and Development","Forster","forster.jona@example.com"
"Kuwait","KW","Lecia, Analiese","H&R Block Inc.","390","Lecia","555-174-7498","4026","Customer Service","Analiese","analiese.lecia@example.com"
"Israel","IL","Canotas, Rolph","Perini Corp","647","Canotas","555-924-8504","4027","Purchasing","Rolph","rolph.canotas@example.com"
"Austria","AT","Tippets, Mellisent","Kerr-McGee Corporation","467","Tippets","555-744-1298","4028","Production","Mellisent","mellisent.tippets@example.com"
"Ireland","IE","Fishbein, Shelden","Union Planters Corp","859","Fishbein","555-216-2095","4029","Investing","Shelden","shelden.fishbein@example.com"
"Pakistan","PK","Donielle, Robby","Home Depot Inc.","415","Donielle","555-928-4431","4030","Marketing","Robby","robby.donielle@example.com"
"Montserrat","MS","Ricki, Kendrick","J.C. Penny Co.","450","Ricki","555-670-4289","4031","Operations","Kendrick","kendrick.ricki@example.com"
"Democratic Republic of the Congo","CD","Leffert, Rafaela","Outback Steakhouse Inc.","620","Leffert","555-210-854","4032","Strategy","Rafaela","rafaela.leffert@example.com"
"Kyrgyzstan","KG","Oneill, Farra","Ferro Corp.","326","Oneill","555-298-8293","4033","Marketing","Farra","farra.oneill@example.com"
"Eritrea","ER","Even, Cati","Massey Energy Company","525","Even","555-112-2148","4034","Legal","Cati","cati.even@example.com"
"Heard Island and McDonald Islands","HM","Natasha, Marin","Delta Air Lines Inc.","257","Natasha","555-227-1755","4035","Licensing","Marin","marin.natasha@example.com"
"Norway","NO","Kreager, Carmine","Perot Systems Corp","649","Kreager","555-597-4536","4036","Customer Service","Carmine","carmine.kreager@example.com"
"Papua New Guinea","PG","Swartz, Corrinne","Coca-Cola Enterprises Inc.","204","Swartz","555-221-8733","4037","Sales","Corrinne","corrinne.swartz@example.com"
"Grenada","GD","Greenwald, Fernande","Citizens Communications Co.","196","Greenwald","555-147-2758","4038","Human Resources","Fernande","fernande.greenwald@example.com"
"Belarus","BY","Yonatan, Caresa","Sysco Corp","811","Yonatan","555-690-3872","4039","Human Resources","Caresa","caresa.yonatan@example.com"
"Anguilla","AI","Viola, Berkly","Louisiana-Pacific Corporation","503","Viola","555-774-3056","4040","Purchasing","Berkly","berkly.viola@example.com"
"Mauritania","MR","Hamrah, Jock","Continental Airlines Inc.","227","Hamrah","555-508-262","4041","Marketing","Jock","jock.hamrah@example.com"
"Puerto Rico","PR","Lodmilla, Alvan","Express Scripts Inc.","317","Lodmilla","555-168-8242","4042","Insurance","Alvan","alvan.lodmilla@example.com"
"Senegal","SN","Cerellia, Chance","Darden Restaurants Inc.","250","Cerellia","555-144-1528","4043","Distribution","Chance","chance.cerellia@example.com"
"Saint Lucia","LC","Deery, Sutton","Storage Technology Corporation","800","Deery","555-135-5996","4044","Insurance","Sutton","sutton.deery@example.com"
"Iceland","IS","Andri, Ellyn","OGE Energy Corp","608","Andri","555-831-129","4045","Business Development","Ellyn","ellyn.andri@example.com"
"Iran","IR","Latif, Luke","CH2M Hill Cos. Ltd.","179","Latif","555-500-4579","4046","Operations","Luke","luke.latif@example.com"
"Norway","NO","Posehn, Flor","Public Service Enterprise Group Inc.","693","Posehn","555-539-913","4047","Operations","Flor","flor.posehn@example.com"
"Angola","AO","Clapp, Berrie","Apartment Investment and Management Company","27","Clapp","555-246-9680","4048","Distribution","Berrie","berrie.clapp@example.com"
"Azerbaijan","AZ","Annorah, Franni","Cox Communications Inc.","237","Annorah","555-871-5265","4049","Engineering","Franni","franni.annorah@example.com"
"Ethiopia","ET","Biddie, Teodor","Electronic Data Systems Corp.","296","Biddie","555-514-6835","4050","Business Development","Teodor","teodor.biddie@example.com"
"Réunion","RE","Allyson, Gray","USG Corporation","881","Allyson","555-840-1600","4051","IT Support","Gray","gray.allyson@example.com"
"Cocos (Keeling) Islands","CC","Geordie, Bruno","MGM Mirage","553","Geordie","555-660-5337","4052","Business Development","Bruno","bruno.geordie@example.com"
"Monaco","MC","Elenore, Eddie","Yellow Corporation","942","Elenore","555-780-2312","4053","Production","Eddie","eddie.elenore@example.com"
"Jordan","JO","Reg, Eugenia","Fairchild Semiconductor International Inc.","319","Reg","555-257-3657","4054","Licensing","Eugenia","eugenia.reg@example.com"
"Bouvet Island","BV","Rodger, Chico","CellStar Corp.","173","Rodger","555-313-190","4055","Business Development","Chico","chico.rodger@example.com"
"Faroe Islands","FO","Denman, Jodi","Insight Enterprises Inc.","436","Denman","555-797-1893","4056","Legal","Jodi","jodi.denman@example.com"
"Japan","JP","Terri, Carolus","Scotts Company","747","Terri","555-383-3548","4057","Production","Carolus","carolus.terri@example.com"
"Kenya","KE","Maxfield, Wendeline","Xilinx Inc","940","Maxfield","555-334-5360","4058","Research and Development","Wendeline","wendeline.maxfield@example.com"
"Bulgaria","BG","Abbott, Delores","Amgen Inc.","65","Abbott","555-651-161","4059","Business Development","Delores","delores.abbott@example.com"
"Vietnam","VN","Getraer, Marlow","Kindred Healthcare Inc.","472","Getraer","555-688-3429","4060","Engineering","Marlow","marlow.getraer@example.com"
"Finland","FI","Rexanne, Julietta","Albertson's, Inc.","34","Rexanne","555-171-7249","4061","Investing","Julietta","julietta.rexanne@example.com"
"Puerto Rico","PR","Hoehne, Butch","Halliburton Co.","393","Hoehne","555-304-449","4062","Customer Service","Butch","butch.hoehne@example.com"
"Guinea-Bissau","GW","Golter, Chrysa","Aquila, Inc.","83","Golter","555-509-7617","4063","Human Resources","Chrysa","chrysa.golter@example.com"
"Northern Mariana Islands","MP","Ilan, April","Cummins Inc.","243","Ilan","555-261-5125","4064","Human Resources","April","april.ilan@example.com"
"Spain","ES","Cissie, Linn","Safeguard Scientifics Inc.","735","Cissie","555-560-6646","4065","Marketing","Linn","linn.cissie@example.com"
"Democratic Republic of the Congo","CD","Lacy, Mariana","HCA Inc.","402","Lacy","555-659-6684","4066","Accounting","Mariana","mariana.lacy@example.com"
"Faroe Islands","FO","Wilburt, Feodora","L-3 Communications Holdings Inc.","479","Wilburt","555-465-7472","4067","Accounting","Feodora","feodora.wilburt@example.com"
"Sri Lanka","LK","Senecal, Richardo","Performance Food Group Co.","646","Senecal","555-955-8819","4068","Investing","Richardo","richardo.senecal@example.com"
"Guadeloupe","GP","Brendon, Cosimo","Hilton Hotels Corp.","413","Brendon","555-286-1436","4069","Legal","Cosimo","cosimo.brendon@example.com"
"Jordan","JO","Nickie, Hillel","Texas Industries Inc.","827","Nickie","555-662-9908","4070","Engineering","Hillel","hillel.nickie@example.com"
"Armenia","AM","Bidget, Christa","KLA-Tencor Corporation","473","Bidget","555-587-4095","4071","Customer Service","Christa","christa.bidget@example.com"
"Belize","BZ","Cale, Addia","Imperial Sugar Company","432","Cale","555-818-3513","4072","Customer Service","Addia","addia.cale@example.com"
"East Timor","TL","Sibby, Tonya","Foamex International Inc","343","Sibby","555-937-3696","4073","Customer Service","Tonya","tonya.sibby@example.com"
"Bonaire, Saint Eustatius and Saba","BQ","Drucie, Odilia","KB Home","461","Drucie","555-767-8716","4074","Customer Service","Odilia","odilia.drucie@example.com"
"Bahrain","BH","Winifred, Sherline","Autoliv, Inc.","97","Winifred","555-248-2695","4075","Human Resources","Sherline","sherline.winifred@example.com"
"Bermuda","BM","Absa, Tomaso","Home Depot Inc.","415","Absa","555-749-1777","4076","Sales","Tomaso","tomaso.absa@example.com"
"Latvia","LV","Salvador, Amelita","Sears Roebuck & Co","750","Salvador","555-484-1666","4077","Marketing","Amelita","amelita.salvador@example.com"
"Qatar","QA","Teria, Ekaterina","Earthlink, Inc.","286","Teria","555-378-6022","4078","Engineering","Ekaterina","ekaterina.teria@example.com"
"United States Minor Outlying Islands","UM","Malti, Inger","Sears Roebuck & Co","750","Malti","555-532-1816","4079","Customer Service","Inger","inger.malti@example.com"
"Vanuatu","VU","Alitha, Gerik","Tecumseh Products Company","816","Alitha","555-829-9776","4080","Business Development","Gerik","gerik.alitha@example.com"
"Montserrat","MS","Thain, Jimmy","Ryder System Inc","730","Thain","555-577-3891","4081","Distribution","Jimmy","jimmy.thain@example.com"
"Ethiopia","ET","Amado, Zacherie","Dollar Tree Stores, Inc.","267","Amado","555-375-8038","4082","Human Resources","Zacherie","zacherie.amado@example.com"
"Haiti","HT","Appledorf, Norton","CDW Computer Centers Inc.","172","Appledorf","555-834-7104","4083","Engineering","Norton","norton.appledorf@example.com"
"Iran","IR","Jeannie, Rafferty","Dollar Tree Stores, Inc.","267","Jeannie","555-100-5591","4084","Production","Rafferty","rafferty.jeannie@example.com"
"Saint Barthélemy","BL","Teddie, Birk","Mellon Financial Corporation","543","Teddie","555-667-8061","4085","Investing","Birk","birk.teddie@example.com"
"Chad","TD","Flaherty, Nollie","SunGard Data Systems Inc.","804","Flaherty","555-124-5403","4086","Insurance","Nollie","nollie.flaherty@example.com"
"Senegal","SN","Macnair, Ray","Arch Coal, Inc.","85","Macnair","555-151-5784","4087","Operations","Ray","ray.macnair@example.com"
"Malawi","MW","Stempien, Carita","Marriott International Inc.","519","Stempien","555-881-1206","4088","Licensing","Carita","carita.stempien@example.com"
"Hong Kong","HK","Kamaria, Clarissa","EMC Corporation","298","Kamaria","555-162-2747","4089","Legal","Clarissa","clarissa.kamaria@example.com"
"Bouvet Island","BV","Wasserman, Avivah","Wal-Mart Stores Inc","905","Wasserman","555-860-6535","4090","Customer Service","Avivah","avivah.wasserman@example.com"
"Germany","DE","Lauri, Alfreda","Laboratory Corporation of America Holdings","480","Lauri","555-448-1958","4091","Accounting","Alfreda","alfreda.lauri@example.com"
"Eritrea","ER","Wilsey, Adelaide","Avaya Inc.","101","Wilsey","555-391-6822","4092","Sales","Adelaide","adelaide.wilsey@example.com"
"Senegal","SN","Darice, Bridget","Volt Information Sciences Inc","896","Darice","555-725-81","4093","Human Resources","Bridget","bridget.darice@example.com"
"Brazil","BR","Benis, Kara","Crown Cork & Seal Co. Inc.","240","Benis","555-881-5293","4094","Research and Development","Kara","kara.benis@example.com"
"North Korea","KP","Jestude, Herta","On Semiconductor Corp","616","Jestude","555-493-4067","4095","Insurance","Herta","herta.jestude@example.com"
"Guinea","GN","Petey, Johann","Footstar Inc.","345","Petey","555-355-779","4096","Sales","Johann","johann.petey@example.com"
"Papua New Guinea","PG","Tongue, Chickie","EOG Resources, Inc.","308","Tongue","555-443-7785","4097","Accounting","Chickie","chickie.tongue@example.com"
"Czech Republic","CZ","Chiou, Emera","Encompass Services Corporation","301","Chiou","555-769-2114","4098","Engineering","Emera","emera.chiou@example.com"
"Guinea-Bissau","GW","Gebelein, Brinn","Constellation Emergy Group Inc.","226","Gebelein","555-200-1786","4099","Investing","Brinn","brinn.gebelein@example.com"
"Somalia","SO","Henn, Burk","Maxtor Corporation","529","Henn","555-701-7171","4100","IT Support","Burk","burk.henn@example.com"
"Nigeria","NG","Conlen, Luisa","Anthem, Inc.","75","Conlen","555-213-9214","4101","Marketing","Luisa","luisa.conlen@example.com"
"Bonaire, Saint Eustatius and Saba","BQ","Aland, Jacynth","Countrywide Credit Industries Inc.","235","Aland","555-749-240","4102","Investing","Jacynth","jacynth.aland@example.com"
"Guinea","GN","Wedurn, Maxwell","US Oncology Inc","878","Wedurn","555-754-2244","4103","Business Development","Maxwell","maxwell.wedurn@example.com"
"Mayotte","YT","Tiny, Lynnet","Pharmacia Corp","655","Tiny","555-724-736","4104","Distribution","Lynnet","lynnet.tiny@example.com"
"Peru","PE","Fried, Mala","Comverse Technology Inc.","217","Fried","555-894-9653","4105","Insurance","Mala","mala.fried@example.com"
"Saudi Arabia","SA","Sidney, Ritchie","Allegheny Energy, Inc.","37","Sidney","555-506-733","4106","IT Support","Ritchie","ritchie.sidney@example.com"
"Myanmar","MM","Daria, Duky","Anadarko Petroleum Corporation","70","Daria","555-441-5202","4107","IT Support","Duky","duky.daria@example.com"
"Georgia","GE","Weigle, Franky","Werner Enterprises Inc","917","Weigle","555-243-8759","4108","Legal","Franky","franky.weigle@example.com"
"Monaco","MC","Cummins, Galvan","Entergy Corporation","306","Cummins","555-941-2863","4109","Legal","Galvan","galvan.cummins@example.com"
"South Sudan","SS","Juxon, Josefina","Adams Resources & Energy, Inc.","10","Juxon","555-453-9545","4110","Engineering","Josefina","josefina.juxon@example.com"
"Åland Islands","AX","Augustus, Shelby","Wallace Computer Services Inc","904","Augustus","555-418-4886","4111","Strategy","Shelby","shelby.augustus@example.com"
"Martinique","MQ","Gordie, Anitra","Telephone & Data Systems Inc","819","Gordie","555-179-8807","4112","IT Support","Anitra","anitra.gordie@example.com"
"Bonaire, Saint Eustatius and Saba","BQ","Lakin, Ninon","Quantum Corp","699","Lakin","555-386-6321","4113","Accounting","Ninon","ninon.lakin@example.com"
"Botswana","BW","Johnson, Frederico","Mercury General Corporation","546","Johnson","555-164-4201","4114","Research and Development","Frederico","frederico.johnson@example.com"
"United States","US","Anya, Noelani","Sequa Corp","752","Anya","555-261-3162","4115","Distribution","Noelani","noelani.anya@example.com"
"Bermuda","BM","Pauiie, Robinette","MPS Group Inc.","565","Pauiie","555-211-155","4116","Legal","Robinette","robinette.pauiie@example.com"
"South Korea ","KR","Leora, Marijo","Standard Pacific Corp.","788","Leora","555-457-3357","4117","Insurance","Marijo","marijo.leora@example.com"
"Netherlands","NL","Avan, Donna","Borders Group, Inc.","140","Avan","555-548-4968","4118","Investing","Donna","donna.avan@example.com"
"British Indian Ocean Territory","IO","Westphal, Ardelle","Sierra Health Services Inc","759","Westphal","555-443-3076","4119","Licensing","Ardelle","ardelle.westphal@example.com"
"Kyrgyzstan","KG","Weiner, Lucia","Air Products and Chemicals, Inc.","28","Weiner","555-761-1195","4120","Production","Lucia","lucia.weiner@example.com"
"Somalia","SO","Maxfield, Amaleta","Di Giorgio Corporation","260","Maxfield","555-268-6734","4121","IT Support","Amaleta","amaleta.maxfield@example.com"
"Trinidad and Tobago","TT","Edwyna, Malinda","K-Mart Corp.","474","Edwyna","555-480-3469","4122","Business Development","Malinda","malinda.edwyna@example.com"
"Argentina","AR","Henriques, Basil","Unisource Energy Corp","860","Henriques","555-617-799","4123","Human Resources","Basil","basil.henriques@example.com"
"New Zealand","NZ","Walsh, Fidelia","Dean Foods Company","252","Walsh","555-711-5085","4124","Strategy","Fidelia","fidelia.walsh@example.com"
"Libya","LY","Terchie, Dierdre","E*Trade Group, Inc.","284","Terchie","555-200-9887","4125","Accounting","Dierdre","dierdre.terchie@example.com"
"United Kingdom","GB","Maletta, Brock","J.P. Morgan Chase & Co.","451","Maletta","555-634-4954","4126","Production","Brock","brock.maletta@example.com"
"Cyprus","CY","Nolitta, Malanie","Solectron Corp","769","Nolitta","555-861-8312","4127","Distribution","Malanie","malanie.nolitta@example.com"
"Canada","CA","Grote, Modestine","Ivax Corp.","448","Grote","555-309-1681","4128","Marketing","Modestine","modestine.grote@example.com"
"Turkey","TR","Stickney, Emlynne","Sierra Pacific Resources","760","Stickney","555-645-8575","4129","Distribution","Emlynne","emlynne.stickney@example.com"
"Tokelau","TK","Kery, Oralie","Beazer Homes USA, Inc.","118","Kery","555-878-4378","4130","Legal","Oralie","oralie.kery@example.com"
"Hong Kong","HK","Prudy, Martina","Pentair Inc","638","Prudy","555-560-5025","4131","Customer Service","Martina","martina.prudy@example.com"
"Finland","FI","Capone, Prentiss","Boise Cascade Corporation","139","Capone","555-400-3257","4132","Customer Service","Prentiss","prentiss.capone@example.com"
"Uganda","UG","Morena, Yehudi","Hub Group Inc.","422","Morena","555-959-4788","4133","Accounting","Yehudi","yehudi.morena@example.com"
"Norway","NO","Patty, Vergil","Genzyme Corporation","371","Patty","555-760-100","4134","Accounting","Vergil","vergil.patty@example.com"
"Uzbekistan","UZ","Hey, Rasia","Allergan, Inc.","39","Hey","555-823-7310","4135","Distribution","Rasia","rasia.hey@example.com"
"Montserrat","MS","Darell, Emmalee","BB&T Corporation","116","Darell","555-956-3524","4136","Purchasing","Emmalee","emmalee.darell@example.com"
"Antigua and Barbuda","AG","Phedra, Burg","NVR Inc","602","Phedra","555-193-1466","4137","Accounting","Burg","burg.phedra@example.com"
"Saint Martin","MF","Blatman, Herby","Potlatch Corp","675","Blatman","555-166-7011","4138","Operations","Herby","herby.blatman@example.com"
"Kenya","KE","Nancie, Merilee","Mandalay Resort Group","513","Nancie","555-194-9951","4139","Human Resources","Merilee","merilee.nancie@example.com"
"Bosnia and Herzegovina","BA","Skardol, Fergus","SPX Corp","783","Skardol","555-556-9700","4140","IT Support","Fergus","fergus.skardol@example.com"
"Azerbaijan","AZ","Nels, Jacquie","Premcor Inc.","680","Nels","555-521-1319","4141","Strategy","Jacquie","jacquie.nels@example.com"
"Micronesia","FM","Mufi, Orazio","J.C. Penny Co.","450","Mufi","555-123-9865","4142","Business Development","Orazio","orazio.mufi@example.com"
"Czech Republic","CZ","Aluino, Sal","Circuit City Stores Inc.","193","Aluino","555-107-4768","4143","Operations","Sal","sal.aluino@example.com"
"Belgium","BE","Biggs, Cilka","Procter & Gamble Co.","684","Biggs","555-276-107","4144","Business Development","Cilka","cilka.biggs@example.com"
"Togo","TG","Vandyke, Sherline","Kemet Corp.","465","Vandyke","555-361-9699","4145","Business Development","Sherline","sherline.vandyke@example.com"
"Mayotte","YT","Hendren, Charlot","Ross Stores Inc","727","Hendren","555-744-267","4146","Customer Service","Charlot","charlot.hendren@example.com"
"Senegal","SN","Damour, Sloane","Anixter International Inc.","73","Damour","555-369-574","4147","Sales","Sloane","sloane.damour@example.com"
"Liechtenstein","LI","Johanna, Sean","Northwest Airlines Corp","603","Johanna","555-889-8870","4148","Operations","Sean","sean.johanna@example.com"
"Monaco","MC","Lupe, Leonard","Foot Locker Inc","344","Lupe","555-470-8975","4149","Accounting","Leonard","leonard.lupe@example.com"
"Brunei Darussalam","BN","Mosera, Melany","Scholastic Corp","743","Mosera","555-468-3762","4150","Legal","Melany","melany.mosera@example.com"
"Sao Tome and Principe","ST","Nador, Leia","Owens & Minor Inc.","621","Nador","555-368-8183","4151","Legal","Leia","leia.nador@example.com"
"French Guiana","GF","Skipton, Aurelia","York International Corp","943","Skipton","555-425-4","4152","Distribution","Aurelia","aurelia.skipton@example.com"
"Lithuania","LT","Embry, Renelle","PepsiAmericas Inc.","644","Embry","555-654-6869","4153","Purchasing","Renelle","renelle.embry@example.com"
"Fiji","FJ","Glinys, Sara","Exelon Corporation","314","Glinys","555-248-1711","4154","Production","Sara","sara.glinys@example.com"
"Tajikistan","TJ","Kanter, Adina","First Data Corp.","330","Kanter","555-765-1065","4155","IT Support","Adina","adina.kanter@example.com"
"East Timor","TL","Verney, Lissi","Footstar Inc.","345","Verney","555-362-316","4156","Investing","Lissi","lissi.verney@example.com"
"Macedonia","MK","Warp, Abra","Burlington Industries, Inc.","154","Warp","555-505-657","4157","IT Support","Abra","abra.warp@example.com"
"South Africa","ZA","Farrison, Iorgos","Applied Industrial Technologies, Inc.","81","Farrison","555-514-215","4158","Licensing","Iorgos","iorgos.farrison@example.com"
"Saint Barthélemy","BL","Clemence, Orville","W.R. Grace & Co","899","Clemence","555-936-4590","4159","Customer Service","Orville","orville.clemence@example.com"
"Turkey","TR","Shep, Rudiger","Genzyme Corporation","371","Shep","555-251-2803","4160","Customer Service","Rudiger","rudiger.shep@example.com"
"Chile","CL","Marla, Urbano","AMR Corporation","67","Marla","555-876-3679","4161","Production","Urbano","urbano.marla@example.com"
"Guatemala","GT","Uriiah, Cherie","Delta Air Lines Inc.","257","Uriiah","555-231-9057","4162","Engineering","Cherie","cherie.uriiah@example.com"
"Japan","JP","Trinatte, Keane","Service Corp. International","753","Trinatte","555-162-1897","4163","Licensing","Keane","keane.trinatte@example.com"
"Kiribati","KI","Mita, Noell","Providian Financial Corp.","690","Mita","555-358-5343","4164","Production","Noell","noell.mita@example.com"
"Djibouti","DJ","Wake, Rouvin","Avaya Inc.","101","Wake","555-568-472","4165","Legal","Rouvin","rouvin.wake@example.com"
"Cuba","CU","Vitalis, Audrie","Budget Group, Inc.","152","Vitalis","555-405-5468","4166","Licensing","Audrie","audrie.vitalis@example.com"
"Azerbaijan","AZ","Blader, Latrina","WGL Holdings Inc","923","Blader","555-335-62","4167","Sales","Latrina","latrina.blader@example.com"
"Bermuda","BM","Picardi, Vance","Computer Sciences Corp.","215","Picardi","555-808-9241","4168","Engineering","Vance","vance.picardi@example.com"
"Haiti","HT","Adlare, Creighton","Emerson Electric Co.","300","Adlare","555-521-1015","4169","Customer Service","Creighton","creighton.adlare@example.com"
"Réunion","RE","Annissa, Matthew","Goodrich Corporation","379","Annissa","555-314-8074","4170","Business Development","Matthew","matthew.annissa@example.com"
"Colombia","CO","Wivinia, Eugine","ALLTEL Corporation","45","Wivinia","555-441-6773","4171","Investing","Eugine","eugine.wivinia@example.com"
"Guyana","GY","Molly, Romonda","Ruddick Corp","729","Molly","555-411-9251","4172","Purchasing","Romonda","romonda.molly@example.com"
"Republic of the Congo","CG","Pontias, Sherlocke","Zions Bancorporation","946","Pontias","555-532-1904","4173","Sales","Sherlocke","sherlocke.pontias@example.com"
"Nepal","NP","Kenney, Celka","Eastman Kodak Company","288","Kenney","555-739-7438","4174","Business Development","Celka","celka.kenney@example.com"
"French Southern and Antarctic Lands","TF","Hendry, Sherman","Aetna Inc.","21","Hendry","555-974-7642","4175","Accounting","Sherman","sherman.hendry@example.com"
"Guam","GU","Rodenhouse, Jeromy","Universal Health Services Inc","872","Rodenhouse","555-465-1442","4176","Distribution","Jeromy","jeromy.rodenhouse@example.com"
"Vietnam","VN","Durham, Kenton","MasTec Inc.","526","Durham","555-939-8733","4177","Distribution","Kenton","kenton.durham@example.com"
"Western Sahara","EH","Fabrice, Allie","W.R. Berkley Corporation","898","Fabrice","555-813-6967","4178","Accounting","Allie","allie.fabrice@example.com"
"Macedonia","MK","Rask, Avrit","Adams Resources & Energy, Inc.","10","Rask","555-561-1926","4179","Engineering","Avrit","avrit.rask@example.com"
"Trinidad and Tobago","TT","Redvers, Hart","Service Corp. International","753","Redvers","555-891-9794","4180","Licensing","Hart","hart.redvers@example.com"
"Kenya","KE","Daly, Laird","Ford Motor Co","346","Daly","555-868-7693","4181","Distribution","Laird","laird.daly@example.com"
"Rwanda","RW","Delisle, Ketty","Nash Finch Company","569","Delisle","555-755-7593","4182","Business Development","Ketty","ketty.delisle@example.com"
"Vanuatu","VU","Tessa, Timmy","Steelcase Inc","795","Tessa","555-623-8407","4183","Operations","Timmy","timmy.tessa@example.com"
"Argentina","AR","Verina, Zaccaria","Allmerica Financial Corporation","43","Verina","555-355-1184","4184","Marketing","Zaccaria","zaccaria.verina@example.com"
"Japan","JP","Gerrit, Sibella","DQE Inc.","274","Gerrit","555-310-1741","4185","Legal","Sibella","sibella.gerrit@example.com"
"Liberia","LR","Barta, Billy","Trigon Healthcare Inc.","847","Barta","555-418-610","4186","IT Support","Billy","billy.barta@example.com"
"Saint Pierre and Miquelon","PM","Carrick, Sean","UGI Corporation","856","Carrick","555-539-9427","4187","Accounting","Sean","sean.carrick@example.com"
"East Timor","TL","Zeph, Abbey","Consolidated Freightways Corp.","223","Zeph","555-429-18","4188","Insurance","Abbey","abbey.zeph@example.com"
"Central African Republic","CF","Carder, Urson","BMC Software, Inc.","137","Carder","555-808-9513","4189","Legal","Urson","urson.carder@example.com"
"Algeria","DZ","Zsa Zsa, Sisile","Archer Daniels Midland Company","86","Zsa Zsa","555-918-1338","4190","Legal","Sisile","sisile.zsa zsa@example.com"
"Heard Island and McDonald Islands","HM","Territus, Maribelle","Perini Corp","647","Territus","555-793-4348","4191","Strategy","Maribelle","maribelle.territus@example.com"
"Belgium","BE","Noguchi, Andriette","Triad Hospitals Inc","845","Noguchi","555-519-7118","4192","Legal","Andriette","andriette.noguchi@example.com"
"Denmark","DK","Coniah, Brocky","Community Health Systems Inc.","212","Coniah","555-221-7492","4193","Engineering","Brocky","brocky.coniah@example.com"
"Turkmenistan","TM","Siloum, Marty","Watsco Inc","911","Siloum","555-512-9970","4194","Licensing","Marty","marty.siloum@example.com"
"Nicaragua","NI","Chadwick, Ruth","Universal Corporation","870","Chadwick","555-398-6401","4195","Legal","Ruth","ruth.chadwick@example.com"
"Ivory Coast ","CI","Ballard, Lou","Burlington Industries, Inc.","154","Ballard","555-907-68","4196","Marketing","Lou","lou.ballard@example.com"
"Uruguay","UY","Merrow, Phillis","Motorola Inc.","564","Merrow","555-513-7508","4197","Engineering","Phillis","phillis.merrow@example.com"
"Kyrgyzstan","KG","Deane, Teddie","Outback Steakhouse Inc.","620","Deane","555-530-2232","4198","Research and Development","Teddie","teddie.deane@example.com"
"Israel","IL","Collum, Andriette","Tenet Healthcare Corporation","822","Collum","555-557-9330","4199","Distribution","Andriette","andriette.collum@example.com"
"Japan","JP","Honig, Janina","Dean Foods Company","252","Honig","555-598-1292","4200","Sales","Janina","janina.honig@example.com"
"Ecuador","EC","Ches, Vale","Allegheny Energy, Inc.","37","Ches","555-978-3704","4201","Customer Service","Vale","vale.ches@example.com"
"Egypt","EG","Christmann, Trever","Kroger Co.","478","Christmann","555-625-5042","4202","Strategy","Trever","trever.christmann@example.com"
"Oman","OM","Marquis, Ellswerth","Owens Corning","622","Marquis","555-869-3213","4203","Distribution","Ellswerth","ellswerth.marquis@example.com"
"Sao Tome and Principe","ST","Farika, Sofia","Genesis Health Ventures Inc.","366","Farika","555-611-1885","4204","Strategy","Sofia","sofia.farika@example.com"
"Mali","ML","Tomasine, Dante","Novellus Systems Inc","597","Tomasine","555-650-7452","4205","Customer Service","Dante","dante.tomasine@example.com"
"Senegal","SN","Ramah, Lyndsie","LSI Logic Corporation","505","Ramah","555-312-6151","4206","Licensing","Lyndsie","lyndsie.ramah@example.com"
"Guinea-Bissau","GW","Boulanger, Mollee","Markel Corporation","518","Boulanger","555-980-5921","4207","Licensing","Mollee","mollee.boulanger@example.com"
"Iran","IR","Constantine, Erin","Spherion Corp","780","Constantine","555-878-5333","4208","IT Support","Erin","erin.constantine@example.com"
"Marshall Islands","MH","Gwenni, Worden","Amazon.com, Inc.","47","Gwenni","555-239-9191","4209","Operations","Worden","worden.gwenni@example.com"
"Gabon","GA","Vanya, Lonnie","Nicor Inc","585","Vanya","555-629-1019","4210","Sales","Lonnie","lonnie.vanya@example.com"
"Vatican City","VA","Blondell, Zerk","Metals USA Inc.","549","Blondell","555-124-3737","4211","Customer Service","Zerk","zerk.blondell@example.com"
"Curaçao","CW","Roydd, Dalia","Novellus Systems Inc","597","Roydd","555-203-3756","4212","Operations","Dalia","dalia.roydd@example.com"
"Suriname","SR","Mommy, Tiebout","Tech Data Corporation","814","Mommy","555-717-9951","4213","Distribution","Tiebout","tiebout.mommy@example.com"
"Solomon Islands","SB","Brunk, Rhianon","PolyOne Corp","673","Brunk","555-636-6343","4214","Human Resources","Rhianon","rhianon.brunk@example.com"
"Paraguay","PY","Pace, Dinah","Brunswick Corporation","151","Pace","555-427-5717","4215","Research and Development","Dinah","dinah.pace@example.com"
"Dominica","DM","Aldredge, Keenan","Rent A Center Inc","715","Aldredge","555-972-4868","4216","Production","Keenan","keenan.aldredge@example.com"
"Bonaire, Saint Eustatius and Saba","BQ","Paley, Phylys","Harsco Corp.","398","Paley","555-116-953","4217","Production","Phylys","phylys.paley@example.com"
"Nicaragua","NI","Linn, Webster","NCR Corporation","578","Linn","555-911-8293","4218","Human Resources","Webster","webster.linn@example.com"
"Sao Tome and Principe","ST","Vaclav, Doroteya","Deere & Company","253","Vaclav","555-624-3166","4219","Distribution","Doroteya","doroteya.vaclav@example.com"
"Honduras","HN","Willi, Kare","Fifth Third Bancorp","328","Willi","555-879-9785","4220","Purchasing","Kare","kare.willi@example.com"
"Nauru","NR","Wilhelmine, Margaret","Potlatch Corp","675","Wilhelmine","555-682-7342","4221","Purchasing","Margaret","margaret.wilhelmine@example.com"
"Afghanistan","AF","Lemcke, Julius","Harsco Corp.","398","Lemcke","555-532-9412","4222","Strategy","Julius","julius.lemcke@example.com"
"New Caledonia","NC","Desimone, Russ","BorgWarner Inc.","141","Desimone","555-866-432","4223","Insurance","Russ","russ.desimone@example.com"
"Sri Lanka","LK","Serra, Kendre","CDW Computer Centers Inc.","172","Serra","555-624-991","4224","Marketing","Kendre","kendre.serra@example.com"
"Cocos (Keeling) Islands","CC","Amye, Maribeth","Viad Corp","892","Amye","555-431-7395","4225","Investing","Maribeth","maribeth.amye@example.com"
"Nicaragua","NI","Salene, Osbourne","Mattel Inc.","527","Salene","555-984-2630","4226","Research and Development","Osbourne","osbourne.salene@example.com"
"South Africa","ZA","Bigg, Sada","Reader's Digest Association Inc.","709","Bigg","555-448-3704","4227","Production","Sada","sada.bigg@example.com"
"Ukraine","UA","Biagi, Shurlocke","Chiquita Brands International Inc.","186","Biagi","555-175-2111","4228","Purchasing","Shurlocke","shurlocke.biagi@example.com"
"Egypt","EG","Dillie, Sancho","Shopko Stores Inc","757","Dillie","555-979-7369","4229","Strategy","Sancho","sancho.dillie@example.com"
"Sierra Leone","SL","Darby, Joellyn","CBRL Group Inc.","170","Darby","555-231-1604","4230","Purchasing","Joellyn","joellyn.darby@example.com"
"Republic of the Congo","CG","Grata, Trenna","Granite Construction Incorporated","381","Grata","555-985-8812","4231","Marketing","Trenna","trenna.grata@example.com"
"Japan","JP","Kerek, Aimee","General Motors Corporation","365","Kerek","555-769-8315","4232","Engineering","Aimee","aimee.kerek@example.com"
"Panama","PA","Le, Paloma","Scientific-Atlanta Inc","746","Le","555-156-848","4233","Production","Paloma","paloma.le@example.com"
"Serbia","RS","Deerdre, Kenna","H&R Block Inc.","390","Deerdre","555-396-31","4234","Sales","Kenna","kenna.deerdre@example.com"
"Swaziland","SZ","Spearman, Cliff","Sun Healthcare Group Inc.","802","Spearman","555-330-578","4235","Research and Development","Cliff","cliff.spearman@example.com"
"Sint Maarten","SX","Arlan, Rabi","ADC Telecommunications, Inc.","11","Arlan","555-634-5226","4236","Operations","Rabi","rabi.arlan@example.com"
"Wallis and Futuna","WF","Orelia, Erminia","Johnson Controls Inc.","459","Orelia","555-896-7022","4237","Accounting","Erminia","erminia.orelia@example.com"
"French Polynesia","PF","Calla, Thurston","WPS Resources Corporation","935","Calla","555-203-4724","4238","Sales","Thurston","thurston.calla@example.com"
"Algeria","DZ","Anana, Trever","Albertson's, Inc.","34","Anana","555-863-9615","4239","Operations","Trever","trever.anana@example.com"
"Barbados","BB","Keffer, Buiron","Compass Bancshares Inc","213","Keffer","555-889-5343","4240","Customer Service","Buiron","buiron.keffer@example.com"
"Argentina","AR","Annecorinne, Thaddus","Imperial Sugar Company","432","Annecorinne","555-308-9114","4241","Customer Service","Thaddus","thaddus.annecorinne@example.com"
"Andorra","AD","Chilson, Anita","Fisher Scientific International Inc.","335","Chilson","555-292-5584","4242","Insurance","Anita","anita.chilson@example.com"
"Aruba","AW","Filler, Nat","Georgia Gulf Corporation","372","Filler","555-338-1015","4243","Distribution","Nat","nat.filler@example.com"
"Burundi","BI","Rolandson, Susannah","Cincinnati Financial Corp.","190","Rolandson","555-644-226","4244","Distribution","Susannah","susannah.rolandson@example.com"
"British Indian Ocean Territory","IO","Samala, Barby","The AES Corporation","20","Samala","555-950-9559","4245","Insurance","Barby","barby.samala@example.com"
"Saudi Arabia","SA","Wileen, Moselle","Kelly Services Inc.","464","Wileen","555-738-6789","4246","Engineering","Moselle","moselle.wileen@example.com"
"Sao Tome and Principe","ST","Kumler, Glennie","Veritas Software Corporation","888","Kumler","555-536-8277","4247","Strategy","Glennie","glennie.kumler@example.com"
"Angola","AO","Monjan, Corry","Sempra Energy","751","Monjan","555-997-8162","4248","Operations","Corry","corry.monjan@example.com"
"Kiribati","KI","Flaherty, Brinna","Eastman Kodak Company","288","Flaherty","555-776-7495","4249","Engineering","Brinna","brinna.flaherty@example.com"
"Madagascar","MG","Ferd, Nevsa","Acterna Corp.","9","Ferd","555-729-8553","4250","Customer Service","Nevsa","nevsa.ferd@example.com"
"Oman","OM","Viddah, Huntley","Revlon Inc","717","Viddah","555-578-7966","4251","Sales","Huntley","huntley.viddah@example.com"
"United States Minor Outlying Islands","UM","Bonacci, Milli","Community Health Systems Inc.","212","Bonacci","555-622-510","4252","Research and Development","Milli","milli.bonacci@example.com"
"United Kingdom","GB","Patten, Jarrett","Reliance Steel & Aluminum Co.","713","Patten","555-631-812","4253","Sales","Jarrett","jarrett.patten@example.com"
"Tonga","TO","Don, Diane","Farmland Industries Inc.","321","Don","555-865-7814","4254","Insurance","Diane","diane.don@example.com"
"Dominican Republic","DO","Willett, Janice","Standard Pacific Corp.","788","Willett","555-759-7007","4255","Marketing","Janice","janice.willett@example.com"
"Swaziland","SZ","Korwun, Gracia","American Express Company","57","Korwun","555-259-1944","4256","Customer Service","Gracia","gracia.korwun@example.com"
"Switzerland","CH","Faxon, Julian","OM Group Inc","613","Faxon","555-193-9616","4257","Sales","Julian","julian.faxon@example.com"
"Germany","DE","Krongold, Garrett","Eastman Chemical Company","287","Krongold","555-560-3356","4258","Accounting","Garrett","garrett.krongold@example.com"
"Guatemala","GT","Ehrlich, Doralynn","Kimball International Inc.","470","Ehrlich","555-712-275","4259","Distribution","Doralynn","doralynn.ehrlich@example.com"
"Bhutan","BT","Tenney, Helen-Elizabeth","Symbol Technologies Inc","809","Tenney","555-331-7336","4260","Human Resources","Helen-Elizabeth","helen-elizabeth.tenney@example.com"
"Eritrea","ER","Aimee, Jocelyn","LandAmerica Financial Group Inc.","482","Aimee","555-776-4800","4261","Legal","Jocelyn","jocelyn.aimee@example.com"
"Namibia","NA","Flin, Chas","Fortune Brands Inc.","348","Flin","555-459-8891","4262","Engineering","Chas","chas.flin@example.com"
"Micronesia","FM","Beret, Tremaine","Carlisle Cos. Inc.","166","Beret","555-732-1533","4263","Investing","Tremaine","tremaine.beret@example.com"
"British Virgin Islands","VG","Benedict, Lacee","Atmel Corporation","94","Benedict","555-470-1607","4264","Research and Development","Lacee","lacee.benedict@example.com"
"Switzerland","CH","Egarton, Courtenay","Delta Air Lines Inc.","257","Egarton","555-166-9210","4265","Customer Service","Courtenay","courtenay.egarton@example.com"
"Bhutan","BT","Christabel, Donny","McLeodUSA Incorporated","538","Christabel","555-530-1691","4266","Engineering","Donny","donny.christabel@example.com"
"France","FR","Ditmore, Gerhard","AGCO Corporation","24","Ditmore","555-754-3857","4267","Customer Service","Gerhard","gerhard.ditmore@example.com"
"Bonaire, Saint Eustatius and Saba","BQ","Ase, Lainey","Fidelity National Financial Inc.","327","Ase","555-158-3809","4268","Strategy","Lainey","lainey.ase@example.com"
"Eritrea","ER","Nicko, Annis","Weatherford International Inc","912","Nicko","555-342-4112","4269","Accounting","Annis","annis.nicko@example.com"
"France","FR","Gaul, Far","Telephone & Data Systems Inc","819","Gaul","555-820-384","4270","Investing","Far","far.gaul@example.com"
"Iraq","IQ","Kirven, Lorette","BMC Software, Inc.","137","Kirven","555-352-8852","4271","Production","Lorette","lorette.kirven@example.com"
"Ireland","IE","Igor, Sara","Jack In The Box Inc.","453","Igor","555-486-8560","4272","Licensing","Sara","sara.igor@example.com"
"Bhutan","BT","Belding, Bronnie","Manpower Inc.","515","Belding","555-342-9108","4273","Production","Bronnie","bronnie.belding@example.com"
"New Zealand","NZ","Bogusz, Grantley","SunTrust Banks Inc","806","Bogusz","555-647-3359","4274","Marketing","Grantley","grantley.bogusz@example.com"
"Italy","IT","Heda, Elliott","Jefferson-Pilot Co.","456","Heda","555-636-4912","4275","Research and Development","Elliott","elliott.heda@example.com"
"Brazil","BR","Strauss, Nonnah","Gannett Co., Inc.","355","Strauss","555-173-3617","4276","Engineering","Nonnah","nonnah.strauss@example.com"
"Guernsey","GG","Medwin, Carri","Southwest Gas Corp","777","Medwin","555-145-4380","4277","Sales","Carri","carri.medwin@example.com"
"Fiji","FJ","Luing, Ed","Dial Corporation","261","Luing","555-988-3150","4278","Licensing","Ed","ed.luing@example.com"
"Saint Pierre and Miquelon","PM","Cadmann, Meggie","Exelon Corporation","314","Cadmann","555-832-818","4279","Marketing","Meggie","meggie.cadmann@example.com"
"Tonga","TO","Sion, Mic","Hubbell Inc.","423","Sion","555-163-1305","4280","Human Resources","Mic","mic.sion@example.com"
"Togo","TG","Caddaric, Titus","Xerox Corp","939","Caddaric","555-556-8980","4281","Customer Service","Titus","titus.caddaric@example.com"
"Spain","ES","Verdi, Leigh","Hewlett-Packard Company","410","Verdi","555-257-4113","4282","Business Development","Leigh","leigh.verdi@example.com"
"Saint Kitts and Nevis","KN","Ernaldus, Charil","Cablevision Systems Corp","158","Ernaldus","555-187-3986","4283","Operations","Charil","charil.ernaldus@example.com"
"Australia","AU","Jueta, Penn","WESCO International Inc","918","Jueta","555-911-1356","4284","Sales","Penn","penn.jueta@example.com"
"Brazil","BR","Ammamaria, Becca","Kennametal Inc.","466","Ammamaria","555-550-4982","4285","Strategy","Becca","becca.ammamaria@example.com"
"Iraq","IQ","Emmy, Phylys","DPL Inc.","273","Emmy","555-804-3485","4286","Accounting","Phylys","phylys.emmy@example.com"
"Ethiopia","ET","Endres, Denice","PolyOne Corp","673","Endres","555-452-7101","4287","Accounting","Denice","denice.endres@example.com"
"Zambia","ZM","Humfried, Donna","ARAMARK Corporation","84","Humfried","555-927-4923","4288","Business Development","Donna","donna.humfried@example.com"
"Tajikistan","TJ","Circosta, Lyndsey","NorthWestern Corporation","596","Circosta","555-729-1088","4289","Legal","Lyndsey","lyndsey.circosta@example.com"
"Mexico","MX","Pierrepont, Alli","Compuware Corp.","216","Pierrepont","555-460-1672","4290","Production","Alli","alli.pierrepont@example.com"
"Czech Republic","CZ","Pudens, Finlay","Casey's General Stores Inc.","168","Pudens","555-788-9974","4291","Investing","Finlay","finlay.pudens@example.com"
"Thailand","TH","Gallagher, Carole","Calpine Corp.","161","Gallagher","555-872-3402","4292","Licensing","Carole","carole.gallagher@example.com"
"Myanmar","MM","Sears, Bancroft","Morgan Stanley Dean Witter & Co.","563","Sears","555-342-8086","4293","Investing","Bancroft","bancroft.sears@example.com"
"Bahamas","BS","Sissie, Pauly","The Bear Stearns Companies Inc.","117","Sissie","555-928-5836","4294","Research and Development","Pauly","pauly.sissie@example.com"
"Iran","IR","Franciscka, Emalia","Tyson Foods Inc","852","Franciscka","555-517-8050","4295","Licensing","Emalia","emalia.franciscka@example.com"
"Netherlands","NL","Burney, Marga","World Fuel Services Corporation","932","Burney","555-755-8997","4296","Insurance","Marga","marga.burney@example.com"
"Guadeloupe","GP","Chari, Beverley","Goodrich Corporation","379","Chari","555-443-8477","4297","Research and Development","Beverley","beverley.chari@example.com"
"Norfolk Island","NF","Domenic, Marten","Eastman Chemical Company","287","Domenic","555-318-3099","4298","Operations","Marten","marten.domenic@example.com"
"Saint Helena, Ascension and Tristan da Cunha","SH","Virgin, Justine","Jones Apparel Group Inc.","460","Virgin","555-183-7375","4299","Marketing","Justine","justine.virgin@example.com"
"Sint Maarten","SX","Allbee, Wait","Dell Computer Corporation","255","Allbee","555-585-2418","4300","Research and Development","Wait","wait.allbee@example.com"
"French Southern and Antarctic Lands","TF","Medwin, Winnie","CenturyTel Inc.","177","Medwin","555-193-5042","4301","Production","Winnie","winnie.medwin@example.com"
"Saint Lucia","LC","Wyatan, Kessiah","Knight-Ridder Inc.","475","Wyatan","555-822-7823","4302","Sales","Kessiah","kessiah.wyatan@example.com"
"Hungary","HU","Gladdie, Norrie","American Electric Power Company, Inc.","56","Gladdie","555-766-1467","4303","Customer Service","Norrie","norrie.gladdie@example.com"
"Saint Barthélemy","BL","Bysshe, Waneta","FPL Group Inc.","350","Bysshe","555-669-963","4304","IT Support","Waneta","waneta.bysshe@example.com"
"Zimbabwe","ZW","Elison, Sephira","McKesson Corporation","537","Elison","555-304-878","4305","Engineering","Sephira","sephira.elison@example.com"
"United States Minor Outlying Islands","UM","Ruthie, Carlota","Cabot Corp","159","Ruthie","555-223-2581","4306","Sales","Carlota","carlota.ruthie@example.com"
"Tokelau","TK","Schou, Myrwyn","Foster Wheeler Ltd.","349","Schou","555-531-6465","4307","Insurance","Myrwyn","myrwyn.schou@example.com"
"Sudan Sudan","SD","Tinaret, Rosie","H&R Block Inc.","390","Tinaret","555-934-7209","4308","Legal","Rosie","rosie.tinaret@example.com"
"Mayotte","YT","Belia, Shem","KB Home","461","Belia","555-221-197","4309","Sales","Shem","shem.belia@example.com"
"Hong Kong","HK","Elatia, Hilton","SouthTrust Corp.","775","Elatia","555-581-4445","4310","Engineering","Hilton","hilton.elatia@example.com"
"Slovakia","SK","Valer, Eleanora","Louisiana-Pacific Corporation","503","Valer","555-799-6207","4311","Customer Service","Eleanora","eleanora.valer@example.com"
"Denmark","DK","Darian, Cristiano","CMS Energy Corp.","201","Darian","555-659-360","4312","Business Development","Cristiano","cristiano.darian@example.com"
"Afghanistan","AF","Kus, Candide","Kerr-McGee Corporation","467","Kus","555-490-636","4313","Sales","Candide","candide.kus@example.com"
"France","FR","Estrellita, Alyse","Pall Corp","629","Estrellita","555-853-1792","4314","Insurance","Alyse","alyse.estrellita@example.com"
"Dominican Republic","DO","Coombs, Krista","Henry Schein Inc.","406","Coombs","555-254-4050","4315","IT Support","Krista","krista.coombs@example.com"
"British Virgin Islands","VG","Madai, Link","Apple Computer, Inc.","79","Madai","555-954-9364","4316","Customer Service","Link","link.madai@example.com"
"Antigua and Barbuda","AG","Publias, Wyatan","Jefferson-Pilot Co.","456","Publias","555-809-5728","4317","Marketing","Wyatan","wyatan.publias@example.com"
"Japan","JP","Inglebert, Zitella","Levi Strauss & Co.","493","Inglebert","555-687-415","4318","Purchasing","Zitella","zitella.inglebert@example.com"
"Algeria","DZ","Tzong, Eolanda","LSI Logic Corporation","505","Tzong","555-511-6385","4319","Production","Eolanda","eolanda.tzong@example.com"
"Haiti","HT","Malita, Early","BMC Software, Inc.","137","Malita","555-110-2014","4320","Research and Development","Early","early.malita@example.com"
"Republic of the Congo","CG","Minor, Lynelle","UnitedHealth Group Incorporated","868","Minor","555-732-1830","4321","Marketing","Lynelle","lynelle.minor@example.com"
"Andorra","AD","Grantham, Emmie","Wakenhut Corporation","902","Grantham","555-790-2580","4322","Sales","Emmie","emmie.grantham@example.com"
"North Korea","KP","Avron, Tucker","Guidant Corporation","389","Avron","555-679-9425","4323","Operations","Tucker","tucker.avron@example.com"
"Micronesia","FM","Coopersmith, Meris","Lucent Technologies Inc.","508","Coopersmith","555-177-6501","4324","Production","Meris","meris.coopersmith@example.com"
"Ethiopia","ET","Hardman, Yalonda","United Rentals Inc","865","Hardman","555-292-5235","4325","Strategy","Yalonda","yalonda.hardman@example.com"
"Egypt","EG","Camden, Evita","Autoliv, Inc.","97","Camden","555-813-4141","4326","IT Support","Evita","evita.camden@example.com"
"Pakistan","PK","Erda, Erny","Manor Care Inc.","514","Erda","555-359-4356","4327","Marketing","Erny","erny.erda@example.com"
"Japan","JP","Benildas, Puff","Marathon Oil Corporation","516","Benildas","555-830-692","4328","Engineering","Puff","puff.benildas@example.com"
"Chile","CL","Deegan, Hillier","Value City Department Stores Inc","885","Deegan","555-128-7967","4329","Operations","Hillier","hillier.deegan@example.com"
"Kazakhstan","KZ","Phyl, Trumann","Emcor Group Inc.","299","Phyl","555-476-9027","4330","Legal","Trumann","trumann.phyl@example.com"
"Albania","AL","Denys, Boot","Maxtor Corporation","529","Denys","555-900-81","4331","Marketing","Boot","boot.denys@example.com"
"Suriname","SR","Boris, Dierdre","TJX Companies Inc","834","Boris","555-482-4609","4332","Legal","Dierdre","dierdre.boris@example.com"
"Papua New Guinea","PG","Culbertson, Devlin","The Clorox Co.","199","Culbertson","555-384-1529","4333","Production","Devlin","devlin.culbertson@example.com"
"Japan","JP","Cole, Ula","Safeco Corp","734","Cole","555-233-8864","4334","Investing","Ula","ula.cole@example.com"
"New Zealand","NZ","Suzan, Clayson","DaVita Inc.","251","Suzan","555-770-8588","4335","Accounting","Clayson","clayson.suzan@example.com"
"Turkey","TR","Harlan, Dina","Metals USA Inc.","549","Harlan","555-981-7893","4336","Operations","Dina","dina.harlan@example.com"
"Portugal","PT","Othelia, Sascha","Comcast Corp.","207","Othelia","555-645-6913","4337","Strategy","Sascha","sascha.othelia@example.com"
"Saint Vincent and the Grenadines","VC","Staw, Hildagard","Fiserv Inc.","334","Staw","555-363-5088","4338","Business Development","Hildagard","hildagard.staw@example.com"
"Slovakia","SK","Guntar, Robb","La-Z-Boy Inc.","485","Guntar","555-432-7674","4339","Strategy","Robb","robb.guntar@example.com"
"Bosnia and Herzegovina","BA","Giraud, Analiese","Hubbell Inc.","423","Giraud","555-382-4865","4340","Legal","Analiese","analiese.giraud@example.com"
"Grenada","GD","Paule, Sherrie","General Dynamics Corporation","362","Paule","555-394-9577","4341","Production","Sherrie","sherrie.paule@example.com"
"Ireland","IE","Latham, Petra","Tecumseh Products Company","816","Latham","555-286-2183","4342","Engineering","Petra","petra.latham@example.com"
"Martinique","MQ","Alegre, Jude","National City Corp.","570","Alegre","555-692-610","4343","Sales","Jude","jude.alegre@example.com"
"Rwanda","RW","Faulkner, Lacey","Dollar Tree Stores, Inc.","267","Faulkner","555-623-3607","4344","Accounting","Lacey","lacey.faulkner@example.com"
"North Korea","KP","Urbas, Sig","Maxxam Inc.","530","Urbas","555-824-8172","4345","Investing","Sig","sig.urbas@example.com"
"British Virgin Islands","VG","Doralia, Dugald","Safeway Inc","736","Doralia","555-890-8800","4346","Production","Dugald","dugald.doralia@example.com"
"Argentina","AR","Bruni, Bone","Valero Energy Corporation","883","Bruni","555-629-8473","4347","Legal","Bone","bone.bruni@example.com"
"Myanmar","MM","Jansen, Darby","Citigroup, Inc","195","Jansen","555-256-7464","4348","Distribution","Darby","darby.jansen@example.com"
"Nepal","NP","Harl, Katharina","Southwest Airlines Co","776","Harl","555-751-1179","4349","Licensing","Katharina","katharina.harl@example.com"
"Gibraltar","GI","Waligore, Miran","Markel Corporation","518","Waligore","555-513-4029","4350","Legal","Miran","miran.waligore@example.com"
"Dominican Republic","DO","Zwiebel, Noami","ACT Manufacturing Inc.","8","Zwiebel","555-632-5073","4351","IT Support","Noami","noami.zwiebel@example.com"
"Austria","AT","Sink, Grannie","Arkansas Best Corporation","87","Sink","555-204-1157","4352","Strategy","Grannie","grannie.sink@example.com"
"Papua New Guinea","PG","Donnamarie, Ludvig","Ferro Corp.","326","Donnamarie","555-642-7572","4353","Legal","Ludvig","ludvig.donnamarie@example.com"
"Montserrat","MS","Arola, Garv","Volt Information Sciences Inc","896","Arola","555-321-5801","4354","Licensing","Garv","garv.arola@example.com"
"Venezuela","VE","Clayborn, Tommi","WESCO International Inc","918","Clayborn","555-223-2487","4355","Engineering","Tommi","tommi.clayborn@example.com"
"Christmas Island","CX","Zondra, Zared","Tektronix Inc","817","Zondra","555-339-3436","4356","Marketing","Zared","zared.zondra@example.com"
"Pitcairn Islands","PN","Middleton, Arnaldo","Kindred Healthcare Inc.","472","Middleton","555-779-2707","4357","Marketing","Arnaldo","arnaldo.middleton@example.com"
"Saudi Arabia","SA","Pacificas, Emmie","Nash Finch Company","569","Pacificas","555-272-2632","4358","Purchasing","Emmie","emmie.pacificas@example.com"
"Macau","MO","Marwin, Jacky","Henry Schein Inc.","406","Marwin","555-713-5656","4359","Licensing","Jacky","jacky.marwin@example.com"
"Syria","SY","Streeter, Broderic","Scholastic Corp","743","Streeter","555-716-9930","4360","IT Support","Broderic","broderic.streeter@example.com"
"Armenia","AM","Berwick, Gasper","Aquila, Inc.","83","Berwick","555-784-2349","4361","Investing","Gasper","gasper.berwick@example.com"
"French Southern and Antarctic Lands","TF","Frierson, Marsiella","Circuit City Stores Inc.","193","Frierson","555-462-8666","4362","Research and Development","Marsiella","marsiella.frierson@example.com"
"Iran","IR","Filmore, Ruperto","DTE Energy Co.","277","Filmore","555-240-1315","4363","IT Support","Ruperto","ruperto.filmore@example.com"
"Luxembourg","LU","Ungley, Angil","Nextel Communications Inc","584","Ungley","555-759-8211","4364","Legal","Angil","angil.ungley@example.com"
"Cocos (Keeling) Islands","CC","Dallis, Bunnie","Tecumseh Products Company","816","Dallis","555-594-8177","4365","Engineering","Bunnie","bunnie.dallis@example.com"
"Bosnia and Herzegovina","BA","Carleton, Claude","National Commerce Financial Corporation","571","Carleton","555-496-4229","4366","Legal","Claude","claude.carleton@example.com"
"Nicaragua","NI","Gretna, Huey","Convergys Corp.","228","Gretna","555-875-5305","4367","Customer Service","Huey","huey.gretna@example.com"
"Tuvalu","TV","Christis, Kandy","StanCorp Financial Group Inc","787","Christis","555-134-14","4368","Marketing","Kandy","kandy.christis@example.com"
"North Korea","KP","Sellers, Amye","Abercrombie & Fitch Co.","5","Sellers","555-516-8996","4369","Purchasing","Amye","amye.sellers@example.com"
"Hungary","HU","Lisbeth, Chloette","BellSouth Corporation","124","Lisbeth","555-151-5218","4370","Sales","Chloette","chloette.lisbeth@example.com"
"Monaco","MC","Garibull, Gabbie","Astoria Financial Corporation","92","Garibull","555-274-188","4371","Research and Development","Gabbie","gabbie.garibull@example.com"
"Cape Verde","CV","Kassel, Tabbie","Louisiana-Pacific Corporation","503","Kassel","555-152-9852","4372","Sales","Tabbie","tabbie.kassel@example.com"
"Honduras","HN","Tal, Vincents","Quest Diagnostics Inc.","700","Tal","555-298-7588","4373","Engineering","Vincents","vincents.tal@example.com"
"Kyrgyzstan","KG","Leisha, Harrietta","Caterpillar Inc.","169","Leisha","555-193-4915","4374","Purchasing","Harrietta","harrietta.leisha@example.com"
"Guinea-Bissau","GW","Berni, Leticia","Bausch & Lomb Incorporated","114","Berni","555-135-5106","4375","Production","Leticia","leticia.berni@example.com"
"Gambia","GM","Louanne, Junette","ChevronTexaco Corp.","185","Louanne","555-846-3958","4376","Distribution","Junette","junette.louanne@example.com"
"Spain","ES","Calvinna, Agosto","FPL Group Inc.","350","Calvinna","555-917-1390","4377","Production","Agosto","agosto.calvinna@example.com"
"Azerbaijan","AZ","Gaile, Huntington","Willamette Industries Inc.","926","Gaile","555-912-6194","4378","Customer Service","Huntington","huntington.gaile@example.com"
"Puerto Rico","PR","Monroy, Shaun","IDT Corporation","428","Monroy","555-356-7333","4379","Strategy","Shaun","shaun.monroy@example.com"
"Nepal","NP","Richter, Teddy","The AES Corporation","20","Richter","555-941-6459","4380","Insurance","Teddy","teddy.richter@example.com"
"Heard Island and McDonald Islands","HM","Gruber, Aleece","BorgWarner Inc.","141","Gruber","555-108-6121","4381","Research and Development","Aleece","aleece.gruber@example.com"
"Heard Island and McDonald Islands","HM","Kimon, Tisha","Hartford Financial Services Group Inc.","399","Kimon","555-731-8274","4382","Insurance","Tisha","tisha.kimon@example.com"
"Syria","SY","Ilise, Brett","Kroger Co.","478","Ilise","555-261-9811","4383","Production","Brett","brett.ilise@example.com"
"Latvia","LV","Michaele, Zea","J.B. Hunt Transport Services Inc.","449","Michaele","555-952-7824","4384","Purchasing","Zea","zea.michaele@example.com"
"Cameroon","CM","Etana, Elnar","Computer Sciences Corp.","215","Etana","555-603-5999","4385","Distribution","Elnar","elnar.etana@example.com"
"Maldives","MV","Joyce, Octavia","Hasbro Inc.","400","Joyce","555-718-7492","4386","Purchasing","Octavia","octavia.joyce@example.com"
"Zimbabwe","ZW","Perzan, Murray","WestPoint Stevens Inc","921","Perzan","555-288-3000","4387","Strategy","Murray","murray.perzan@example.com"
"Yemen","YE","Helm, Tann","North Fork Bancorporation Inc","592","Helm","555-350-7203","4388","Human Resources","Tann","tann.helm@example.com"
"Andorra","AD","Humph, Lacy","ARAMARK Corporation","84","Humph","555-476-4233","4389","Purchasing","Lacy","lacy.humph@example.com"
"Bolivia","BO","Scutt, Antonietta","Mohawk Industries Inc.","560","Scutt","555-229-7706","4390","Accounting","Antonietta","antonietta.scutt@example.com"
"Montenegro","ME","Hizar, Celka","SunTrust Banks Inc","806","Hizar","555-156-8274","4391","Investing","Celka","celka.hizar@example.com"
"Haiti","HT","Annnora, Lyndy","W.R. Grace & Co","899","Annnora","555-885-3008","4392","Customer Service","Lyndy","lyndy.annnora@example.com"
"Sweden","SE","Cassandry, Cosimo","Tesoro Petroleum Corp.","826","Cassandry","555-555-3425","4393","Customer Service","Cosimo","cosimo.cassandry@example.com"
"Guyana","GY","Coughlin, Ossie","Ameren Corporation","52","Coughlin","555-570-9885","4394","IT Support","Ossie","ossie.coughlin@example.com"
"Botswana","BW","Eldon, Webb","Zions Bancorporation","946","Eldon","555-331-6728","4395","Research and Development","Webb","webb.eldon@example.com"
"Mauritania","MR","Dunseath, Zuzana","Encompass Services Corporation","301","Dunseath","555-215-5436","4396","Sales","Zuzana","zuzana.dunseath@example.com"
"Jordan","JO","Grati, Renato","Alcoa Inc.","35","Grati","555-459-3595","4397","Customer Service","Renato","renato.grati@example.com"
"Ireland","IE","Sissie, Gerda","Intuit Inc.","445","Sissie","555-858-1836","4398","Investing","Gerda","gerda.sissie@example.com"
"Gambia","GM","Orella, Katti","DST Systems, Inc.","276","Orella","555-382-5638","4399","Marketing","Katti","katti.orella@example.com"
"Turkey","TR","Kenon, Arie","Swift Transportation, Co., Inc","808","Kenon","555-877-1270","4400","Accounting","Arie","arie.kenon@example.com"
"Namibia","NA","Leslie, Deirdre","Freeport McMoran Copper & Gold Inc.","352","Leslie","555-859-5199","4401","Strategy","Deirdre","deirdre.leslie@example.com"
"Georgia","GE","Sorensen, Wilt","Viacom Inc","891","Sorensen","555-575-7082","4402","Research and Development","Wilt","wilt.sorensen@example.com"
"Georgia","GE","Sullivan, Saree","Silgan Holdings Inc.","761","Sullivan","555-586-9798","4403","Licensing","Saree","saree.sullivan@example.com"
"Norfolk Island","NF","Porush, Abey","Omnicom Group","615","Porush","555-712-951","4404","Sales","Abey","abey.porush@example.com"
"India","IN","Lorita, Nicoli","SouthTrust Corp.","775","Lorita","555-460-5661","4405","Operations","Nicoli","nicoli.lorita@example.com"
"Bolivia","BO","Bar, Kaylil","KeyCorp","468","Bar","555-747-2551","4406","Distribution","Kaylil","kaylil.bar@example.com"
"Serbia","RS","Pufahl, Denis","Yellow Corporation","942","Pufahl","555-204-2986","4407","Engineering","Denis","denis.pufahl@example.com"
"Burkina Faso","BF","Lacombe, Leeland","PepsiAmericas Inc.","644","Lacombe","555-872-813","4408","Operations","Leeland","leeland.lacombe@example.com"
"Spain","ES","Emmy, Gilbert","Vectren Corporation","887","Emmy","555-450-4506","4409","Legal","Gilbert","gilbert.emmy@example.com"
"Costa Rica","CR","Conchita, Cosetta","Oglethorpe Power Corp.","609","Conchita","555-423-283","4410","Insurance","Cosetta","cosetta.conchita@example.com"
"South Africa","ZA","Dincolo, Harper","Conoco Inc","221","Dincolo","555-884-938","4411","Insurance","Harper","harper.dincolo@example.com"
"Svalbard and Jan Mayen","SJ","Audrit, Vincent","StanCorp Financial Group Inc","787","Audrit","555-622-6505","4412","Purchasing","Vincent","vincent.audrit@example.com"
"Singapore","SG","Sergias, Curran","U.S. Bancorp","853","Sergias","555-942-8594","4413","Strategy","Curran","curran.sergias@example.com"
"Liechtenstein","LI","Konopka, Miguelita","Gold Kist Inc.","375","Konopka","555-173-3613","4414","Licensing","Miguelita","miguelita.konopka@example.com"
"Honduras","HN","Barbara-Anne, Milt","WGL Holdings Inc","923","Barbara-Anne","555-954-7851","4415","Licensing","Milt","milt.barbara-anne@example.com"
"Democratic Republic of the Congo","CD","Stormi, Mirilla","Duke Energy Corp","279","Stormi","555-640-9854","4416","Insurance","Mirilla","mirilla.stormi@example.com"
"Greece","GR","Adams, Sheila","Xcel Energy Inc","938","Adams","555-535-6964","4417","Human Resources","Sheila","sheila.adams@example.com"
"Nicaragua","NI","Lelith, Jacquenetta","Vulcan Materials Company","897","Lelith","555-883-5822","4418","Legal","Jacquenetta","jacquenetta.lelith@example.com"
"Iraq","IQ","Scarface, Mellie","Stewart Information Services Corp","798","Scarface","555-643-6584","4419","Investing","Mellie","mellie.scarface@example.com"
"India","IN","Guise, Dex","Marriott International Inc.","519","Guise","555-461-3182","4420","Marketing","Dex","dex.guise@example.com"
"Trinidad and Tobago","TT","Wilden, Gayelord","Pep Boys Manny, Moe & Jack","641","Wilden","555-580-594","4421","Production","Gayelord","gayelord.wilden@example.com"
"American Samoa","AS","Nathanson, Sandie","Goodrich Corporation","379","Nathanson","555-329-6832","4422","Human Resources","Sandie","sandie.nathanson@example.com"
"Yemen","YE","Hildebrandt, Erskine","Darden Restaurants Inc.","250","Hildebrandt","555-355-6359","4423","Marketing","Erskine","erskine.hildebrandt@example.com"
"Wallis and Futuna","WF","Doerrer, Felita","Unova Inc","874","Doerrer","555-221-2528","4424","Investing","Felita","felita.doerrer@example.com"
"Germany","DE","Vite, Delila","ADC Telecommunications, Inc.","11","Vite","555-485-3028","4425","Sales","Delila","delila.vite@example.com"
"India","IN","Magnus, Rycca","Community Health Systems Inc.","212","Magnus","555-111-4186","4426","Marketing","Rycca","rycca.magnus@example.com"
"Trinidad and Tobago","TT","Gersham, Von","Washington Post Co.","909","Gersham","555-704-4161","4427","Research and Development","Von","von.gersham@example.com"
"Sweden","SE","Geerts, Galen","Fiserv Inc.","334","Geerts","555-350-9979","4428","Marketing","Galen","galen.geerts@example.com"
"East Timor","TL","Raddi, Ulrich","American Electric Power Company, Inc.","56","Raddi","555-935-151","4429","Human Resources","Ulrich","ulrich.raddi@example.com"
"Zimbabwe","ZW","Conners, Shannen","Valero Energy Corporation","883","Conners","555-593-1903","4430","Investing","Shannen","shannen.conners@example.com"
"Suriname","SR","Soane, Moritz","Nextel Communications Inc","584","Soane","555-945-7861","4431","Investing","Moritz","moritz.soane@example.com"
"Libya","LY","Margherita, Sascha","Boston Scientific Corporation","142","Margherita","555-299-8087","4432","Business Development","Sascha","sascha.margherita@example.com"
"Belize","BZ","Hasty, Linnea","Massey Energy Company","525","Hasty","555-234-2534","4433","Purchasing","Linnea","linnea.hasty@example.com"
"North Korea","KP","Hammond, Fernando","Owens-Illinois Inc","623","Hammond","555-699-1095","4434","Marketing","Fernando","fernando.hammond@example.com"
"Cambodia","KH","Ermine, Mona","Walgreen Co","903","Ermine","555-469-5391","4435","Operations","Mona","mona.ermine@example.com"
"Comoros","KM","Hachmin, Briano","Nordstrom Inc","589","Hachmin","555-274-5612","4436","Licensing","Briano","briano.hachmin@example.com"
"Myanmar","MM","Sky, Ruperta","Energy East Corporation","303","Sky","555-288-1815","4437","Distribution","Ruperta","ruperta.sky@example.com"
"Ghana","GH","Crabb, Flore","Armstrong Holdings, Inc.","88","Crabb","555-878-3876","4438","Marketing","Flore","flore.crabb@example.com"
"Turks and Caicos Islands","TC","Johnna, Cory","Landstar System Inc.","484","Johnna","555-160-906","4439","Customer Service","Cory","cory.johnna@example.com"
"Gabon","GA","Torrance, Moira","Sempra Energy","751","Torrance","555-174-7963","4440","Engineering","Moira","moira.torrance@example.com"
"Armenia","AM","Semmes, Talyah","Darden Restaurants Inc.","250","Semmes","555-445-6136","4441","Licensing","Talyah","talyah.semmes@example.com"
"Denmark","DK","Margot, Allan","ExxonMobil Corporation","318","Margot","555-474-7527","4442","Human Resources","Allan","allan.margot@example.com"
"Saint Barthélemy","BL","Stochmal, Cy","GreenPoint Financial Corp.","385","Stochmal","555-953-3515","4443","Operations","Cy","cy.stochmal@example.com"
"Slovakia","SK","Thadeus, Everard","Vishay Intertechnology Inc","894","Thadeus","555-148-9388","4444","Engineering","Everard","everard.thadeus@example.com"
"Czech Republic","CZ","Dayle, Mitchael","Herman Miller Inc.","408","Dayle","555-113-9444","4445","Insurance","Mitchael","mitchael.dayle@example.com"
"Estonia","EE","Uball, Rosemary","Mandalay Resort Group","513","Uball","555-643-7209","4446","Sales","Rosemary","rosemary.uball@example.com"
"French Polynesia","PF","Gerianne, Alicia","Wyeth","936","Gerianne","555-600-6460","4447","IT Support","Alicia","alicia.gerianne@example.com"
"Turkey","TR","McCall, Fiann","Schering-Plough Corp","742","McCall","555-238-2662","4448","Insurance","Fiann","fiann.mccall@example.com"
"Sierra Leone","SL","Deryl, Heinrik","Northern Trust Corporation","594","Deryl","555-450-1587","4449","Insurance","Heinrik","heinrik.deryl@example.com"
"Oman","OM","Valerie, Nanete","Metals USA Inc.","549","Valerie","555-333-4275","4450","Research and Development","Nanete","nanete.valerie@example.com"
"Thailand","TH","Chariot, Sada","Questar Corp","701","Chariot","555-423-1269","4451","Research and Development","Sada","sada.chariot@example.com"
"South Africa","ZA","Moina, Charlena","Consolidated Freightways Corp.","223","Moina","555-190-2503","4452","Research and Development","Charlena","charlena.moina@example.com"
"Gabon","GA","Karolina, Portie","US Oncology Inc","878","Karolina","555-627-8484","4453","Operations","Portie","portie.karolina@example.com"
"Tuvalu","TV","Harmonia, Geoffrey","M.D.C. Holdings Inc.","539","Harmonia","555-919-2246","4454","Purchasing","Geoffrey","geoffrey.harmonia@example.com"
"Djibouti","DJ","Hanafee, Sawyer","Kohl's Corp.","476","Hanafee","555-344-7788","4455","Business Development","Sawyer","sawyer.hanafee@example.com"
"Saint Vincent and the Grenadines","VC","Tiffie, Karlotte","Stewart & Stevenson Services Inc","797","Tiffie","555-989-8439","4456","Human Resources","Karlotte","karlotte.tiffie@example.com"
"Togo","TG","Heshum, Ansley","Starbucks Corp","791","Heshum","555-871-7795","4457","Distribution","Ansley","ansley.heshum@example.com"
"Uzbekistan","UZ","Reagen, Nerty","Allergan, Inc.","39","Reagen","555-561-2133","4458","Investing","Nerty","nerty.reagen@example.com"
"Saint Martin","MF","Shih, Opal","Pathmark Stores Inc.","633","Shih","555-137-2840","4459","Legal","Opal","opal.shih@example.com"
"Aruba","AW","Katti, Devi","3M Company","2","Katti","555-550-2966","4460","Business Development","Devi","devi.katti@example.com"
"Denmark","DK","Carmelita, Katina","Charming Shoppes Inc.","182","Carmelita","555-456-7866","4461","Engineering","Katina","katina.carmelita@example.com"
"Australia","AU","Ruzich, Ester","WESCO International Inc","918","Ruzich","555-677-714","4462","Investing","Ester","ester.ruzich@example.com"
"Cameroon","CM","Zak, Violette","Marshall & Ilsley Corporation","522","Zak","555-212-2542","4463","Distribution","Violette","violette.zak@example.com"
"Comoros","KM","Weinstock, Moreen","Sierra Health Services Inc","759","Weinstock","555-320-2168","4464","IT Support","Moreen","moreen.weinstock@example.com"
"Ukraine","UA","Shurlocke, Burton","Beckman Coulter, Inc.","119","Shurlocke","555-590-2849","4465","Accounting","Burton","burton.shurlocke@example.com"
"Montserrat","MS","Zantos, Rakel","Fidelity National Financial Inc.","327","Zantos","555-198-9394","4466","IT Support","Rakel","rakel.zantos@example.com"
"Tanzania","TZ","Lorolla, Salomi","Supervalu Inc","807","Lorolla","555-147-6800","4467","Distribution","Salomi","salomi.lorolla@example.com"
"Mauritius","MU","Erline, Enrique","Ross Stores Inc","727","Erline","555-255-3620","4468","Strategy","Enrique","enrique.erline@example.com"
"Taiwan","TW","Willmert, Gerrilee","American Water Works Company, Inc.","62","Willmert","555-466-4787","4469","Engineering","Gerrilee","gerrilee.willmert@example.com"
"Cocos (Keeling) Islands","CC","Krystalle, Elly","Rite Aid Corp","719","Krystalle","555-455-9075","4470","Legal","Elly","elly.krystalle@example.com"
"Guinea","GN","Bratton, Tarrah","Dreyer's Grand Ice Cream, Inc.","275","Bratton","555-735-4641","4471","Strategy","Tarrah","tarrah.bratton@example.com"
"Kuwait","KW","Blasius, Conney","Pfizer Inc","653","Blasius","555-794-8333","4472","Research and Development","Conney","conney.blasius@example.com"
"Malaysia","MY","Jariah, Lowe","Winn Dixie Stores Inc","929","Jariah","555-163-8659","4473","Accounting","Lowe","lowe.jariah@example.com"
"Tuvalu","TV","Ana, Yalonda","CellStar Corp.","173","Ana","555-154-5316","4474","Investing","Yalonda","yalonda.ana@example.com"
"French Polynesia","PF","Ander, Calhoun","Toll Brothers Inc","836","Ander","555-906-1429","4475","Accounting","Calhoun","calhoun.ander@example.com"
"Iraq","IQ","Mitinger, Egan","Rite Aid Corp","719","Mitinger","555-730-6062","4476","IT Support","Egan","egan.mitinger@example.com"
"Grenada","GD","Andrei, Ronny","Zions Bancorporation","946","Andrei","555-157-6665","4477","Distribution","Ronny","ronny.andrei@example.com"
"Sweden","SE","Gibe, Melisandra","Trigon Healthcare Inc.","847","Gibe","555-423-6112","4478","Marketing","Melisandra","melisandra.gibe@example.com"
"Cayman Islands Cayman Islands","KY","Cohberg, Godfrey","AT&T Corp.","93","Cohberg","555-915-458","4479","Production","Godfrey","godfrey.cohberg@example.com"
"Heard Island and McDonald Islands","HM","Serafine, Nicoline","Texas Industries Inc.","827","Serafine","555-968-8113","4480","Marketing","Nicoline","nicoline.serafine@example.com"
"Australia","AU","Wight, Harald","Thomas & Betts Corporation","831","Wight","555-815-1078","4481","Engineering","Harald","harald.wight@example.com"
"Honduras","HN","Strage, Raymund","Costco Wholesale Corp.","234","Strage","555-205-1921","4482","Distribution","Raymund","raymund.strage@example.com"
"Australia","AU","Ormsby, Dario","Foot Locker Inc","344","Ormsby","555-298-7171","4483","IT Support","Dario","dario.ormsby@example.com"
"Syria","SY","Maccarone, Sherline","Avon Products, Inc.","105","Maccarone","555-697-8667","4484","Investing","Sherline","sherline.maccarone@example.com"
"Bosnia and Herzegovina","BA","Morganne, Buffy","RoadwayCorp","721","Morganne","555-233-1852","4485","IT Support","Buffy","buffy.morganne@example.com"
"Vatican City","VA","Ponton, Beauregard","New York Times Company","581","Ponton","555-374-5032","4486","Operations","Beauregard","beauregard.ponton@example.com"
"Antarctica","AQ","Othello, Dagny","Intel Corporation","438","Othello","555-919-1711","4487","Business Development","Dagny","dagny.othello@example.com"
"Grenada","GD","Diao, Lyda","Family Dollar Stores Inc.","320","Diao","555-625-9149","4488","Production","Lyda","lyda.diao@example.com"
"Honduras","HN","Giamo, Mab","Fairchild Semiconductor International Inc.","319","Giamo","555-637-808","4489","Engineering","Mab","mab.giamo@example.com"
"Finland","FI","Gerardo, Remington","The MONY Group Inc.","562","Gerardo","555-292-3706","4490","IT Support","Remington","remington.gerardo@example.com"
"French Guiana","GF","Suzanna, Asher","Honeywell International Inc.","417","Suzanna","555-622-9884","4491","Human Resources","Asher","asher.suzanna@example.com"
"Ecuador","EC","Carin, Chad","Public Service Enterprise Group Inc.","693","Carin","555-402-7967","4492","Customer Service","Chad","chad.carin@example.com"
"Cyprus","CY","Beora, Cointon","Wachovia Corporation","901","Beora","555-857-2721","4493","Business Development","Cointon","cointon.beora@example.com"
"Venezuela","VE","Flori, Rosita","Exide Technologies","315","Flori","555-846-3280","4494","Insurance","Rosita","rosita.flori@example.com"
"Tuvalu","TV","Armillda, Fannie","Dollar Tree Stores, Inc.","267","Armillda","555-790-2506","4495","Marketing","Fannie","fannie.armillda@example.com"
"Wallis and Futuna","WF","Lambertson, Trixi","C. H. Robinson Worldwide Inc.","157","Lambertson","555-122-848","4496","Business Development","Trixi","trixi.lambertson@example.com"
"Pitcairn Islands","PN","Calvo, Maritsa","John Hancock Financial Services Inc.","457","Calvo","555-973-701","4497","Engineering","Maritsa","maritsa.calvo@example.com"
"Kiribati","KI","Krueger, Linn","SPX Corp","783","Krueger","555-280-8418","4498","Operations","Linn","linn.krueger@example.com"
"Ivory Coast ","CI","Nenney, Maris","Mellon Financial Corporation","543","Nenney","555-714-8759","4499","Production","Maris","maris.nenney@example.com"
"Falkland Islands","FK","Macey, Dodie","Hercules Inc.","407","Macey","555-627-3568","4500","Research and Development","Dodie","dodie.macey@example.com"
"North Korea","KP","Armalda, Merry","Dole Food Company, Inc.","265","Armalda","555-313-843","4501","Research and Development","Merry","merry.armalda@example.com"
"Romania","RO","Laud, Gibb","Providian Financial Corp.","690","Laud","555-416-3373","4502","IT Support","Gibb","gibb.laud@example.com"
"Tonga","TO","Lauber, Bryn","AdvancePCS, Inc.","18","Lauber","555-266-3964","4503","Strategy","Bryn","bryn.lauber@example.com"
"Norfolk Island","NF","Lorens, Prudy","Zions Bancorporation","946","Lorens","555-143-4190","4504","Sales","Prudy","prudy.lorens@example.com"
"Bouvet Island","BV","Goldstein, Tuckie","Ace Hardware Corporation","7","Goldstein","555-995-7744","4505","Engineering","Tuckie","tuckie.goldstein@example.com"
"Kyrgyzstan","KG","Dorsman, Tate","Unocal Corporation","873","Dorsman","555-584-2483","4506","Accounting","Tate","tate.dorsman@example.com"
"Egypt","EG","Bamford, Richardo","Popular Inc","674","Bamford","555-919-1440","4507","Customer Service","Richardo","richardo.bamford@example.com"
"Kiribati","KI","Elisee, Thomasine","Hartford Financial Services Group Inc.","399","Elisee","555-977-7130","4508","Customer Service","Thomasine","thomasine.elisee@example.com"
"Serbia","RS","Randee, Colette","Fluor Corp","341","Randee","555-374-4852","4509","IT Support","Colette","colette.randee@example.com"
"Argentina","AR","Elwee, Gerry","Premcor Inc.","680","Elwee","555-297-2633","4510","Distribution","Gerry","gerry.elwee@example.com"
"South Korea ","KR","Yazbak, Kingsley","Adobe Systems Incorporated","14","Yazbak","555-377-7062","4511","Distribution","Kingsley","kingsley.yazbak@example.com"
"Bahamas","BS","Hyacintha, Alfonso","Sequa Corp","752","Hyacintha","555-803-7439","4512","Licensing","Alfonso","alfonso.hyacintha@example.com"
"Nauru","NR","Andeee, Natal","SCI Systems Onc.","744","Andeee","555-400-1845","4513","Purchasing","Natal","natal.andeee@example.com"
"Bhutan","BT","Hill, Philippa","Deluxe Corporation","258","Hill","555-675-3055","4514","Sales","Philippa","philippa.hill@example.com"
"Solomon Islands","SB","Arbuckle, Feodor","Reebok International Ltd.","710","Arbuckle","555-759-5515","4515","Operations","Feodor","feodor.arbuckle@example.com"
"Cyprus","CY","Jablon, Dixie","Questar Corp","701","Jablon","555-147-1868","4516","Distribution","Dixie","dixie.jablon@example.com"
"North Korea","KP","Porty, Bran","Dole Food Company, Inc.","265","Porty","555-875-4467","4517","IT Support","Bran","bran.porty@example.com"
"Réunion","RE","Lipfert, Ronalda","Wyeth","936","Lipfert","555-607-6240","4518","Customer Service","Ronalda","ronalda.lipfert@example.com"
"Belgium","BE","Carrol, Mikkel","Potomac Electric Power Co.","642","Carrol","555-759-5284","4519","Insurance","Mikkel","mikkel.carrol@example.com"
"Mauritius","MU","Thera, Letta","Burlington Resources Inc.","156","Thera","555-146-3567","4520","Accounting","Letta","letta.thera@example.com"
"Heard Island and McDonald Islands","HM","Odysseus, Kit","UGI Corporation","856","Odysseus","555-934-6708","4521","Insurance","Kit","kit.odysseus@example.com"
"Ethiopia","ET","Asabi, Alonso","Kohl's Corp.","476","Asabi","555-951-4386","4522","Marketing","Alonso","alonso.asabi@example.com"
"Georgia","GE","Dietsche, Marlie","Jabil Circuit Inc.","452","Dietsche","555-175-1202","4523","Strategy","Marlie","marlie.dietsche@example.com"
"Estonia","EE","Schlenger, Stormi","Advanced Micro Devices, Inc.","17","Schlenger","555-142-128","4524","Distribution","Stormi","stormi.schlenger@example.com"
"Cook Islands","CK","Tedmund, Virgie","Darden Restaurants Inc.","250","Tedmund","555-337-1229","4525","Research and Development","Virgie","virgie.tedmund@example.com"
"Armenia","AM","Rycca, Nicolai","NiSource Inc","587","Rycca","555-748-6765","4526","Accounting","Nicolai","nicolai.rycca@example.com"
"Svalbard and Jan Mayen","SJ","Genisia, Muriel","The MONY Group Inc.","562","Genisia","555-917-7113","4527","Operations","Muriel","muriel.genisia@example.com"
"Trinidad and Tobago","TT","Kelbee, Mile","Diebold Incorporated","262","Kelbee","555-531-5227","4528","Strategy","Mile","mile.kelbee@example.com"
"Saint Lucia","LC","Garnette, Skippy","Belk, Inc.","122","Garnette","555-208-6561","4529","Customer Service","Skippy","skippy.garnette@example.com"
"Haiti","HT","Grondin, Pam","Energizer Holdings Inc.","302","Grondin","555-754-1964","4530","Production","Pam","pam.grondin@example.com"
"Dominica","DM","Orozco, Zebadiah","Cenex Harvest States Cooperatives","175","Orozco","555-539-5853","4531","Research and Development","Zebadiah","zebadiah.orozco@example.com"
"Gambia","GM","Gonta, Neils","Lowe's Companies Inc.","504","Gonta","555-423-7187","4532","Human Resources","Neils","neils.gonta@example.com"
"Moldova","MD","Haden, Genovera","Washington Mutual Inc","908","Haden","555-490-7661","4533","Investing","Genovera","genovera.haden@example.com"
"Macau","MO","Brenk, Piotr","AMR Corporation","67","Brenk","555-719-935","4534","Strategy","Piotr","piotr.brenk@example.com"
"Antigua and Barbuda","AG","Doro, Blake","Mattel Inc.","527","Doro","555-321-3189","4535","Operations","Blake","blake.doro@example.com"
"Norway","NO","Arliene, Dell","Valspar Corporation","884","Arliene","555-614-529","4536","Human Resources","Dell","dell.arliene@example.com"
"Russia","RU","Heiner, Hayes","Colgate-Palmolive Co.","205","Heiner","555-458-2326","4537","Research and Development","Hayes","hayes.heiner@example.com"
"Uzbekistan","UZ","Strawn, Elene","Exelon Corporation","314","Strawn","555-681-1526","4538","Research and Development","Elene","elene.strawn@example.com"
"Turkmenistan","TM","Grae, Kelila","Burlington Resources Inc.","156","Grae","555-566-2994","4539","Research and Development","Kelila","kelila.grae@example.com"
"Uganda","UG","Broome, Jordana","The Bank of New York Company, Inc.","109","Broome","555-970-681","4540","Marketing","Jordana","jordana.broome@example.com"
"Saint Lucia","LC","Hiller, Katalin","DST Systems, Inc.","276","Hiller","555-886-3112","4541","Operations","Katalin","katalin.hiller@example.com"
"Belarus","BY","Kylen, Helyn","Delta Air Lines Inc.","257","Kylen","555-951-7463","4542","Strategy","Helyn","helyn.kylen@example.com"
"Guam","GU","Pride, Belita","Henry Schein Inc.","406","Pride","555-427-2533","4543","Licensing","Belita","belita.pride@example.com"
"Antarctica","AQ","Hyams, Jaime","Outback Steakhouse Inc.","620","Hyams","555-138-3147","4544","Legal","Jaime","jaime.hyams@example.com"
"Nicaragua","NI","Agnesse, Bernarr","Coventry Health Care Inc.","236","Agnesse","555-902-9262","4545","Legal","Bernarr","bernarr.agnesse@example.com"
"New Caledonia","NC","Suzie, Bourke","Watsco Inc","911","Suzie","555-214-5890","4546","Investing","Bourke","bourke.suzie@example.com"
"Qatar","QA","Isleen, Harold","NVR Inc","602","Isleen","555-864-6712","4547","Marketing","Harold","harold.isleen@example.com"
"Thailand","TH","Tedra, Melonie","Regions Financial Corp.","711","Tedra","555-294-3384","4548","Human Resources","Melonie","melonie.tedra@example.com"
"Bahrain","BH","Liberati, Mada","Legg Mason Inc.","487","Liberati","555-450-8654","4549","Strategy","Mada","mada.liberati@example.com"
"Algeria","DZ","Wynny, Dalila","Georgia-Pacific Corporation","373","Wynny","555-304-2635","4550","Purchasing","Dalila","dalila.wynny@example.com"
"Denmark","DK","Therine, Dotti","Quintiles Transnational","702","Therine","555-294-4149","4551","Sales","Dotti","dotti.therine@example.com"
"Sierra Leone","SL","Koch, Craig","Zions Bancorporation","946","Koch","555-224-1147","4552","Marketing","Craig","craig.koch@example.com"
"Cyprus","CY","Lerner, Elset","Lennar Corporation","490","Lerner","555-366-6327","4553","Business Development","Elset","elset.lerner@example.com"
"Czech Republic","CZ","Sotos, Kathryne","WGL Holdings Inc","923","Sotos","555-976-3003","4554","Insurance","Kathryne","kathryne.sotos@example.com"
"Jersey","JE","Nabal, Dehlia","Union Planters Corp","859","Nabal","555-683-4940","4555","Legal","Dehlia","dehlia.nabal@example.com"
"Bahrain","BH","Adel, Tabby","USFreighways Corporation","880","Adel","555-762-7013","4556","Research and Development","Tabby","tabby.adel@example.com"
"Romania","RO","Emmott, Dorella","PPG Industries Inc","676","Emmott","555-436-1519","4557","Strategy","Dorella","dorella.emmott@example.com"
"Kazakhstan","KZ","Lindly, Robbie","National Semiconductor Corporation","575","Lindly","555-818-8618","4558","Investing","Robbie","robbie.lindly@example.com"
"Cameroon","CM","Nola, Lyda","Xcel Energy Inc","938","Nola","555-733-1623","4559","Purchasing","Lyda","lyda.nola@example.com"
"Angola","AO","Mandler, Matias","Principal Financial Group Inc.","683","Mandler","555-653-3265","4560","Purchasing","Matias","matias.mandler@example.com"
"Togo","TG","Elizabeth, Ewen","Campbell Soup Co.","162","Elizabeth","555-893-5669","4561","Customer Service","Ewen","ewen.elizabeth@example.com"
"Wallis and Futuna","WF","Obie, Nelli","Agway Inc.","26","Obie","555-124-3481","4562","Marketing","Nelli","nelli.obie@example.com"
"Montenegro","ME","Philipson, Aleece","M.D.C. Holdings Inc.","539","Philipson","555-383-6156","4563","Distribution","Aleece","aleece.philipson@example.com"
"New Caledonia","NC","Eloisa, Adriano","Allergan, Inc.","39","Eloisa","555-879-211","4564","Purchasing","Adriano","adriano.eloisa@example.com"
"United Arab Emirates","AE","Hurwit, Eward","Sports Authority Inc","781","Hurwit","555-101-4578","4565","Production","Eward","eward.hurwit@example.com"
"China","CN","Malina, Olivie","First National of Nebraska Inc.","331","Malina","555-673-8300","4566","Insurance","Olivie","olivie.malina@example.com"
"Albania","AL","Moncear, Jonah","Safeguard Scientifics Inc.","735","Moncear","555-723-9253","4567","Research and Development","Jonah","jonah.moncear@example.com"
"China","CN","Deva, Ellissa","Eastman Chemical Company","287","Deva","555-631-3425","4568","Research and Development","Ellissa","ellissa.deva@example.com"
"Heard Island and McDonald Islands","HM","Pesek, Husain","Johnson & Johnson","458","Pesek","555-385-514","4569","Accounting","Husain","husain.pesek@example.com"
"Saint Kitts and Nevis","KN","Annabella, Cammie","TruServ Corporation","849","Annabella","555-904-1656","4570","Customer Service","Cammie","cammie.annabella@example.com"
"Puerto Rico","PR","Tillman, Ker","Raytheon Company","708","Tillman","555-942-1070","4571","Production","Ker","ker.tillman@example.com"
"Saint Barthélemy","BL","Stanislaw, Sibeal","W.R. Grace & Co","899","Stanislaw","555-138-5154","4572","IT Support","Sibeal","sibeal.stanislaw@example.com"
"French Polynesia","PF","Wiseman, Harmonia","Legg Mason Inc.","487","Wiseman","555-821-3341","4573","Human Resources","Harmonia","harmonia.wiseman@example.com"
"Isle of Man","IM","Romelda, Tome","Potlatch Corp","675","Romelda","555-685-8664","4574","Purchasing","Tome","tome.romelda@example.com"
"Comoros","KM","Hanni, Elnora","Consolidated Edison Inc.","224","Hanni","555-422-2468","4575","Customer Service","Elnora","elnora.hanni@example.com"
"Peru","PE","Truitt, Lorilee","Mariner Health Care Inc.","517","Truitt","555-444-137","4576","Investing","Lorilee","lorilee.truitt@example.com"
"Antigua and Barbuda","AG","Sosthenna, Annmarie","Bemis Company, Inc.","126","Sosthenna","555-868-5626","4577","Licensing","Annmarie","annmarie.sosthenna@example.com"
"Peru","PE","Pry, Gregg","Sabre Holdings Corp","733","Pry","555-568-9548","4578","IT Support","Gregg","gregg.pry@example.com"
"Bahrain","BH","Bonilla, Jennifer","Oxford Health Plans Inc","624","Bonilla","555-208-5675","4579","Sales","Jennifer","jennifer.bonilla@example.com"
"Netherlands","NL","Helli, Patrizio","Procter & Gamble Co.","684","Helli","555-379-1925","4580","Insurance","Patrizio","patrizio.helli@example.com"
"Malawi","MW","Mattheus, Melicent","Banta Corporation","112","Mattheus","555-494-8910","4581","Strategy","Melicent","melicent.mattheus@example.com"
"Djibouti","DJ","Gasser, Aldin","Comerica Inc.","209","Gasser","555-224-8890","4582","Marketing","Aldin","aldin.gasser@example.com"
"Saint Barthélemy","BL","Petua, Casey","Waste Management Inc","910","Petua","555-759-1071","4583","Operations","Casey","casey.petua@example.com"
"Jersey","JE","Giglio, Flori","Office Depot Inc.","606","Giglio","555-404-2292","4584","Insurance","Flori","flori.giglio@example.com"
"Belgium","BE","Layton, Olva","Sears Roebuck & Co","750","Layton","555-775-555","4585","Operations","Olva","olva.layton@example.com"
"North Korea","KP","Abdella, Eamon","Metals USA Inc.","549","Abdella","555-127-5309","4586","Accounting","Eamon","eamon.abdella@example.com"
"Aruba","AW","Loma, Yuma","Airborne, Inc.","29","Loma","555-345-7756","4587","Insurance","Yuma","yuma.loma@example.com"
"Anguilla","AI","Thorlie, Alan","Georgia-Pacific Corporation","373","Thorlie","555-115-2500","4588","Operations","Alan","alan.thorlie@example.com"
"Nicaragua","NI","Armbrecht, Elwyn","Gannett Co., Inc.","355","Armbrecht","555-955-2781","4589","Human Resources","Elwyn","elwyn.armbrecht@example.com"
"Martinique","MQ","Porte, Skye","Toys 'R' Us Inc","840","Porte","555-729-2811","4590","Research and Development","Skye","skye.porte@example.com"
"Antarctica","AQ","Vincents, Jess","GenCorp Inc.","360","Vincents","555-391-9780","4591","Strategy","Jess","jess.vincents@example.com"
"Thailand","TH","Kahaleel, Roselin","LandAmerica Financial Group Inc.","482","Kahaleel","555-404-4326","4592","Distribution","Roselin","roselin.kahaleel@example.com"
"Czech Republic","CZ","Evangelin, Rip","Applied Materials, Inc.","82","Evangelin","555-748-8051","4593","Strategy","Rip","rip.evangelin@example.com"
"Pitcairn Islands","PN","Domenech, Eyde","TMP Worldwide Inc","835","Domenech","555-719-8348","4594","Purchasing","Eyde","eyde.domenech@example.com"
"Guyana","GY","McComb, Denice","Worthington Industries Inc","934","McComb","555-763-6447","4595","Operations","Denice","denice.mccomb@example.com"
"Angola","AO","Neala, Goddard","Harley-Davidson Inc.","394","Neala","555-191-4767","4596","Marketing","Goddard","goddard.neala@example.com"
"Spain","ES","Gizela, Eustace","Crane Co.","238","Gizela","555-664-3059","4597","Marketing","Eustace","eustace.gizela@example.com"
"India","IN","Weld, Velvet","FleetBoston Financial Co.","336","Weld","555-396-4407","4598","Production","Velvet","velvet.weld@example.com"
"Ivory Coast ","CI","Halvaard, Pauli","Wachovia Corporation","901","Halvaard","555-930-5984","4599","Production","Pauli","pauli.halvaard@example.com"
"Gambia","GM","Porty, Tessi","Worthington Industries Inc","934","Porty","555-862-2057","4600","Insurance","Tessi","tessi.porty@example.com"
"Jordan","JO","Pascia, Carlotta","Marriott International Inc.","519","Pascia","555-905-8610","4601","Marketing","Carlotta","carlotta.pascia@example.com"
"Tonga","TO","Karla, Roderic","Worthington Industries Inc","934","Karla","555-473-3473","4602","Operations","Roderic","roderic.karla@example.com"
"Kyrgyzstan","KG","Orfield, Filmore","Level 3 Communications Inc.","492","Orfield","555-480-4615","4603","Licensing","Filmore","filmore.orfield@example.com"
"Tokelau","TK","Rawdon, Thorstein","CKE Restaurants Inc.","197","Rawdon","555-326-5890","4604","Distribution","Thorstein","thorstein.rawdon@example.com"
"Bahrain","BH","Petes, Tabor","Foot Locker Inc","344","Petes","555-845-8535","4605","IT Support","Tabor","tabor.petes@example.com"
"Japan","JP","Jovita, Brigid","Kellogg Company","462","Jovita","555-447-6294","4606","Legal","Brigid","brigid.jovita@example.com"
"United States Minor Outlying Islands","UM","Bohrer, Rutledge","USA Interactive","879","Bohrer","555-750-1791","4607","Insurance","Rutledge","rutledge.bohrer@example.com"
"Cyprus","CY","Kneeland, Kirbie","SPX Corp","783","Kneeland","555-636-1152","4608","Engineering","Kirbie","kirbie.kneeland@example.com"
"New Zealand","NZ","Sadye, Fredric","ChevronTexaco Corp.","185","Sadye","555-644-2020","4609","Investing","Fredric","fredric.sadye@example.com"
"Norway","NO","Rolo, Muriel","Dun & Bradstreet Inc.","280","Rolo","555-383-8015","4610","Legal","Muriel","muriel.rolo@example.com"
"Isle of Man","IM","Yuk, Bordie","Lithia Motors Inc.","498","Yuk","555-829-2531","4611","Business Development","Bordie","bordie.yuk@example.com"
"Åland Islands","AX","Atal, Betta","CMGI Inc.","200","Atal","555-450-7388","4612","Engineering","Betta","betta.atal@example.com"
"Bhutan","BT","Kennard, Jamil","CellStar Corp.","173","Kennard","555-799-5925","4613","IT Support","Jamil","jamil.kennard@example.com"
"East Timor","TL","Goldman, Karita","York International Corp","943","Goldman","555-628-5516","4614","Investing","Karita","karita.goldman@example.com"
"Togo","TG","Hanfurd, Derward","Dana Corporation","248","Hanfurd","555-487-9341","4615","Purchasing","Derward","derward.hanfurd@example.com"
"Morocco","MA","Grearson, Leontine","Werner Enterprises Inc","917","Grearson","555-606-2578","4616","Strategy","Leontine","leontine.grearson@example.com"
"Sint Maarten","SX","Strage, Stephani","The Bear Stearns Companies Inc.","117","Strage","555-396-5299","4617","Accounting","Stephani","stephani.strage@example.com"
"Turkmenistan","TM","Vevina, Kendra","Sonoco Products Co.","772","Vevina","555-214-905","4618","Human Resources","Kendra","kendra.vevina@example.com"
"Canada","CA","Ginger, Gerard","Cardinal Health Inc.","164","Ginger","555-614-9970","4619","Marketing","Gerard","gerard.ginger@example.com"
"Honduras","HN","Paff, Merline","Ashland Inc.","91","Paff","555-847-2377","4620","Research and Development","Merline","merline.paff@example.com"
"Vietnam","VN","Ezarra, Denny","Wm Wrigley Jr Company","931","Ezarra","555-565-5456","4621","Research and Development","Denny","denny.ezarra@example.com"
"South Africa","ZA","Pittman, Licha","The Neiman Marcus Group Inc.","579","Pittman","555-971-3956","4622","Marketing","Licha","licha.pittman@example.com"
"Kuwait","KW","Salinas, Hillery","Storage Technology Corporation","800","Salinas","555-708-9420","4623","Distribution","Hillery","hillery.salinas@example.com"
"Qatar","QA","Dremann, Ellary","Southern Union Company","774","Dremann","555-931-777","4624","Engineering","Ellary","ellary.dremann@example.com"
"Nigeria","NE","Jaala, Afton","Spartan Stores Inc","779","Jaala","555-138-4677","4625","Sales","Afton","afton.jaala@example.com"
"South Sudan","SS","Mendoza, Natalee","National Semiconductor Corporation","575","Mendoza","555-723-7481","4626","Purchasing","Natalee","natalee.mendoza@example.com"
"El Salvador","SV","Ultann, Charis","KeySpan Corp.","469","Ultann","555-457-1354","4627","Distribution","Charis","charis.ultann@example.com"
"New Zealand","NZ","Chrisy, Edna","Peter Kiewit Sons', Inc.","651","Chrisy","555-983-6164","4628","Legal","Edna","edna.chrisy@example.com"
"Tanzania","TZ","Pru, Tricia","Fairchild Semiconductor International Inc.","319","Pru","555-922-3534","4629","Legal","Tricia","tricia.pru@example.com"
"Faroe Islands","FO","Drud, Gabriel","Amgen Inc.","65","Drud","555-764-2237","4630","Business Development","Gabriel","gabriel.drud@example.com"
"Djibouti","DJ","Edholm, Elmira","Teleflex Incorporated","818","Edholm","555-239-8552","4631","Investing","Elmira","elmira.edholm@example.com"
"Equatorial Guinea","GQ","Libenson, Malinde","Primedia Inc","682","Libenson","555-153-2534","4632","Engineering","Malinde","malinde.libenson@example.com"
"Russia","RU","Whiffen, Charity","Barnes & Noble, Inc.","113","Whiffen","555-532-1301","4633","IT Support","Charity","charity.whiffen@example.com"
"San Marino","SM","Elvis, Inigo","Sysco Corp","811","Elvis","555-768-1370","4634","Business Development","Inigo","inigo.elvis@example.com"
"Niue","NU","Amalie, Sioux","Murphy Oil Corporation","566","Amalie","555-647-310","4635","Marketing","Sioux","sioux.amalie@example.com"
"French Southern and Antarctic Lands","TF","Dhumma, Chet","Tenet Healthcare Corporation","822","Dhumma","555-825-6714","4636","Engineering","Chet","chet.dhumma@example.com"
"Gibraltar","GI","Ange, Sandy","Honeywell International Inc.","417","Ange","555-774-9897","4637","Customer Service","Sandy","sandy.ange@example.com"
"Saint Martin","MF","Mattias, Binni","Alleghany Corporation","36","Mattias","555-710-1845","4638","Purchasing","Binni","binni.mattias@example.com"
"Uganda","UG","Wileen, Corabel","Starwood Hotels & Resorts Worldwide Inc","792","Wileen","555-220-2578","4639","Purchasing","Corabel","corabel.wileen@example.com"
"Vanuatu","VU","Elliott, Rafaela","Ryder System Inc","730","Elliott","555-708-8265","4640","Strategy","Rafaela","rafaela.elliott@example.com"
"Cayman Islands Cayman Islands","KY","Giuliana, Guglielma","MeadWestvaco Corporation","541","Giuliana","555-560-1214","4641","Marketing","Guglielma","guglielma.giuliana@example.com"
"Malawi","MW","Cid, Jillene","TRW Inc","850","Cid","555-808-807","4642","Customer Service","Jillene","jillene.cid@example.com"
"Sudan Sudan","SD","Tizes, Byrom","TRW Inc","850","Tizes","555-133-505","4643","Business Development","Byrom","byrom.tizes@example.com"
"Northern Mariana Islands","MP","Mercado, Abrahan","American Power Conversion Corporation","49","Mercado","555-467-8146","4644","Purchasing","Abrahan","abrahan.mercado@example.com"
"Serbia","RS","Bohon, Ninon","Applied Materials, Inc.","82","Bohon","555-867-3354","4645","Engineering","Ninon","ninon.bohon@example.com"
"Colombia","CO","Lynch, Amery","United Auto Group Inc","862","Lynch","555-315-5879","4646","IT Support","Amery","amery.lynch@example.com"
"Guyana","GY","Deragon, Philip","TruServ Corporation","849","Deragon","555-159-9097","4647","Production","Philip","philip.deragon@example.com"
"Bolivia","BO","Tierza, Farleigh","Pep Boys Manny, Moe & Jack","641","Tierza","555-366-2082","4648","Accounting","Farleigh","farleigh.tierza@example.com"
"Faroe Islands","FO","Pollux, Ricky","Alleghany Corporation","36","Pollux","555-794-8347","4649","Research and Development","Ricky","ricky.pollux@example.com"
"Cambodia","KH","Nelia, Alvina","Boise Cascade Corporation","139","Nelia","555-741-2209","4650","Business Development","Alvina","alvina.nelia@example.com"
"Paraguay","PY","Loftis, Timmy","Beazer Homes USA, Inc.","118","Loftis","555-301-7199","4651","IT Support","Timmy","timmy.loftis@example.com"
"Ukraine","UA","Brandice, Gray","TravelCenters of America Inc.","844","Brandice","555-499-7737","4652","Research and Development","Gray","gray.brandice@example.com"
"Northern Mariana Islands","MP","Pascal, Blythe","Boston Scientific Corporation","142","Pascal","555-542-7129","4653","Purchasing","Blythe","blythe.pascal@example.com"
"Russia","RU","Silvain, Nedda","Pilgrim's Pride Corporation","663","Silvain","555-913-2688","4654","Distribution","Nedda","nedda.silvain@example.com"
"State of Palestine","PS","Sammer, Bertram","Advance Auto Parts, Inc.","16","Sammer","555-904-6034","4655","Insurance","Bertram","bertram.sammer@example.com"
"Costa Rica","CR","Henry, Rozalin","Occidental Petroleum Corp","604","Henry","555-229-3178","4656","IT Support","Rozalin","rozalin.henry@example.com"
"Libya","LY","Gove, Archibald","Black Hills Corporation","136","Gove","555-773-4792","4657","Distribution","Archibald","archibald.gove@example.com"
"Spain","ES","Longawa, Enrica","Navistar International Corporation","577","Longawa","555-555-7227","4658","Investing","Enrica","enrica.longawa@example.com"
"Pakistan","PK","Dwan, Jackquelin","DaVita Inc.","251","Dwan","555-507-3005","4659","Human Resources","Jackquelin","jackquelin.dwan@example.com"
"Mexico","MX","Eshelman, Cristi","The Bear Stearns Companies Inc.","117","Eshelman","555-599-1253","4660","Engineering","Cristi","cristi.eshelman@example.com"
"Tokelau","TK","Gonzales, Trude","Wachovia Corporation","901","Gonzales","555-980-5629","4661","Research and Development","Trude","trude.gonzales@example.com"
"Saint Barthélemy","BL","Tigges, ErvIn","Delta Air Lines Inc.","257","Tigges","555-147-3379","4662","Distribution","ErvIn","ervin.tigges@example.com"
"Thailand","TH","Burne, Eric","International Business Machines Corp.","442","Burne","555-279-1455","4663","Marketing","Eric","eric.burne@example.com"
"Dominican Republic","DO","Price, Riley","SLM Corporation","764","Price","555-988-8063","4664","Purchasing","Riley","riley.price@example.com"
"Jersey","JE","Juno, Costanza","Costco Wholesale Corp.","234","Juno","555-822-5470","4665","Licensing","Costanza","costanza.juno@example.com"
"Burkina Faso","BF","Troyes, Caldwell","Progress Energy Inc","686","Troyes","555-688-8078","4666","IT Support","Caldwell","caldwell.troyes@example.com"
"Armenia","AM","Cara, Andreas","Avaya Inc.","101","Cara","555-410-8741","4667","Customer Service","Andreas","andreas.cara@example.com"
"Grenada","GD","Diannne, Hedwiga","Becton, Dickinson and Company","120","Diannne","555-292-1520","4668","Legal","Hedwiga","hedwiga.diannne@example.com"
"Iraq","IQ","Burke, Ilene","Healthsouth Corp","405","Burke","555-445-5044","4669","Legal","Ilene","ilene.burke@example.com"
"Egypt","EG","Andrade, Amber","AmSouth Bancorp.","68","Andrade","555-750-2808","4670","Licensing","Amber","amber.andrade@example.com"
"Turks and Caicos Islands","TC","Beasley, Nikita","H.B. Fuller Company","391","Beasley","555-257-1073","4671","Business Development","Nikita","nikita.beasley@example.com"
"Morocco","MA","Lunette, Antonia","Ciena Corp.","188","Lunette","555-255-4448","4672","Investing","Antonia","antonia.lunette@example.com"
"Chile","CL","Nerissa, Shirlene","Manpower Inc.","515","Nerissa","555-106-2377","4673","Production","Shirlene","shirlene.nerissa@example.com"
"East Timor","TL","Dion, Hercule","Foamex International Inc","343","Dion","555-572-6931","4674","Legal","Hercule","hercule.dion@example.com"
"British Virgin Islands","VG","Querida, Arlana","Bank One Corporation","110","Querida","555-360-4014","4675","Business Development","Arlana","arlana.querida@example.com"
"Chile","CL","Amelina, Odelinda","ServiceMaster Co","754","Amelina","555-358-501","4676","Research and Development","Odelinda","odelinda.amelina@example.com"
"Thailand","TH","Joris, Garvey","PeopleSoft Inc","640","Joris","555-160-1870","4677","IT Support","Garvey","garvey.joris@example.com"
"Afghanistan","AF","Jesher, Myer","Ryder System Inc","730","Jesher","555-224-3632","4678","Operations","Myer","myer.jesher@example.com"
"French Southern and Antarctic Lands","TF","Walton, Marion","Yellow Corporation","942","Walton","555-227-4714","4679","Purchasing","Marion","marion.walton@example.com"
"Norfolk Island","NF","Clarisse, Esteban","Xilinx Inc","940","Clarisse","555-796-4293","4680","Legal","Esteban","esteban.clarisse@example.com"
"Bolivia","BO","Kilan, Delia","Allied Waste Industries, Inc.","42","Kilan","555-925-9920","4681","Business Development","Delia","delia.kilan@example.com"
"Slovakia","SK","Jacquelyn, Rubi","Harris Corp.","397","Jacquelyn","555-445-465","4682","Distribution","Rubi","rubi.jacquelyn@example.com"
"Wallis and Futuna","WF","Cosme, Yettie","Phar Mor Inc.","656","Cosme","555-769-879","4683","Production","Yettie","yettie.cosme@example.com"
"Saint Barthélemy","BL","Hurty, Kristen","PPG Industries Inc","676","Hurty","555-401-6425","4684","Licensing","Kristen","kristen.hurty@example.com"
"Estonia","EE","Joachima, Les","EMC Corporation","298","Joachima","555-951-752","4685","Purchasing","Les","les.joachima@example.com"
"Belize","BZ","Gayler, Stanislaw","Dillard's Inc.","263","Gayler","555-468-5763","4686","Accounting","Stanislaw","stanislaw.gayler@example.com"
"Armenia","AM","Bohannon, Gradey","Scholastic Corp","743","Bohannon","555-494-8266","4687","Operations","Gradey","gradey.bohannon@example.com"
"Djibouti","DJ","Aggarwal, Ralina","PeopleSoft Inc","640","Aggarwal","555-129-893","4688","Legal","Ralina","ralina.aggarwal@example.com"
"Kiribati","KI","Brittani, Annabell","AMC Entertainment Inc.","48","Brittani","555-154-2553","4689","Strategy","Annabell","annabell.brittani@example.com"
"Netherlands","NL","Yvonne, Charlton","Capital One Financial Corp.","163","Yvonne","555-359-2704","4690","Accounting","Charlton","charlton.yvonne@example.com"
"Grenada","GD","Fregger, Brockie","AMC Entertainment Inc.","48","Fregger","555-702-7272","4691","Strategy","Brockie","brockie.fregger@example.com"
"Slovenia","SI","Giovanni, Melanie","John Hancock Financial Services Inc.","457","Giovanni","555-680-8530","4692","Investing","Melanie","melanie.giovanni@example.com"
"Spain","ES","Oralee, Annalise","CNF Inc.","202","Oralee","555-748-5262","4693","Insurance","Annalise","annalise.oralee@example.com"
"Saint Vincent and the Grenadines","VC","Goodson, Wendeline","General Electric Company","363","Goodson","555-467-7886","4694","Legal","Wendeline","wendeline.goodson@example.com"
"Faroe Islands","FO","Bayard, Liam","Williams Companies Inc","927","Bayard","555-264-9340","4695","Strategy","Liam","liam.bayard@example.com"
"Bosnia and Herzegovina","BA","Cheatham, Teodoro","Conectiv, Inc","220","Cheatham","555-938-9835","4696","Engineering","Teodoro","teodoro.cheatham@example.com"
"Jordan","JO","Kissner, Ethelred","Northeast Utilities System","593","Kissner","555-448-506","4697","Legal","Ethelred","ethelred.kissner@example.com"
"Aruba","AW","Merrick, Silvano","Convergys Corp.","228","Merrick","555-322-2190","4698","Purchasing","Silvano","silvano.merrick@example.com"
"Libya","LY","Callan, Lyndel","American Express Company","57","Callan","555-310-8004","4699","Engineering","Lyndel","lyndel.callan@example.com"
"Pitcairn Islands","PN","Geis, Salaidh","Gillette Company","374","Geis","555-144-3497","4700","Distribution","Salaidh","salaidh.geis@example.com"
"Cyprus","CY","Crofton, Isak","Jefferson-Pilot Co.","456","Crofton","555-771-767","4701","Sales","Isak","isak.crofton@example.com"
"British Indian Ocean Territory","IO","Bonnette, Reggi","Federal Express Corp.","324","Bonnette","555-791-9955","4702","Accounting","Reggi","reggi.bonnette@example.com"
"French Guiana","GF","Hyacintha, Dell","Jones Apparel Group Inc.","460","Hyacintha","555-524-4112","4703","Customer Service","Dell","dell.hyacintha@example.com"
"Japan","JP","Sherry, Maurice","Delta Air Lines Inc.","257","Sherry","555-801-8594","4704","Sales","Maurice","maurice.sherry@example.com"
"Sri Lanka","LK","Jedidiah, Adrianna","Georgia Gulf Corporation","372","Jedidiah","555-659-2082","4705","Insurance","Adrianna","adrianna.jedidiah@example.com"
"Tokelau","TK","Parrish, Ikey","OfficeMax Inc","607","Parrish","555-881-820","4706","Distribution","Ikey","ikey.parrish@example.com"
"Guinea-Bissau","GW","Hadwin, Agnola","Exide Technologies","315","Hadwin","555-793-9689","4707","Accounting","Agnola","agnola.hadwin@example.com"
"French Polynesia","PF","Moscow, Christabella","Broadwing, Inc.","148","Moscow","555-874-6906","4708","Distribution","Christabella","christabella.moscow@example.com"
"Trinidad and Tobago","TT","Alithea, Ganny","Terex Corp","825","Alithea","555-982-6990","4709","Business Development","Ganny","ganny.alithea@example.com"
"Micronesia","FM","Simons, Porter","Volt Information Sciences Inc","896","Simons","555-471-8233","4710","Engineering","Porter","porter.simons@example.com"
"Laos","LA","Naamann, Thalia","Tenneco Automotive Inc.","823","Naamann","555-392-6713","4711","Insurance","Thalia","thalia.naamann@example.com"
"Macau","MO","Avera, Gail","Owens & Minor Inc.","621","Avera","555-502-3298","4712","Production","Gail","gail.avera@example.com"
"Turks and Caicos Islands","TC","Lunette, Ruddy","Phelps Dodge Corp.","657","Lunette","555-773-6187","4713","Purchasing","Ruddy","ruddy.lunette@example.com"
"El Salvador","SV","Heda, Mathew","Bethlehem Steel Corporation","130","Heda","555-996-2707","4714","Legal","Mathew","mathew.heda@example.com"
"Montenegro","ME","Saire, Pepi","Wendy's International Inc","916","Saire","555-511-1598","4715","Marketing","Pepi","pepi.saire@example.com"
"Cyprus","CY","Vahe, Garvy","Publix Super Markets Inc.","694","Vahe","555-193-8013","4716","Sales","Garvy","garvy.vahe@example.com"
"Gabon","GA","Lola, Beckie","Kelly Services Inc.","464","Lola","555-511-9640","4717","Investing","Beckie","beckie.lola@example.com"
"Ghana","GH","Cyprian, Maurie","Public Service Enterprise Group Inc.","693","Cyprian","555-563-581","4718","Legal","Maurie","maurie.cyprian@example.com"
"Slovakia","SK","Lindbom, Toinette","Allmerica Financial Corporation","43","Lindbom","555-816-4560","4719","Operations","Toinette","toinette.lindbom@example.com"
"Georgia","GE","Rowe, Ofilia","Farmland Industries Inc.","321","Rowe","555-496-1601","4720","Insurance","Ofilia","ofilia.rowe@example.com"
"Cook Islands","CK","Ganiats, Rawley","Triad Hospitals Inc","845","Ganiats","555-845-6419","4721","Engineering","Rawley","rawley.ganiats@example.com"
"Tunisia","TN","Pearlstein, Agretha","Volt Information Sciences Inc","896","Pearlstein","555-542-6916","4722","Marketing","Agretha","agretha.pearlstein@example.com"
"Senegal","SN","Theodor, Marget","Penn Traffic Co.","636","Theodor","555-146-2097","4723","Human Resources","Marget","marget.theodor@example.com"
"Central African Republic","CF","Cletus, Pavia","Ingram Micro Inc.","435","Cletus","555-593-1914","4724","Marketing","Pavia","pavia.cletus@example.com"
"Saint Vincent and the Grenadines","VC","Tybie, Pace","Leggett & Platt Inc.","488","Tybie","555-413-4630","4725","IT Support","Pace","pace.tybie@example.com"
"Gibraltar","GI","Ducan, Nadya","Southern Union Company","774","Ducan","555-150-6548","4726","Business Development","Nadya","nadya.ducan@example.com"
"Mauritius","MU","Valenta, Arielle","Leggett & Platt Inc.","488","Valenta","555-784-1875","4727","Purchasing","Arielle","arielle.valenta@example.com"
"Iran","IR","Iggie, Constantine","CDW Computer Centers Inc.","172","Iggie","555-584-4245","4728","Purchasing","Constantine","constantine.iggie@example.com"
"Senegal","SN","LaMonica, Rudiger","Cenex Harvest States Cooperatives","175","LaMonica","555-975-2160","4729","Customer Service","Rudiger","rudiger.lamonica@example.com"
"Albania","AL","Aldas, Lonna","Trigon Healthcare Inc.","847","Aldas","555-741-4145","4730","Legal","Lonna","lonna.aldas@example.com"
"Sweden","SE","Trakas, Sigismondo","Weyerhauser Company","922","Trakas","555-306-8691","4731","Engineering","Sigismondo","sigismondo.trakas@example.com"
"Heard Island and McDonald Islands","HM","Philbo, Sandra","American Water Works Company, Inc.","62","Philbo","555-645-8597","4732","Licensing","Sandra","sandra.philbo@example.com"
"Portugal","PT","Bellanca, Russell","America West Holdings Corporation","53","Bellanca","555-449-64","4733","Insurance","Russell","russell.bellanca@example.com"
"Belarus","BY","Freud, Cosimo","Texas Instruments Incorporated","828","Freud","555-207-8111","4734","Research and Development","Cosimo","cosimo.freud@example.com"
"Finland","FI","Stacee, Nydia","Stein Mart Inc","796","Stacee","555-355-2091","4735","Marketing","Nydia","nydia.stacee@example.com"
"Vanuatu","VU","Findlay, Frazier","LandAmerica Financial Group Inc.","482","Findlay","555-598-7964","4736","Purchasing","Frazier","frazier.findlay@example.com"
"Gibraltar","GI","Rudiger, Lucie","Harman International Industries Inc.","395","Rudiger","555-683-5539","4737","Accounting","Lucie","lucie.rudiger@example.com"
"Andorra","AD","Phedra, Nicolea","The LTV Corporation","506","Phedra","555-209-8885","4738","Human Resources","Nicolea","nicolea.phedra@example.com"
"Poland","PL","Orel, Willabella","Enron Corp.","305","Orel","555-300-4943","4739","Human Resources","Willabella","willabella.orel@example.com"
"Guinea","GN","Joy, Merle","Western Digital Inc","919","Joy","555-856-4287","4740","Operations","Merle","merle.joy@example.com"
"Belgium","BE","Gianna, Andriana","Ace Hardware Corporation","7","Gianna","555-116-4188","4741","Human Resources","Andriana","andriana.gianna@example.com"
"Mozambique","MZ","Anjali, Lilias","Wendy's International Inc","916","Anjali","555-189-8215","4742","Marketing","Lilias","lilias.anjali@example.com"
"Bonaire, Saint Eustatius and Saba","BQ","Krall, Sergeant","Fidelity National Financial Inc.","327","Krall","555-900-7331","4743","Research and Development","Sergeant","sergeant.krall@example.com"
"Yemen","YE","Bertrand, Clarance","US Airways Group Inc","877","Bertrand","555-125-5283","4744","Licensing","Clarance","clarance.bertrand@example.com"
"Libya","LY","DeeAnn, Pennie","Plains All American Pipeline LP","668","DeeAnn","555-582-6482","4745","Licensing","Pennie","pennie.deeann@example.com"
"Dominica","DM","Marga, Ernaline","Bed Bath & Beyond Inc.","121","Marga","555-410-7912","4746","Operations","Ernaline","ernaline.marga@example.com"
"Dominican Republic","DO","Derman, Vevay","Kimberly-Clark Corporation","471","Derman","555-114-3412","4747","Investing","Vevay","vevay.derman@example.com"
"Wallis and Futuna","WF","Roselane, Shaun","BJ Services Company","133","Roselane","555-146-8422","4748","Sales","Shaun","shaun.roselane@example.com"
"New Zealand","NZ","Thornton, Hana","Dow Jones & Company, Inc.","272","Thornton","555-706-5316","4749","Production","Hana","hana.thornton@example.com"
"Bhutan","BT","Samuela, Jaime","Brinker International, Inc.","146","Samuela","555-914-2852","4750","Engineering","Jaime","jaime.samuela@example.com"
"Sint Maarten","SX","Alenson, Antoinette","Viad Corp","892","Alenson","555-928-9627","4751","Investing","Antoinette","antoinette.alenson@example.com"
"Tuvalu","TV","Janerich, Ricky","GATX Corporation","358","Janerich","555-717-9898","4752","Legal","Ricky","ricky.janerich@example.com"
"South Sudan","SS","Odilia, Trina","Oracle Corp","618","Odilia","555-113-5185","4753","Research and Development","Trina","trina.odilia@example.com"
"Ecuador","EC","Linell, Dorey","Popular Inc","674","Linell","555-514-5388","4754","Purchasing","Dorey","dorey.linell@example.com"
"Western Sahara","EH","Tamar, Mamie","Granite Construction Incorporated","381","Tamar","555-900-3417","4755","Distribution","Mamie","mamie.tamar@example.com"
"United Arab Emirates","AE","Tamis, Starlin","Health Management Associates Inc.","403","Tamis","555-844-6817","4756","Customer Service","Starlin","starlin.tamis@example.com"
"State of Palestine","PS","Carlie, Fabien","Cummins Inc.","243","Carlie","555-616-9061","4757","IT Support","Fabien","fabien.carlie@example.com"
"Netherlands","NL","Megen, Stephanus","Progressive Corporation","687","Megen","555-281-538","4758","Engineering","Stephanus","stephanus.megen@example.com"
"Guatemala","GT","Arlina, Bryant","Cigna Corp","189","Arlina","555-166-1449","4759","Marketing","Bryant","bryant.arlina@example.com"
"Tuvalu","TV","Wellesley, Ameline","OGE Energy Corp","608","Wellesley","555-131-6666","4760","IT Support","Ameline","ameline.wellesley@example.com"
"North Korea","KP","Sisak, Dillie","Metaldyne Corporation","548","Sisak","555-211-8732","4761","Legal","Dillie","dillie.sisak@example.com"
"Bouvet Island","BV","Garfield, Dionisio","Marshall & Ilsley Corporation","522","Garfield","555-654-3625","4762","Production","Dionisio","dionisio.garfield@example.com"
"Åland Islands","AX","Rolf, Broderick","Comerica Inc.","209","Rolf","555-186-8899","4763","IT Support","Broderick","broderick.rolf@example.com"
"Jamaica","JM","Estel, Almeria","Carlisle Cos. Inc.","166","Estel","555-840-1378","4764","Licensing","Almeria","almeria.estel@example.com"
"Kyrgyzstan","KG","Courtund, Rozalie","Hilton Hotels Corp.","413","Courtund","555-978-56","4765","Insurance","Rozalie","rozalie.courtund@example.com"
"Norway","NO","Haddad, Legra","Encompass Services Corporation","301","Haddad","555-963-4438","4766","Investing","Legra","legra.haddad@example.com"
"Sudan Sudan","SD","Neille, Farrah","Lincoln National Corporation","496","Neille","555-756-324","4767","Production","Farrah","farrah.neille@example.com"
"Bermuda","BM","Patrizia, Aurelie","Wendy's International Inc","916","Patrizia","555-147-7243","4768","Distribution","Aurelie","aurelie.patrizia@example.com"
"Macedonia","MK","Zorah, Eliot","Intuit Inc.","445","Zorah","555-159-443","4769","Business Development","Eliot","eliot.zorah@example.com"
"Isle of Man","IM","Orelle, Elysha","Western Digital Inc","919","Orelle","555-757-8631","4770","Purchasing","Elysha","elysha.orelle@example.com"
"Pitcairn Islands","PN","Grim, Fionna","TruServ Corporation","849","Grim","555-565-1632","4771","Investing","Fionna","fionna.grim@example.com"
"Saint Helena, Ascension and Tristan da Cunha","SH","Miki, Karyn","Northrop Grumman Corporation","595","Miki","555-695-3208","4772","Distribution","Karyn","karyn.miki@example.com"
"Thailand","TH","Korwin, Gordan","Spherion Corp","780","Korwin","555-900-8847","4773","Sales","Gordan","gordan.korwin@example.com"
"Switzerland","CH","Osher, Grace","Hartford Financial Services Group Inc.","399","Osher","555-833-5202","4774","Accounting","Grace","grace.osher@example.com"
"Australia","AU","Christensen, Ashlee","Boston Scientific Corporation","142","Christensen","555-976-9593","4775","Accounting","Ashlee","ashlee.christensen@example.com"
"Saint Barthélemy","BL","Norty, Bartholemy","Burlington Northern Santa Fe Corporation","155","Norty","555-135-3068","4776","IT Support","Bartholemy","bartholemy.norty@example.com"
"Dominican Republic","DO","Jehius, Nap","ACT Manufacturing Inc.","8","Jehius","555-195-7163","4777","Insurance","Nap","nap.jehius@example.com"
"Argentina","AR","Gwendolen, Gill","Genuity Inc.","370","Gwendolen","555-586-9376","4778","Marketing","Gill","gill.gwendolen@example.com"
"Madagascar","MG","Eagle, Rochelle","The Bear Stearns Companies Inc.","117","Eagle","555-193-2033","4779","Insurance","Rochelle","rochelle.eagle@example.com"
"Kenya","KE","Queen, Mercedes","Agilent Technologies, Inc.","25","Queen","555-906-3905","4780","Licensing","Mercedes","mercedes.queen@example.com"
"Jordan","JO","Og, Maurice","CBRL Group Inc.","170","Og","555-221-534","4781","Purchasing","Maurice","maurice.og@example.com"
"Kuwait","KW","Downall, Basia","Comdisco Inc.","208","Downall","555-397-770","4782","Investing","Basia","basia.downall@example.com"
"China","CN","Jae, Jasun","Wisconsin Energy Corporation","930","Jae","555-891-5738","4783","Insurance","Jasun","jasun.jae@example.com"
"Hungary","HU","Timofei, Lisle","Airborne, Inc.","29","Timofei","555-432-3737","4784","Insurance","Lisle","lisle.timofei@example.com"
"New Zealand","NZ","Denny, Estevan","Weatherford International Inc","912","Denny","555-506-1012","4785","Purchasing","Estevan","estevan.denny@example.com"
"Papua New Guinea","PG","Guise, Alie","IMC Global Inc.","431","Guise","555-386-4501","4786","Accounting","Alie","alie.guise@example.com"
"Jordan","JO","Trescha, Weston","Newmont Mining Corporation","583","Trescha","555-136-2174","4787","Operations","Weston","weston.trescha@example.com"
"Micronesia","FM","Killoran, Darrin","Integrated Electrical Services Inc.","437","Killoran","555-223-1421","4788","Purchasing","Darrin","darrin.killoran@example.com"
"Oman","OM","Clarkson, Grover","The Black & Decker Corporation","135","Clarkson","555-397-7267","4789","Operations","Grover","grover.clarkson@example.com"
"Namibia","NA","Hernando, Baxie","Charter Communications Inc.","183","Hernando","555-355-8728","4790","Marketing","Baxie","baxie.hernando@example.com"
"Vietnam","VN","Lenora, Andre","J.C. Penny Co.","450","Lenora","555-176-7578","4791","Investing","Andre","andre.lenora@example.com"
"Christmas Island","CX","Mallis, Morrie","Graybar Electric Company Inc.","382","Mallis","555-624-4660","4792","Business Development","Morrie","morrie.mallis@example.com"
"Gibraltar","GI","Zilvia, Bessy","Publix Super Markets Inc.","694","Zilvia","555-155-8708","4793","Business Development","Bessy","bessy.zilvia@example.com"
"Germany","DE","Rivi, Cele","Dow Jones & Company, Inc.","272","Rivi","555-918-6985","4794","Human Resources","Cele","cele.rivi@example.com"
"Myanmar","MM","Boland, Anderea","Berkshire Hathaway Inc.","128","Boland","555-190-6977","4795","Accounting","Anderea","anderea.boland@example.com"
"Kiribati","KI","Pownall, Alfi","Peter Kiewit Sons', Inc.","651","Pownall","555-543-2947","4796","Customer Service","Alfi","alfi.pownall@example.com"
"Nigeria","NE","McLeod, Monika","Terex Corp","825","McLeod","555-569-4169","4797","Purchasing","Monika","monika.mcleod@example.com"
"Kiribati","KI","Belsky, Chelsy","Pitney Bowes Inc.","666","Belsky","555-915-7568","4798","Research and Development","Chelsy","chelsy.belsky@example.com"
"Mali","ML","Shaylyn, Bekki","Hershey Foods Corp.","409","Shaylyn","555-659-5866","4799","Insurance","Bekki","bekki.shaylyn@example.com"
"Greenland","GL","Thorlie, Hersch","URS Corporation","876","Thorlie","555-946-7681","4800","Investing","Hersch","hersch.thorlie@example.com"
"Kuwait","KW","Ruhl, Deeann","United Parcel Service Inc","864","Ruhl","555-612-7897","4801","IT Support","Deeann","deeann.ruhl@example.com"
"Seychelles","SC","Varney, Jilly","Jabil Circuit Inc.","452","Varney","555-402-6797","4802","Insurance","Jilly","jilly.varney@example.com"
"Vatican City","VA","Porty, Maureene","Genzyme Corporation","371","Porty","555-622-7757","4803","Human Resources","Maureene","maureene.porty@example.com"
"Papua New Guinea","PG","Pardew, Merell","Equity Office Properties Trust","311","Pardew","555-261-5543","4804","Customer Service","Merell","merell.pardew@example.com"
"Thailand","TH","Sheets, Aldon","Pall Corp","629","Sheets","555-323-332","4805","Strategy","Aldon","aldon.sheets@example.com"
"Jersey","JE","Wyatan, Coleman","Smurfit-Stone Container Corp","767","Wyatan","555-525-9341","4806","Investing","Coleman","coleman.wyatan@example.com"
"Norfolk Island","NF","Schulman, Hamid","Marsh Supermarkets Inc.","521","Schulman","555-736-6884","4807","Operations","Hamid","hamid.schulman@example.com"
"Gibraltar","GI","Petua, Jessey","Limited Inc.","495","Petua","555-156-3880","4808","Sales","Jessey","jessey.petua@example.com"
"Uganda","UG","Vinnie, Tobias","Equitable Resources Inc.","310","Vinnie","555-475-2319","4809","Investing","Tobias","tobias.vinnie@example.com"
"Monaco","MC","Druci, Dianemarie","3Com Corp","1","Druci","555-779-4112","4810","Strategy","Dianemarie","dianemarie.druci@example.com"
"Australia","AU","Echikson, Shelby","DIMON Incorporated","264","Echikson","555-826-6603","4811","Operations","Shelby","shelby.echikson@example.com"
"Seychelles","SC","Skardol, Randee","Energizer Holdings Inc.","302","Skardol","555-859-2004","4812","Engineering","Randee","randee.skardol@example.com"
"Slovenia","SI","Conny, Ola","Encompass Services Corporation","301","Conny","555-157-8311","4813","Research and Development","Ola","ola.conny@example.com"
"Cayman Islands Cayman Islands","KY","Calabresi, Hughie","Sealed Air Corp","749","Calabresi","555-537-4985","4814","Purchasing","Hughie","hughie.calabresi@example.com"
"Ireland","IE","Phillipe, Rafaellle","VF Corporation","890","Phillipe","555-657-687","4815","Purchasing","Rafaellle","rafaellle.phillipe@example.com"
"Haiti","HT","Cornela, Eula","Hormel Foods Corp.","418","Cornela","555-542-7337","4816","Customer Service","Eula","eula.cornela@example.com"
"Brazil","BR","Augie, Ricky","Whirlpool Corporation","924","Augie","555-745-2268","4817","Legal","Ricky","ricky.augie@example.com"
"Sao Tome and Principe","ST","Lachman, Myles","Pier 1 Imports Inc.","662","Lachman","555-441-2689","4818","IT Support","Myles","myles.lachman@example.com"
"Chad","TD","Allveta, Phyllis","Felcor Lodging Trust Inc.","325","Allveta","555-422-500","4819","Customer Service","Phyllis","phyllis.allveta@example.com"
"Brazil","BR","Flagler, Hilary","American Financial Group, Inc.","58","Flagler","555-461-3982","4820","Marketing","Hilary","hilary.flagler@example.com"
"Brunei Darussalam","BN","Kinata, Kellyann","EGL Inc.","293","Kinata","555-381-7948","4821","Business Development","Kellyann","kellyann.kinata@example.com"
"Aruba","AW","Halona, Gay","Equifax Inc.","309","Halona","555-933-1383","4822","Licensing","Gay","gay.halona@example.com"
"Bulgaria","BG","Patsy, Ricoriki","Trigon Healthcare Inc.","847","Patsy","555-326-5165","4823","Strategy","Ricoriki","ricoriki.patsy@example.com"
"Jamaica","JM","Ul, Peg","North Fork Bancorporation Inc","592","Ul","555-139-8297","4824","Legal","Peg","peg.ul@example.com"
"Anguilla","AI","Lenhard, Gaspard","AOL Time Warner Inc.","76","Lenhard","555-562-8572","4825","Customer Service","Gaspard","gaspard.lenhard@example.com"
"India","IN","Dweck, Leontine","McKesson Corporation","537","Dweck","555-657-8184","4826","Strategy","Leontine","leontine.dweck@example.com"
"Ireland","IE","Mosby, Lombard","FirstEnergy Corp.","333","Mosby","555-395-9012","4827","Purchasing","Lombard","lombard.mosby@example.com"
"El Salvador","SV","Sauls, Lou","Potomac Electric Power Co.","642","Sauls","555-118-5016","4828","Customer Service","Lou","lou.sauls@example.com"
"Ukraine","UA","Turoff, Rand","Yellow Corporation","942","Turoff","555-628-960","4829","Purchasing","Rand","rand.turoff@example.com"
"Germany","DE","Saideman, Kenton","Bell Microproducts Inc.","123","Saideman","555-480-4751","4830","Sales","Kenton","kenton.saideman@example.com"
"Réunion","RE","Whallon, Leroy","RGS Energy Group Inc","718","Whallon","555-376-9568","4831","Legal","Leroy","leroy.whallon@example.com"
"Bonaire, Saint Eustatius and Saba","BQ","Sihunn, Allin","ALLETE, Inc.","40","Sihunn","555-800-3867","4832","Distribution","Allin","allin.sihunn@example.com"
"Comoros","KM","Dietsche, Isabel","Maxtor Corporation","529","Dietsche","555-406-6457","4833","Distribution","Isabel","isabel.dietsche@example.com"
"Saint Lucia","LC","Esten, Vincenty","Genuity Inc.","370","Esten","555-708-7902","4834","Customer Service","Vincenty","vincenty.esten@example.com"
"Cyprus","CY","Huff, Van","Exide Technologies","315","Huff","555-973-1104","4835","Investing","Van","van.huff@example.com"
"Democratic Republic of the Congo","CD","Kidd, Basilio","Progress Energy Inc","686","Kidd","555-893-6185","4836","Production","Basilio","basilio.kidd@example.com"
"Belarus","BY","Berry, Jacynth","Whirlpool Corporation","924","Berry","555-346-4584","4837","Insurance","Jacynth","jacynth.berry@example.com"
"Armenia","AM","Shaylah, Debi","Simon Property Group Inc","763","Shaylah","555-785-4414","4838","IT Support","Debi","debi.shaylah@example.com"
"Malaysia","MY","Mafalda, Pamella","Magellan Health Services Inc.","511","Mafalda","555-793-1781","4839","Research and Development","Pamella","pamella.mafalda@example.com"
"French Guiana","GF","Elvyn, Jacklyn","Spartan Stores Inc","779","Elvyn","555-944-5406","4840","Licensing","Jacklyn","jacklyn.elvyn@example.com"
"Laos","LA","Horowitz, Jacenta","Regions Financial Corp.","711","Horowitz","555-248-2706","4841","Strategy","Jacenta","jacenta.horowitz@example.com"
"Romania","RO","Kowtko, Christoffer","Olin Corp.","612","Kowtko","555-182-2212","4842","Distribution","Christoffer","christoffer.kowtko@example.com"
"Cyprus","CY","Falzetta, Abbie","PepsiCo Inc.","645","Falzetta","555-956-4335","4843","Marketing","Abbie","abbie.falzetta@example.com"
"Mozambique","MZ","Kelila, Major","Willamette Industries Inc.","926","Kelila","555-475-8707","4844","Research and Development","Major","major.kelila@example.com"
"British Virgin Islands","VG","Doley, Lora","Advanced Micro Devices, Inc.","17","Doley","555-624-9333","4845","Marketing","Lora","lora.doley@example.com"
"Sao Tome and Principe","ST","Leah, Hedvig","RPM Inc.","728","Leah","555-760-6674","4846","Distribution","Hedvig","hedvig.leah@example.com"
"Saint Barthélemy","BL","Sheets, Parnell","KLA-Tencor Corporation","473","Sheets","555-949-5305","4847","Customer Service","Parnell","parnell.sheets@example.com"
"Uruguay","UY","Hayman, Jody","Delphi Corp.","256","Hayman","555-994-881","4848","Investing","Jody","jody.hayman@example.com"
"Bahamas","BS","Fitzhugh, Julian","DaVita Inc.","251","Fitzhugh","555-550-5960","4849","Business Development","Julian","julian.fitzhugh@example.com"
"Puerto Rico","PR","Trula, Zacharias","Questar Corp","701","Trula","555-296-1151","4850","Business Development","Zacharias","zacharias.trula@example.com"
"Iraq","IQ","Ruthven, Celina","Henry Schein Inc.","406","Ruthven","555-143-1575","4851","Operations","Celina","celina.ruthven@example.com"
"Chile","CL","Franzoni, Valerie","International Flavors & Fragrances Inc.","443","Franzoni","555-289-6910","4852","Engineering","Valerie","valerie.franzoni@example.com"
"Liechtenstein","LI","Sanders, Raymund","Emcor Group Inc.","299","Sanders","555-565-6639","4853","Strategy","Raymund","raymund.sanders@example.com"
"Peru","PE","Sima, Normand","ALLETE, Inc.","40","Sima","555-204-5676","4854","Human Resources","Normand","normand.sima@example.com"
"Eritrea","ER","Haldas, Dean","Triad Hospitals Inc","845","Haldas","555-465-6853","4855","Licensing","Dean","dean.haldas@example.com"
"Democratic Republic of the Congo","CD","Ellerd, Karolina","Torchmark Corporation","837","Ellerd","555-684-4670","4856","Business Development","Karolina","karolina.ellerd@example.com"
"Norfolk Island","NF","Sholley, Ryon","Jones Apparel Group Inc.","460","Sholley","555-783-1070","4857","Strategy","Ryon","ryon.sholley@example.com"
"Réunion","RE","Newton, Salim","Diebold Incorporated","262","Newton","555-150-2408","4858","Customer Service","Salim","salim.newton@example.com"
"Guernsey","GG","Heilner, Ganny","GenCorp Inc.","360","Heilner","555-706-9827","4859","Customer Service","Ganny","ganny.heilner@example.com"
"Kazakhstan","KZ","Tavy, Olwen","Werner Enterprises Inc","917","Tavy","555-281-1808","4860","Marketing","Olwen","olwen.tavy@example.com"
"Slovenia","SI","Angadresma, Ruperta","Oracle Corp","618","Angadresma","555-508-7776","4861","Production","Ruperta","ruperta.angadresma@example.com"
"Faroe Islands","FO","Regina, Dewitt","Progressive Corporation","687","Regina","555-685-9332","4862","Research and Development","Dewitt","dewitt.regina@example.com"
"American Samoa","AS","Desirae, Polly","FirstEnergy Corp.","333","Desirae","555-631-8339","4863","Distribution","Polly","polly.desirae@example.com"
"Cocos (Keeling) Islands","CC","Pylle, Pamela","Hewlett-Packard Company","410","Pylle","555-876-570","4864","Distribution","Pamela","pamela.pylle@example.com"
"Bahrain","BH","Danialah, Alameda","Temple-Inland Inc","821","Danialah","555-735-640","4865","Engineering","Alameda","alameda.danialah@example.com"
"Saint Martin","MF","Stuart, Marney","MBNA Corporation","533","Stuart","555-541-5566","4866","Business Development","Marney","marney.stuart@example.com"
"Malaysia","MY","Alethea, Annamarie","TJX Companies Inc","834","Alethea","555-249-9329","4867","IT Support","Annamarie","annamarie.alethea@example.com"
"Guyana","GY","Klehm, Vinson","Sequa Corp","752","Klehm","555-734-2732","4868","Licensing","Vinson","vinson.klehm@example.com"
"Kuwait","KW","Tamis, Rena","Phillips Petroleum Co","659","Tamis","555-121-832","4869","Distribution","Rena","rena.tamis@example.com"
"Democratic Republic of the Congo","CD","Casady, Aloin","VF Corporation","890","Casady","555-472-2841","4870","Sales","Aloin","aloin.casady@example.com"
"South Georgia and the South Sandwich Island","GS","Irisa, Bea","Visteon Corporation","895","Irisa","555-624-7532","4871","Engineering","Bea","bea.irisa@example.com"
"Mexico","MX","Chong, Joell","Arkansas Best Corporation","87","Chong","555-769-405","4872","Sales","Joell","joell.chong@example.com"
"Anguilla","AI","Conal, Marje","ExxonMobil Corporation","318","Conal","555-994-7872","4873","Accounting","Marje","marje.conal@example.com"
"Hong Kong","HK","Jari, Lynnea","Service Corp. International","753","Jari","555-963-3230","4874","Legal","Lynnea","lynnea.jari@example.com"
"Bangladesh","BD","Rosenbaum, Emili","Lincoln National Corporation","496","Rosenbaum","555-194-2901","4875","Distribution","Emili","emili.rosenbaum@example.com"
"Costa Rica","CR","Jannel, Kellsie","Corn Products International Inc.","232","Jannel","555-211-4170","4876","Customer Service","Kellsie","kellsie.jannel@example.com"
"Bosnia and Herzegovina","BA","Beatrice, Laurie","WGL Holdings Inc","923","Beatrice","555-517-3747","4877","IT Support","Laurie","laurie.beatrice@example.com"
"Hungary","HU","Gussy, Georgena","Avon Products, Inc.","105","Gussy","555-888-9248","4878","Licensing","Georgena","georgena.gussy@example.com"
"United States","US","Bord, Joann","Group 1 Automotive Inc.","388","Bord","555-308-7662","4879","Distribution","Joann","joann.bord@example.com"
"Malaysia","MY","Conlan, Inge","Manor Care Inc.","514","Conlan","555-375-9834","4880","Marketing","Inge","inge.conlan@example.com"
"Mayotte","YT","Balthasar, Rita","AMC Entertainment Inc.","48","Balthasar","555-171-1051","4881","Legal","Rita","rita.balthasar@example.com"
"Fiji","FJ","Haldis, Betsy","Beverly Enterprises, Inc.","131","Haldis","555-950-6347","4882","Operations","Betsy","betsy.haldis@example.com"
"Guatemala","GT","Clyte, Mendel","GenCorp Inc.","360","Clyte","555-670-8161","4883","Distribution","Mendel","mendel.clyte@example.com"
"Belgium","BE","Marlena, Lyda","Yum Brands Inc.","944","Marlena","555-919-1575","4884","Sales","Lyda","lyda.marlena@example.com"
"Argentina","AR","Neils, Terri","GreenPoint Financial Corp.","385","Neils","555-269-5739","4885","Engineering","Terri","terri.neils@example.com"
"Qatar","QA","Galloway, Flossi","Tenneco Automotive Inc.","823","Galloway","555-853-2848","4886","Strategy","Flossi","flossi.galloway@example.com"
"Brunei Darussalam","BN","Zoi, Shelagh","Southern Company","773","Zoi","555-409-1841","4887","Insurance","Shelagh","shelagh.zoi@example.com"
"Montenegro","ME","Claiborn, Melody","Park Place Entertainment Corp","631","Claiborn","555-141-9452","4888","Strategy","Melody","melody.claiborn@example.com"
"Bosnia and Herzegovina","BA","Nadab, Florie","Great Lakes Chemical Corporation","383","Nadab","555-696-4142","4889","Accounting","Florie","florie.nadab@example.com"
"Grenada","GD","Gainor, Royal","Universal Corporation","870","Gainor","555-963-3703","4890","Accounting","Royal","royal.gainor@example.com"
"Morocco","MA","Chadd, Cyb","Progress Energy Inc","686","Chadd","555-887-6127","4891","Sales","Cyb","cyb.chadd@example.com"
"Argentina","AR","Eunice, Carlotta","Worthington Industries Inc","934","Eunice","555-119-4409","4892","Human Resources","Carlotta","carlotta.eunice@example.com"
"Serbia","RS","Andrej, Lucilia","NSTAR","598","Andrej","555-625-6830","4893","Human Resources","Lucilia","lucilia.andrej@example.com"
"Mongolia","MN","Flor, Chiquita","Staff Leasing Inc.","786","Flor","555-295-4173","4894","Human Resources","Chiquita","chiquita.flor@example.com"
"Ukraine","UA","Breed, Angela","Prudential Financial Inc.","691","Breed","555-226-5807","4895","Sales","Angela","angela.breed@example.com"
"Fiji","FJ","Taran, Kettie","Kimball International Inc.","470","Taran","555-841-960","4896","Research and Development","Kettie","kettie.taran@example.com"
"Aruba","AW","Evyn, Lazar","Wm Wrigley Jr Company","931","Evyn","555-685-4658","4897","Investing","Lazar","lazar.evyn@example.com"
"Guernsey","GG","Gorga, Rozella","CNF Inc.","202","Gorga","555-903-4735","4898","Human Resources","Rozella","rozella.gorga@example.com"
"Saint Pierre and Miquelon","PM","Arita, Sayer","Centex Corp.","176","Arita","555-115-4657","4899","Business Development","Sayer","sayer.arita@example.com"
"Réunion","RE","Hourihan, Raff","BJ Services Company","133","Hourihan","555-555-4971","4900","Sales","Raff","raff.hourihan@example.com"
"Uruguay","UY","Spark, Florinda","New Jersey Resources Corporation","580","Spark","555-783-6307","4901","IT Support","Florinda","florinda.spark@example.com"
"Namibia","NA","Berthoud, Indira","Limited Inc.","495","Berthoud","555-901-8716","4902","Strategy","Indira","indira.berthoud@example.com"
"Mexico","MX","Wheeler, Gisella","Louisiana-Pacific Corporation","503","Wheeler","555-300-3493","4903","Licensing","Gisella","gisella.wheeler@example.com"
"Moldova","MD","Daphna, Torie","E.W. Scripps Company","285","Daphna","555-882-5870","4904","Purchasing","Torie","torie.daphna@example.com"
"United States Minor Outlying Islands","UM","Arvo, Caralie","Sonic Automotive Inc.","771","Arvo","555-771-5932","4905","Research and Development","Caralie","caralie.arvo@example.com"
"Paraguay","PY","Ranzini, Susana","Tyson Foods Inc","852","Ranzini","555-494-1963","4906","Production","Susana","susana.ranzini@example.com"
"Sierra Leone","SL","Alberic, Alexandros","Principal Financial Group Inc.","683","Alberic","555-259-8354","4907","Insurance","Alexandros","alexandros.alberic@example.com"
"Eritrea","ER","Piwowar, Shalom","Golden West Financial Corporation","377","Piwowar","555-228-2032","4908","Engineering","Shalom","shalom.piwowar@example.com"
"Malaysia","MY","Laurence, Andrea","SCI Systems Onc.","744","Laurence","555-808-6596","4909","Licensing","Andrea","andrea.laurence@example.com"
"Liechtenstein","LI","Joey, Barnebas","Crane Co.","238","Joey","555-916-8230","4910","Licensing","Barnebas","barnebas.joey@example.com"
"Sint Maarten","SX","Keppel, Magda","CH2M Hill Cos. Ltd.","179","Keppel","555-955-5227","4911","Accounting","Magda","magda.keppel@example.com"
"Bangladesh","BD","Senhauser, Jarrod","Nacco Industries Inc","568","Senhauser","555-593-3142","4912","Business Development","Jarrod","jarrod.senhauser@example.com"
"Rwanda","RW","Wickham, Berry","USA Interactive","879","Wickham","555-123-8198","4913","Production","Berry","berry.wickham@example.com"
"United Arab Emirates","AE","Margherita, Rutherford","AnnTaylor Inc.","74","Margherita","555-661-3612","4914","Licensing","Rutherford","rutherford.margherita@example.com"
"India","IN","Minda, Nalani","Sunoco Inc.","805","Minda","555-728-2721","4915","Customer Service","Nalani","nalani.minda@example.com"
"State of Palestine","PS","Cut, Gabriel","Trigon Healthcare Inc.","847","Cut","555-838-7286","4916","IT Support","Gabriel","gabriel.cut@example.com"
"Tajikistan","TJ","Gabriele, Malissia","Emcor Group Inc.","299","Gabriele","555-540-1117","4917","Business Development","Malissia","malissia.gabriele@example.com"
"Mozambique","MZ","Jules, Myra","Levi Strauss & Co.","493","Jules","555-997-6183","4918","Investing","Myra","myra.jules@example.com"
"Cameroon","CM","Calista, Emmalynne","Western Gas Resources Inc","920","Calista","555-144-7777","4919","Distribution","Emmalynne","emmalynne.calista@example.com"
"Jamaica","JM","Calen, Armando","Knight-Ridder Inc.","475","Calen","555-971-4294","4920","Research and Development","Armando","armando.calen@example.com"
"Finland","FI","Orian, Cully","Standard Pacific Corp.","788","Orian","555-167-6643","4921","Marketing","Cully","cully.orian@example.com"
"Ghana","GH","Deck, Iver","Harman International Industries Inc.","395","Deck","555-824-5301","4922","Marketing","Iver","iver.deck@example.com"
"Taiwan","TW","Bahr, Barbaraanne","Banta Corporation","112","Bahr","555-715-5230","4923","Legal","Barbaraanne","barbaraanne.bahr@example.com"
"Turks and Caicos Islands","TC","Alcock, Christy","UnitedHealth Group Incorporated","868","Alcock","555-809-9806","4924","Business Development","Christy","christy.alcock@example.com"
"French Polynesia","PF","Grazia, Normy","Viad Corp","892","Grazia","555-849-842","4925","Insurance","Normy","normy.grazia@example.com"
"French Southern and Antarctic Lands","TF","Marleah, Avril","DTE Energy Co.","277","Marleah","555-358-4822","4926","Licensing","Avril","avril.marleah@example.com"
"Svalbard and Jan Mayen","SJ","Myrtia, Arne","International Paper Co.","439","Myrtia","555-122-19","4927","Licensing","Arne","arne.myrtia@example.com"
"Tonga","TO","Bertolde, Charyl","Arrow Electronics, Inc.","89","Bertolde","555-730-5906","4928","Engineering","Charyl","charyl.bertolde@example.com"
"Mauritania","MR","Ewer, Brendin","Nextel Communications Inc","584","Ewer","555-943-1124","4929","Customer Service","Brendin","brendin.ewer@example.com"
"Israel","IL","Jenn, Tymon","Devon Energy Corporation","259","Jenn","555-718-8255","4930","Sales","Tymon","tymon.jenn@example.com"
"Zimbabwe","ZW","Larrie, Magdaia","Pathmark Stores Inc.","633","Larrie","555-981-773","4931","Production","Magdaia","magdaia.larrie@example.com"
"South Korea ","KR","Roseann, Germaine","MasTec Inc.","526","Roseann","555-217-5516","4932","Production","Germaine","germaine.roseann@example.com"
"Sri Lanka","LK","Kara, Latashia","Ace Hardware Corporation","7","Kara","555-181-345","4933","Purchasing","Latashia","latashia.kara@example.com"
"Mauritania","MR","Bonnice, Perceval","Sun Microsystems Inc.","803","Bonnice","555-797-8150","4934","Human Resources","Perceval","perceval.bonnice@example.com"
"Greenland","GL","Constantino, Buffy","IDT Corporation","428","Constantino","555-834-97","4935","Human Resources","Buffy","buffy.constantino@example.com"
"Sao Tome and Principe","ST","Shushan, Merilyn","Farmland Industries Inc.","321","Shushan","555-592-7070","4936","Engineering","Merilyn","merilyn.shushan@example.com"
"Moldova","MD","Tania, Niels","Cabot Corp","159","Tania","555-629-2351","4937","Customer Service","Niels","niels.tania@example.com"
"Spain","ES","Yecies, Ofella","Supervalu Inc","807","Yecies","555-645-4981","4938","Investing","Ofella","ofella.yecies@example.com"
"Guam","GU","Richia, Hector","Lincoln National Corporation","496","Richia","555-777-6063","4939","Purchasing","Hector","hector.richia@example.com"
"Latvia","LV","Weikert, Jeane","Alcoa Inc.","35","Weikert","555-248-5146","4940","IT Support","Jeane","jeane.weikert@example.com"
"Antigua and Barbuda","AG","Japheth, Maddi","Tech Data Corporation","814","Japheth","555-695-826","4941","Licensing","Maddi","maddi.japheth@example.com"
"Lebanon","LB","LaSorella, Herman","Costco Wholesale Corp.","234","LaSorella","555-192-1030","4942","Legal","Herman","herman.lasorella@example.com"
"North Korea","KP","Hausner, Francesco","Watsco Inc","911","Hausner","555-167-3719","4943","Strategy","Francesco","francesco.hausner@example.com"
"Latvia","LV","Theall, Putnam","The Men's Wearhouse Inc.","544","Theall","555-699-8456","4944","Purchasing","Putnam","putnam.theall@example.com"
"Vatican City","VA","Femi, Corey","IMS Health Inc.","433","Femi","555-411-8299","4945","Marketing","Corey","corey.femi@example.com"
"Ecuador","EC","Helmer, Hadley","Qualcomm Inc","697","Helmer","555-276-8855","4946","Marketing","Hadley","hadley.helmer@example.com"
"Morocco","MA","Moya, Robina","Corning Inc.","233","Moya","555-834-1969","4947","IT Support","Robina","robina.moya@example.com"
"British Indian Ocean Territory","IO","Hermine, Giordano","Aquila, Inc.","83","Hermine","555-745-494","4948","Business Development","Giordano","giordano.hermine@example.com"
"Guadeloupe","GP","Crosley, Abba","OM Group Inc","613","Crosley","555-253-8732","4949","Sales","Abba","abba.crosley@example.com"
"Moldova","MD","Ladonna, Karlis","Western Gas Resources Inc","920","Ladonna","555-679-7953","4950","Strategy","Karlis","karlis.ladonna@example.com"
"Puerto Rico","PR","Raychel, Eadie","Applera Corporation","80","Raychel","555-174-8036","4951","Strategy","Eadie","eadie.raychel@example.com"
"South Africa","ZA","Jacobba, Talyah","SBC Communications Inc","740","Jacobba","555-834-4938","4952","Research and Development","Talyah","talyah.jacobba@example.com"
"Falkland Islands","FK","Athena, Ewan","Brunswick Corporation","151","Athena","555-350-6818","4953","Human Resources","Ewan","ewan.athena@example.com"
"French Guiana","GF","Hy, Shurlocke","Knight-Ridder Inc.","475","Hy","555-690-1861","4954","Legal","Shurlocke","shurlocke.hy@example.com"
"Equatorial Guinea","GQ","Undry, Bertram","MGIC Investment Corporation","552","Undry","555-602-8051","4955","Licensing","Bertram","bertram.undry@example.com"
"South Georgia and the South Sandwich Island","GS","Arleen, Christophe","Shaw Group Inc","755","Arleen","555-691-3953","4956","Marketing","Christophe","christophe.arleen@example.com"
"French Southern and Antarctic Lands","TF","Javier, Corbet","BB&T Corporation","116","Javier","555-965-9515","4957","Operations","Corbet","corbet.javier@example.com"
"Austria","AT","Onofredo, Jerad","Burlington Northern Santa Fe Corporation","155","Onofredo","555-598-4450","4958","Operations","Jerad","jerad.onofredo@example.com"
"Mongolia","MN","Hosbein, Coral","Wachovia Corporation","901","Hosbein","555-188-3215","4959","Engineering","Coral","coral.hosbein@example.com"
"Svalbard and Jan Mayen","SJ","Kenwood, Evvie","Fiserv Inc.","334","Kenwood","555-646-6742","4960","Human Resources","Evvie","evvie.kenwood@example.com"
"Malaysia","MY","Hochman, Rebbecca","Administaff, Inc.","13","Hochman","555-238-2375","4961","Purchasing","Rebbecca","rebbecca.hochman@example.com"
"Kiribati","KI","Reeher, Melina","John Hancock Financial Services Inc.","457","Reeher","555-630-2781","4962","Marketing","Melina","melina.reeher@example.com"
"Republic of the Congo","CG","Rosaleen, Pinchas","CellStar Corp.","173","Rosaleen","555-602-652","4963","Distribution","Pinchas","pinchas.rosaleen@example.com"
"Solomon Islands","SB","Cohby, Claudian","Interstate Bakeries Corporation","441","Cohby","555-531-4985","4964","IT Support","Claudian","claudian.cohby@example.com"
"Uruguay","UY","Sam, Earvin","CDI Corp.","171","Sam","555-615-3315","4965","Purchasing","Earvin","earvin.sam@example.com"
"Finland","FI","Godden, Elsey","Commercial Metals Co.","211","Godden","555-822-9210","4966","Legal","Elsey","elsey.godden@example.com"
"Papua New Guinea","PG","Florinda, Suki","Mattel Inc.","527","Florinda","555-233-374","4967","Investing","Suki","suki.florinda@example.com"
"Norway","NO","Salim, Berkley","CBRL Group Inc.","170","Salim","555-974-7730","4968","Distribution","Berkley","berkley.salim@example.com"
"Sri Lanka","LK","Nihi, Reagen","American Standard Companies Inc.","61","Nihi","555-719-4294","4969","Investing","Reagen","reagen.nihi@example.com"
"Djibouti","DJ","Edmonda, Bobby","Dun & Bradstreet Inc.","280","Edmonda","555-452-736","4970","Marketing","Bobby","bobby.edmonda@example.com"
"Guatemala","GT","Tai, Delmar","Comfort Systems USA Inc.","210","Tai","555-810-2911","4971","Human Resources","Delmar","delmar.tai@example.com"
"Rwanda","RW","Alvan, Virgie","Henry Schein Inc.","406","Alvan","555-842-8075","4972","Accounting","Virgie","virgie.alvan@example.com"
"Réunion","RE","Kat, Drusi","Temple-Inland Inc","821","Kat","555-530-3901","4973","Human Resources","Drusi","drusi.kat@example.com"
"Azerbaijan","AZ","Fraser, Mersey","USFreighways Corporation","880","Fraser","555-786-5965","4974","Legal","Mersey","mersey.fraser@example.com"
"Iran","IR","Slocum, Bartholomeo","Marriott International Inc.","519","Slocum","555-257-5502","4975","Investing","Bartholomeo","bartholomeo.slocum@example.com"
"Chile","CL","Jezabella, Jessamine","Exide Technologies","315","Jezabella","555-707-5155","4976","Business Development","Jessamine","jessamine.jezabella@example.com"
"Guinea-Bissau","GW","Theresita, Reg","Equifax Inc.","309","Theresita","555-953-9540","4977","Business Development","Reg","reg.theresita@example.com"
"Wallis and Futuna","WF","Mosby, Billy","Washington Mutual Inc","908","Mosby","555-738-320","4978","Marketing","Billy","billy.mosby@example.com"
"Monaco","MC","Hogg, Em","PETsMART Inc","652","Hogg","555-753-2498","4979","Insurance","Em","em.hogg@example.com"
"Hungary","HU","Carmen, Uta","Whirlpool Corporation","924","Carmen","555-120-3919","4980","Strategy","Uta","uta.carmen@example.com"
"Saint Kitts and Nevis","KN","Essa, Wyatt","Genuity Inc.","370","Essa","555-154-4667","4981","Engineering","Wyatt","wyatt.essa@example.com"
"Mauritania","MR","Stretch, Kylie","Kimberly-Clark Corporation","471","Stretch","555-901-4029","4982","Customer Service","Kylie","kylie.stretch@example.com"
"United Kingdom","GB","Supen, Emmalyn","Metaldyne Corporation","548","Supen","555-150-7327","4983","Human Resources","Emmalyn","emmalyn.supen@example.com"
"Nicaragua","NI","Broadbent, Cassandry","Synovus Financial Corp.","810","Broadbent","555-551-9847","4984","IT Support","Cassandry","cassandry.broadbent@example.com"
"Sierra Leone","SL","Athenian, Maddi","Burlington Coat Factory Warehouse Corporation","153","Athenian","555-340-5471","4985","Accounting","Maddi","maddi.athenian@example.com"
"Eritrea","ER","Amal, Devan","PETsMART Inc","652","Amal","555-568-9660","4986","Sales","Devan","devan.amal@example.com"
"Philippines","PH","Vergil, Giralda","Tech Data Corporation","814","Vergil","555-317-6655","4987","Accounting","Giralda","giralda.vergil@example.com"
"Luxembourg","LU","Cozza, Channa","CellStar Corp.","173","Cozza","555-587-9524","4988","Marketing","Channa","channa.cozza@example.com"
"Georgia","GE","Gilba, Morrie","AT&T Corp.","93","Gilba","555-810-4011","4989","Insurance","Morrie","morrie.gilba@example.com"
"Russia","RU","Ashraf, Karney","Ecolab Inc.","291","Ashraf","555-991-130","4990","Purchasing","Karney","karney.ashraf@example.com"
"Fiji","FJ","Libbi, Sybille","Comfort Systems USA Inc.","210","Libbi","555-425-1302","4991","Accounting","Sybille","sybille.libbi@example.com"
"Saint Lucia","LC","Ullyot, Donavon","Lexmark International Inc.","494","Ullyot","555-422-1258","4992","Accounting","Donavon","donavon.ullyot@example.com"
"Belarus","BY","Ericka, Beckie","PeopleSoft Inc","640","Ericka","555-943-2536","4993","Human Resources","Beckie","beckie.ericka@example.com"
"Montenegro","ME","Wadell, Ottilie","Sonic Automotive Inc.","771","Wadell","555-721-5860","4994","Purchasing","Ottilie","ottilie.wadell@example.com"
"South Africa","ZA","Dygert, Vasili","Harrah's Entertainment Inc.","396","Dygert","555-332-8182","4995","Business Development","Vasili","vasili.dygert@example.com"
"Honduras","HN","Medin, Marin","Tyson Foods Inc","852","Medin","555-761-9904","4996","Customer Service","Marin","marin.medin@example.com"
"Netherlands","NL","Eaves, Alfred","SPX Corp","783","Eaves","555-919-8612","4997","Research and Development","Alfred","alfred.eaves@example.com"
"Cape Verde","CV","Ceil, Andrew","The Goodyear Tire & Rubber Company","380","Ceil","555-835-1269","4998","Business Development","Andrew","andrew.ceil@example.com"
"Wallis and Futuna","WF","Helbonna, Lily","Ivax Corp.","448","Helbonna","555-703-4690","4999","Engineering","Lily","lily.helbonna@example.com"
"Russia","RU","Sami, Essie","Mail-Well Inc.","512","Sami","555-258-6672","5000","Operations","Essie","essie.sami@example.com"
